// Copyright 2026 QMK -- generated source code only, image retains original copyright
// SPDX-License-Identifier: GPL-2.0-or-later

// This file was auto-generated by `painter_convert_graphics` with arguments:
//    format | rgb888
//    output | Downloads
//    input  | cyberpunk_tft_scaled.png

// Image's metadata
// ----------------
// Width: 135
// Height: 240
// Single frame

#include <qp.h>

const uint32_t gfx_cyberpunk_tft_scaled_length = 97248;

// clang-format off
const uint8_t gfx_cyberpunk_tft_scaled[97248] = {
    0x00, 0xFF, 0x12, 0x00, 0x00, 0x51, 0x47, 0x46, 0x01, 0xE0, 0x7B, 0x01, 0x00, 0x1F, 0x84, 0xFE,
    0xFF, 0x87, 0x00, 0xF0, 0x00, 0x01, 0x00, 0x01, 0xFE, 0x04, 0x00, 0x00, 0x20, 0x00, 0x00, 0x00,
    0x02, 0xFD, 0x06, 0x00, 0x00, 0x09, 0x00, 0x00, 0xFF, 0xE8, 0x03, 0x05, 0xFA, 0xB0, 0x7B, 0x01,
    0x0C, 0x0A, 0x15, 0x0C, 0x0A, 0x15, 0x0C, 0x0A, 0x15, 0x0C, 0x0A, 0x15, 0x0C, 0x0A, 0x15, 0x0C,
    0x0A, 0x15, 0x0C, 0x0A, 0x15, 0x0C, 0x0A, 0x15, 0x0C, 0x0A, 0x15, 0x0C, 0x0A, 0x15, 0x0C, 0x0A,
    0x15, 0x0C, 0x0A, 0x15, 0x0C, 0x0A, 0x15, 0x0C, 0x0A, 0x15, 0x0D, 0x0A, 0x15, 0x0C, 0x0A, 0x15,
    0x0D, 0x0A, 0x15, 0x0E, 0x0A, 0x15, 0x0C, 0x0A, 0x15, 0x0C, 0x0A, 0x15, 0x6A, 0x2A, 0x39, 0x41,
    0x19, 0x26, 0x0D, 0x0A, 0x15, 0x0C, 0x0A, 0x15, 0x67, 0x28, 0x38, 0x47, 0x1C, 0x28, 0x65, 0x28,
    0x37, 0x49, 0x1D, 0x2A, 0x63, 0x27, 0x36, 0x4C, 0x1E, 0x2B, 0x0D, 0x0A, 0x15, 0x0D, 0x0A, 0x15,
    0x60, 0x25, 0x34, 0x50, 0x1F, 0x2D, 0x50, 0x1F, 0x2D, 0x60, 0x26, 0x34, 0x0D, 0x0A, 0x15, 0x4D,
    0x1E, 0x2B, 0x79, 0x30, 0x41, 0x79, 0x30, 0x41, 0x79, 0x30, 0x41, 0x65, 0x28, 0x37, 0x46, 0x1B,
    0x28, 0x79, 0x30, 0x41, 0x95, 0x4F, 0x69, 0xC9, 0x7D, 0xA4, 0xC9, 0x7D, 0xA4, 0xC9, 0x7D, 0xA4,
    0xC9, 0x7D, 0xA4, 0xC9, 0x7D, 0xA4, 0xC9, 0x7D, 0xA4, 0xC9, 0x7D, 0xA4, 0xC9, 0x7D, 0xA4, 0xC9,
    0x7D, 0xA4, 0xC9, 0x7D, 0xA4, 0xC9, 0x7D, 0xA4, 0xCD, 0x89, 0xA8, 0xDF, 0xBD, 0xBF, 0xC9, 0x7D,
    0xA4, 0xC9, 0x7D, 0xA4, 0xC9, 0x7D, 0xA4, 0xCB, 0x83, 0xA6, 0xE2, 0xC4, 0xC2, 0xE1, 0xC2, 0xC1,
    0xCA, 0x7F, 0xA5, 0xE2, 0xC4, 0xC2, 0xE2, 0xC3, 0xC2, 0xC9, 0x7E, 0xA4, 0xC9, 0x7D, 0xA4, 0xE2,
    0xC3, 0xC1, 0xE2, 0xC4, 0xC2, 0xCA, 0x80, 0xA5, 0xE1, 0xC1, 0xC1, 0xE2, 0xC4, 0xC2, 0xCB, 0x85,
    0xA7, 0xC9, 0x7D, 0xA4, 0xE0, 0xBE, 0xBF, 0xE2, 0xC4, 0xC2, 0xCD, 0x89, 0xA8, 0xC9, 0x7D, 0xA4,
    0xDE, 0xBB, 0xBE, 0xE2, 0xC4, 0xC2, 0xCE, 0x8E, 0xAA, 0xDD, 0xB9, 0xBD, 0xCE, 0x8F, 0xAB, 0xC9,
    0x7D, 0xA4, 0xDD, 0xB7, 0xBC, 0xCF, 0x92, 0xAC, 0xC9, 0x7D, 0xA4, 0xC9, 0x7D, 0xA4, 0xC9, 0x7D,
    0xA4, 0xC9, 0x7D, 0xA4, 0xC9, 0x7D, 0xA4, 0xC9, 0x7D, 0xA4, 0xC9, 0x7D, 0xA4, 0xC9, 0x7D, 0xA4,
    0xC9, 0x7D, 0xA4, 0x9D, 0x57, 0x73, 0x4E, 0x1F, 0x2C, 0xA1, 0x63, 0x83, 0xA0, 0x59, 0x76, 0x5F,
    0x25, 0x34, 0x4F, 0x1F, 0x2C, 0x79, 0x30, 0x41, 0x61, 0x26, 0x35, 0x0D, 0x0A, 0x15, 0x0D, 0x0A,
    0x15, 0x49, 0x1D, 0x2A, 0x79, 0x30, 0x41, 0x66, 0x28, 0x37, 0x0D, 0x0A, 0x15, 0x44, 0x1B, 0x27,
    0x68, 0x29, 0x39, 0x41, 0x19, 0x26, 0x6A, 0x2A, 0x3A, 0x0C, 0x0A, 0x15, 0x0E, 0x0A, 0x15, 0x3B,
    0x17, 0x23, 0x6D, 0x2B, 0x3B, 0x0C, 0x0A, 0x15, 0x0C, 0x0A, 0x15, 0x0E, 0x0A, 0x15, 0x0C, 0x0A,
    0x15, 0x0C, 0x0A, 0x15, 0x0C, 0x0A, 0x15, 0x0C, 0x0A, 0x15, 0x0E, 0x0A, 0x15, 0x0E, 0x0A, 0x15,
    0x0C, 0x0A, 0x15, 0x0C, 0x0A, 0x15, 0x0C, 0x0A, 0x15, 0x0C, 0x0A, 0x15, 0x0C, 0x0A, 0x15, 0x0C,
    0x0A, 0x15, 0x0C, 0x0A, 0x15, 0x0C, 0x0A, 0x15, 0x0C, 0x0A, 0x15, 0x0C, 0x0A, 0x15, 0x0C, 0x0A,
    0x15, 0x0C, 0x0A, 0x15, 0x0C, 0x0A, 0x15, 0x0C, 0x0A, 0x15, 0x0C, 0x0A, 0x15, 0x0C, 0x0A, 0x15,
    0x0C, 0x0A, 0x15, 0x0C, 0x0A, 0x15, 0x0C, 0x0A, 0x15, 0x0C, 0x0A, 0x15, 0x0C, 0x0A, 0x15, 0x6E,
    0x2B, 0x3B, 0x37, 0x16, 0x22, 0x6C, 0x2B, 0x3B, 0x78, 0x30, 0x41, 0x3C, 0x17, 0x24, 0x0C, 0x0A,
    0x15, 0x12, 0x0B, 0x16, 0x69, 0x29, 0x39, 0x42, 0x1A, 0x26, 0x0C, 0x0A, 0x15, 0x11, 0x0B, 0x16,
    0x0F, 0x0A, 0x15, 0x11, 0x0B, 0x16, 0x64, 0x27, 0x36, 0x4B, 0x1D, 0x2B, 0x62, 0x26, 0x35, 0x4D,
    0x1E, 0x2B, 0x60, 0x26, 0x34, 0x50, 0x1F, 0x2D, 0x5F, 0x25, 0x34, 0x5F, 0x25, 0x34, 0x11, 0x0B,
    0x16, 0x4D, 0x1E, 0x2B, 0x61, 0x26, 0x35, 0x13, 0x0B, 0x16, 0x13, 0x0B, 0x16, 0x4A, 0x1D, 0x2A,
    0x65, 0x28, 0x37, 0x46, 0x1B, 0x28, 0x79, 0x30, 0x41, 0x95, 0x4F, 0x69, 0xC9, 0x7D, 0xA4, 0xB9,
    0x70, 0x93, 0x93, 0x4D, 0x66, 0xC9, 0x7D, 0xA4, 0xC9, 0x7D, 0xA4, 0xC9, 0x7D, 0xA4, 0xC9, 0x7D,
    0xA4, 0xC9, 0x7D, 0xA4, 0xC9, 0x7D, 0xA4, 0xC9, 0x7D, 0xA4, 0xC9, 0x7D, 0xA4, 0xC9, 0x7D, 0xA4,
    0xC9, 0x7E, 0xA4, 0xCC, 0x87, 0xA7, 0xE0, 0xBE, 0xBF, 0xCB, 0x84, 0xA6, 0xE0, 0xC0, 0xC0, 0xC9,
    0x7E, 0xA4, 0xC9, 0x7E, 0xA5, 0xC9, 0x7D, 0xA4, 0xCA, 0x80, 0xA5, 0xE2, 0xC3, 0xC2, 0xC9, 0x7E,
    0xA4, 0xC9, 0x7D, 0xA4, 0xE2, 0xC3, 0xC2, 0xCA, 0x81, 0xA5, 0xC9, 0x7D, 0xA4, 0xC9, 0x7E, 0xA4,
    0xE1, 0xC1, 0xC0, 0xE2, 0xC3, 0xC2, 0xCB, 0x85, 0xA7, 0xE0, 0xBE, 0xBF, 0xCD, 0x89, 0xA8, 0xC9,
    0x7D, 0xA4, 0xC9, 0x7D, 0xA4, 0xC9, 0x7E, 0xA4, 0xC9, 0x7F, 0xA5, 0xC9, 0x7D, 0xA4, 0xC9, 0x7E,
    0xA4, 0xC9, 0x7D, 0xA4, 0xC9, 0x7D, 0xA4, 0xC9, 0x7E, 0xA4, 0xC9, 0x7D, 0xA4, 0xC9, 0x7D, 0xA4,
    0xC9, 0x7D, 0xA4, 0xC9, 0x7D, 0xA4, 0xC9, 0x7D, 0xA4, 0xC9, 0x7D, 0xA4, 0xC9, 0x7D, 0xA4, 0x9B,
    0x55, 0x70, 0xB3, 0x6A, 0x8C, 0x9D, 0x57, 0x73, 0x7A, 0x31, 0x42, 0xAF, 0x67, 0x88, 0x85, 0x52,
    0x6D, 0x61, 0x27, 0x36, 0x79, 0x30, 0x41, 0x5F, 0x25, 0x34, 0x4F, 0x1F, 0x2C, 0x61, 0x26, 0x35,
    0x4B, 0x1D, 0x2B, 0x62, 0x27, 0x36, 0x49, 0x1D, 0x2A, 0x65, 0x28, 0x37, 0x11, 0x0B, 0x16, 0x45,
    0x1B, 0x28, 0x67, 0x29, 0x38, 0x43, 0x1A, 0x27, 0x78, 0x30, 0x41, 0x6A, 0x2A, 0x3A, 0x3D, 0x18,
    0x24, 0x78, 0x30, 0x41, 0x78, 0x30, 0x41, 0x6D, 0x2B, 0x3B, 0x0C, 0x0A, 0x15, 0x36, 0x15, 0x21,
    0x6F, 0x2C, 0x3C, 0x0C, 0x0A, 0x15, 0x0C, 0x0A, 0x15, 0x0C, 0x0A, 0x15, 0x2B, 0x12, 0x1D, 0x78,
    0x30, 0x41, 0x73, 0x2E, 0x3E, 0x0A, 0x0A, 0x15, 0x0C, 0x0A, 0x15, 0x0C, 0x0A, 0x15, 0x0C, 0x0A,
    0x15, 0x0C, 0x0A, 0x15, 0x0C, 0x0A, 0x15, 0x0C, 0x0A, 0x15, 0x0C, 0x0A, 0x15, 0x0C, 0x0A, 0x15,
    0x0C, 0x0A, 0x15, 0x0C, 0x0A, 0x15, 0x0C, 0x0A, 0x15, 0x0C, 0x0A, 0x15, 0x0C, 0x0A, 0x15, 0x0C,
    0x0A, 0x15, 0x0C, 0x0A, 0x15, 0x0C, 0x0A, 0x15, 0x0C, 0x0A, 0x15, 0x0C, 0x0A, 0x15, 0x0C, 0x0A,
    0x15, 0x0C, 0x0A, 0x15, 0x15, 0x0C, 0x17, 0x0E, 0x0A, 0x15, 0x15, 0x0C, 0x17, 0x17, 0x0C, 0x17,
    0x0F, 0x0A, 0x15, 0x6A, 0x2A, 0x39, 0x3F, 0x19, 0x25, 0x14, 0x0B, 0x16, 0x68, 0x29, 0x38, 0x78,
    0x2F, 0x40, 0x44, 0x1B, 0x27, 0x0C, 0x0A, 0x15, 0x0B, 0x0A, 0x15, 0x64, 0x27, 0x36, 0x78, 0x30,
    0x41, 0x79, 0x30, 0x41, 0x78, 0x30, 0x41, 0x78, 0x30, 0x41, 0x78, 0x30, 0x41, 0x79, 0x30, 0x41,
    0x79, 0x30, 0x41, 0x78, 0x2F, 0x40, 0x78, 0x30, 0x41, 0x62, 0x26, 0x35, 0x4A, 0x1D, 0x2A, 0x78,
    0x2F, 0x40, 0x78, 0x30, 0x41, 0x79, 0x30, 0x41, 0x78, 0x30, 0x41, 0x79, 0x30, 0x41, 0xA0, 0x74,
    0x78, 0xDB, 0xB3, 0xBA, 0xB9, 0x6F, 0x93, 0x91, 0x4C, 0x65, 0xC9, 0x7D, 0xA4, 0xC9, 0x7D, 0xA4,
    0xC9, 0x7D, 0xA4, 0xC9, 0x7D, 0xA4, 0xC9, 0x7D, 0xA4, 0xCD, 0x8C, 0xAA, 0xDE, 0xBA, 0xBD, 0xC9,
    0x7D, 0xA4, 0xC9, 0x7D, 0xA4, 0xC9, 0x7D, 0xA4, 0xC9, 0x7D, 0xA4, 0xCA, 0x7F, 0xA5, 0xC9, 0x7D,
    0xA4, 0xCA, 0x7F, 0xA5, 0xC9, 0x7D, 0xA4, 0xCA, 0x81, 0xA5, 0xE1, 0xC1, 0xC1, 0xC9, 0x7D, 0xA4,
    0xCA, 0x7F, 0xA5, 0xC9, 0x7D, 0xA4, 0xE1, 0xC2, 0xC1, 0xE2, 0xC4, 0xC2, 0xCA, 0x7F, 0xA5, 0xE1,
    0xC1, 0xC0, 0xCA, 0x81, 0xA6, 0xCA, 0x7F, 0xA5, 0xCA, 0x7F, 0xA5, 0xC9, 0x7D, 0xA4, 0xCA, 0x7F,
    0xA5, 0xDF, 0xBC, 0xBE, 0xE1, 0xC3, 0xC1, 0xCD, 0x8A, 0xA9, 0xDE, 0xBA, 0xBD, 0xE1, 0xC3, 0xC1,
    0xCE, 0x8D, 0xAA, 0xC9, 0x7D, 0xA4, 0xDD, 0xB7, 0xBC, 0xE1, 0xC3, 0xC1, 0xE1, 0xC3, 0xC1, 0xCF,
    0x92, 0xAC, 0xC9, 0x7D, 0xA4, 0xC9, 0x7D, 0xA4, 0xC9, 0x7D, 0xA4, 0xC9, 0x7D, 0xA4, 0xC9, 0x7D,
    0xA4, 0xC9, 0x7D, 0xA4, 0xC8, 0x7C, 0xA3, 0xD9, 0xAE, 0xB7, 0xD1, 0x9A, 0xAE, 0x9C, 0x56, 0x72,
    0x7B, 0x32, 0x44, 0x79, 0x31, 0x43, 0x50, 0x1F, 0x2D, 0x16, 0x0C, 0x17, 0x50, 0x1F, 0x2D, 0x78,
    0x30, 0x41, 0x61, 0x26, 0x35, 0x4C, 0x1E, 0x2B, 0x63, 0x27, 0x36, 0x49, 0x1D, 0x2A, 0x79, 0x30,
    0x41, 0x65, 0x28, 0x37, 0x0F, 0x0A, 0x15, 0x14, 0x0C, 0x17, 0x42, 0x1A, 0x26, 0x6A, 0x29, 0x39,
    0x41, 0x19, 0x26, 0x6A, 0x2A, 0x3A, 0x3E, 0x18, 0x25, 0x6D, 0x2B, 0x3B, 0x3B, 0x17, 0x24, 0x6D,
    0x2B, 0x3B, 0x0E, 0x0A, 0x15, 0x15, 0x0C, 0x17, 0x0B, 0x0A, 0x15, 0x0C, 0x0A, 0x15, 0x0C, 0x0A,
    0x15, 0x0D, 0x0A, 0x15, 0x2D, 0x12, 0x1E, 0x75, 0x2E, 0x3F, 0x0A, 0x0A, 0x15, 0x0C, 0x0A, 0x15,
    0x0C, 0x0A, 0x15, 0x0C, 0x0A, 0x15, 0x0C, 0x0A, 0x15, 0x0C, 0x0A, 0x15, 0x0C, 0x0A, 0x15, 0x0C,
    0x0A, 0x15, 0x0C, 0x0A, 0x15, 0x0C, 0x0A, 0x15, 0x0C, 0x0A, 0x15, 0x0C, 0x0A, 0x15, 0x0C, 0x0A,
    0x15, 0x0C, 0x0A, 0x15, 0x0C, 0x0A, 0x15, 0x0C, 0x0A, 0x15, 0x0C, 0x0A, 0x15, 0x0C, 0x0A, 0x15,
    0x0C, 0x0A, 0x15, 0x0C, 0x0A, 0x15, 0x0C, 0x0A, 0x15, 0x0A, 0x0A, 0x15, 0x0C, 0x0A, 0x15, 0x0A,
    0x0A, 0x15, 0x0A, 0x0A, 0x15, 0x0C, 0x0A, 0x15, 0x17, 0x0C, 0x17, 0x0F, 0x0A, 0x15, 0x68, 0x29,
    0x38, 0x44, 0x1B, 0x27, 0x19, 0x0D, 0x18, 0x66, 0x28, 0x37, 0x46, 0x1B, 0x28, 0x63, 0x27, 0x36,
    0x78, 0x30, 0x41, 0x4D, 0x1E, 0x2B, 0x63, 0x27, 0x36, 0x79, 0x30, 0x41, 0x79, 0x30, 0x41, 0x79,
    0x30, 0x41, 0x52, 0x20, 0x2E, 0x19, 0x0D, 0x18, 0x51, 0x20, 0x2D, 0x79, 0x30, 0x41, 0x78, 0x30,
    0x41, 0x78, 0x2F, 0x40, 0x79, 0x30, 0x41, 0x65, 0x28, 0x37, 0x4A, 0x1D, 0x2A, 0x79, 0x30, 0x41,
    0x79, 0x30, 0x41, 0x96, 0x51, 0x6A, 0xCA, 0x80, 0xA5, 0xC8, 0x7D, 0xA3, 0xC7, 0x7C, 0xA2, 0xC9,
    0x7D, 0xA4, 0xC9, 0x7D, 0xA4, 0xC9, 0x7D, 0xA4, 0xC9, 0x7D, 0xA4, 0xC9, 0x7D, 0xA4, 0xC9, 0x7E,
    0xA4, 0xCA, 0x80, 0xA5, 0xC9, 0x7D, 0xA4, 0xCC, 0x89, 0xA8, 0xDF, 0xBC, 0xBE, 0xCC, 0x86, 0xA7,
    0xDF, 0xBD, 0xBF, 0xCB, 0x83, 0xA6, 0xE1, 0xC2, 0xC1, 0xE0, 0xBF, 0xC0, 0xC9, 0x7C, 0xA4, 0xCB,
    0x83, 0xA6, 0xE1, 0xC1, 0xC1, 0xC9, 0x7E, 0xA4, 0xE1, 0xC2, 0xC1, 0xE2, 0xC4, 0xC2, 0xCA, 0x82,
    0xA6, 0xC9, 0x7D, 0xA4, 0xE1, 0xC2, 0xC1, 0xE1, 0xC2, 0xC1, 0xE1, 0xC2, 0xC1, 0xE1, 0xC2, 0xC1,
    0xE1, 0xC2, 0xC1, 0xCC, 0x86, 0xA7, 0xCA, 0x80, 0xA5, 0xDF, 0xBD, 0xBF, 0xCD, 0x8A, 0xA9, 0xCA,
    0x80, 0xA5, 0xDE, 0xBB, 0xBE, 0xCE, 0x8E, 0xAA, 0xDD, 0xB7, 0xBC, 0xCF, 0x91, 0xAB, 0xCA, 0x80,
    0xA5, 0xCA, 0x80, 0xA5, 0xC9, 0x7E, 0xA4, 0xC9, 0x7D, 0xA4, 0xDB, 0xB3, 0xBA, 0xD0, 0x95, 0xAD,
    0xC9, 0x7D, 0xA4, 0xC9, 0x7D, 0xA4, 0xC9, 0x7D, 0xA4, 0xC9, 0x7D, 0xA4, 0xCA, 0x7F, 0xA5, 0xD9,
    0xAE, 0xB8, 0xD1, 0x9B, 0xAE, 0x9D, 0x57, 0x73, 0x79, 0x30, 0x41, 0x78, 0x2F, 0x40, 0x77, 0x2F,
    0x40, 0x78, 0x2F, 0x40, 0x79, 0x30, 0x41, 0x78, 0x30, 0x41, 0x61, 0x26, 0x35, 0x4C, 0x1D, 0x2B,
    0x78, 0x2F, 0x40, 0x66, 0x28, 0x37, 0x48, 0x1C, 0x29, 0x65, 0x28, 0x37, 0x0A, 0x09, 0x14, 0x6E,
    0x43, 0x5A, 0xAE, 0x6B, 0x8E, 0x10, 0x0B, 0x16, 0x40, 0x19, 0x26, 0x6B, 0x2A, 0x3A, 0x18, 0x0C,
    0x17, 0x0E, 0x0A, 0x15, 0x17, 0x0C, 0x17, 0x0C, 0x0A, 0x15, 0x33, 0x15, 0x20, 0x6E, 0x2C, 0x3C,
    0x0C, 0x0A, 0x15, 0x0C, 0x0A, 0x15, 0x2B, 0x12, 0x1D, 0x72, 0x2D, 0x3D, 0x19, 0x0D, 0x18, 0x0C,
    0x0A, 0x15, 0x0C, 0x0A, 0x15, 0x0A, 0x0A, 0x15, 0x0C, 0x0A, 0x15, 0x0C, 0x0A, 0x15, 0x0C, 0x0A,
    0x15, 0x0C, 0x0A, 0x15, 0x0C, 0x0A, 0x15, 0x0C, 0x0A, 0x15, 0x0C, 0x0A, 0x15, 0x0C, 0x0A, 0x15,
    0x0C, 0x0A, 0x15, 0x0C, 0x0A, 0x15, 0x0C, 0x0A, 0x15, 0x0C, 0x0A, 0x15, 0x0C, 0x0A, 0x15, 0x0C,
    0x0A, 0x15, 0x0C, 0x0A, 0x15, 0x0C, 0x0A, 0x15, 0x0C, 0x0A, 0x15, 0x0C, 0x0A, 0x15, 0x6C, 0x2B,
    0x3A, 0x36, 0x16, 0x22, 0x6B, 0x2A, 0x3A, 0x76, 0x2F, 0x40, 0x3A, 0x17, 0x23, 0x68, 0x29, 0x39,
    0x76, 0x2F, 0x40, 0x44, 0x1A, 0x27, 0x67, 0x28, 0x38, 0x76, 0x2F, 0x40, 0x47, 0x1C, 0x29, 0x12,
    0x0B, 0x16, 0x65, 0x28, 0x37, 0x4D, 0x1E, 0x2B, 0x62, 0x26, 0x35, 0x78, 0x30, 0x41, 0x50, 0x1F,
    0x2D, 0x62, 0x26, 0x35, 0x79, 0x30, 0x41, 0x77, 0x2F, 0x40, 0x76, 0x2F, 0x40, 0x5F, 0x25, 0x34,
    0x51, 0x1F, 0x2D, 0x79, 0x30, 0x41, 0x79, 0x30, 0x41, 0x79, 0x30, 0x41, 0x78, 0x30, 0x41, 0x77,
    0x2F, 0x40, 0x79, 0x30, 0x41, 0x79, 0x30, 0x41, 0x7B, 0x32, 0x44, 0x97, 0x51, 0x6C, 0xC9, 0x7D,
    0xA4, 0xC9, 0x7D, 0xA4, 0xC9, 0x7D, 0xA4, 0xC9, 0x7D, 0xA4, 0xC9, 0x7D, 0xA4, 0xC9, 0x7D, 0xA4,
    0xC9, 0x7D, 0xA4, 0xC9, 0x7D, 0xA4, 0xC9, 0x7D, 0xA4, 0xCD, 0x8A, 0xA9, 0xDE, 0xBB, 0xBD, 0xCD,
    0x8B, 0xA9, 0xE1, 0xC2, 0xC1, 0xE2, 0xC4, 0xC2, 0xDF, 0xBE, 0xBF, 0xCA, 0x81, 0xA6, 0xCB, 0x86,
    0xA7, 0xE1, 0xC2, 0xC1, 0xE0, 0xC0, 0xC0, 0xCB, 0x83, 0xA6, 0xE1, 0xC1, 0xC0, 0xCA, 0x82, 0xA6,
    0xCA, 0x82, 0xA6, 0xE0, 0xC0, 0xC0, 0xCA, 0x7F, 0xA5, 0xCA, 0x81, 0xA5, 0xE1, 0xC2, 0xC1, 0xCC,
    0x87, 0xA7, 0xE0, 0xC0, 0xC0, 0xE2, 0xC4, 0xC2, 0xCC, 0x86, 0xA7, 0xDE, 0xBB, 0xBE, 0xCD, 0x8C,
    0xA9, 0xDE, 0xBA, 0xBD, 0xCD, 0x8B, 0xA9, 0xCA, 0x81, 0xA5, 0xC9, 0x7E, 0xA4, 0xCA, 0x81, 0xA5,
    0xC9, 0x7E, 0xA4, 0xDC, 0xB5, 0xBB, 0xCF, 0x90, 0xAB, 0xC9, 0x7D, 0xA4, 0xC9, 0x7D, 0xA4, 0xCA,
    0x80, 0xA5, 0xC9, 0x7E, 0xA4, 0xDA, 0xB1, 0xB9, 0xD1, 0x96, 0xAD, 0xC9, 0x7D, 0xA4, 0xC9, 0x7D,
    0xA4, 0xC9, 0x7D, 0xA4, 0xCA, 0x80, 0xA5, 0xA0, 0x5C, 0x77, 0x7B, 0x33, 0x45, 0x79, 0x30, 0x41,
    0x79, 0x30, 0x41, 0x79, 0x30, 0x41, 0x79, 0x30, 0x41, 0x79, 0x30, 0x41, 0x79, 0x30, 0x41, 0x78,
    0x30, 0x41, 0x77, 0x2F, 0x40, 0x79, 0x30, 0x41, 0x78, 0x30, 0x41, 0x77, 0x2F, 0x40, 0x67, 0x28,
    0x38, 0x70, 0x44, 0x5C, 0xB5, 0x6D, 0x8F, 0x6F, 0x30, 0x41, 0x3E, 0x18, 0x25, 0x69, 0x29, 0x39,
    0x1A, 0x0D, 0x18, 0x39, 0x16, 0x23, 0x76, 0x2F, 0x40, 0x6B, 0x2A, 0x3A, 0x0C, 0x0A, 0x15, 0x10,
    0x0B, 0x16, 0x1C, 0x0D, 0x18, 0x0A, 0x0A, 0x15, 0x0C, 0x0A, 0x15, 0x2B, 0x12, 0x1D, 0x74, 0x2E,
    0x3E, 0x0A, 0x0A, 0x15, 0x0C, 0x0A, 0x15, 0x1F, 0x0E, 0x19, 0x74, 0x2E, 0x3F, 0x0A, 0x0A, 0x15,
    0x0A, 0x0A, 0x15, 0x0C, 0x0A, 0x15, 0x0C, 0x0A, 0x15, 0x0C, 0x0A, 0x15, 0x0C, 0x0A, 0x15, 0x0C,
    0x0A, 0x15, 0x0C, 0x0A, 0x15, 0x0C, 0x0A, 0x15, 0x0C, 0x0A, 0x15, 0x0C, 0x0A, 0x15, 0x0C, 0x0A,
    0x15, 0x0C, 0x0A, 0x15, 0x0C, 0x0A, 0x15, 0x0C, 0x0A, 0x15, 0x0C, 0x0A, 0x15, 0x0C, 0x0A, 0x15,
    0x0C, 0x0A, 0x15, 0x6F, 0x2C, 0x3C, 0x38, 0x16, 0x22, 0x1E, 0x0E, 0x19, 0x22, 0x0F, 0x1A, 0x6A,
    0x2A, 0x39, 0x78, 0x30, 0x41, 0x45, 0x1B, 0x28, 0x13, 0x0B, 0x16, 0x68, 0x29, 0x39, 0x79, 0x30,
    0x41, 0x45, 0x1B, 0x28, 0x63, 0x27, 0x36, 0x78, 0x30, 0x41, 0x49, 0x1D, 0x2A, 0x63, 0x27, 0x36,
    0x50, 0x1F, 0x2D, 0x60, 0x26, 0x35, 0x4F, 0x1F, 0x2D, 0x61, 0x26, 0x35, 0x79, 0x30, 0x41, 0x79,
    0x30, 0x41, 0x60, 0x26, 0x35, 0x4E, 0x1E, 0x2C, 0x79, 0x30, 0x41, 0x79, 0x30, 0x41, 0x79, 0x30,
    0x41, 0x79, 0x30, 0x41, 0x79, 0x30, 0x41, 0x79, 0x30, 0x41, 0x79, 0x30, 0x41, 0x79, 0x30, 0x41,
    0x7B, 0x32, 0x44, 0x80, 0x39, 0x4C, 0x96, 0x50, 0x6A, 0xC9, 0x7D, 0xA4, 0xC9, 0x7D, 0xA4, 0xC9,
    0x7D, 0xA4, 0xC9, 0x7D, 0xA4, 0xC9, 0x7D, 0xA4, 0xC9, 0x7D, 0xA4, 0xC9, 0x7D, 0xA4, 0xC9, 0x7E,
    0xA4, 0xCB, 0x82, 0xA6, 0xC9, 0x7E, 0xA4, 0xCB, 0x83, 0xA6, 0xCB, 0x83, 0xA6, 0xCB, 0x83, 0xA6,
    0xCA, 0x82, 0xA6, 0xE0, 0xBE, 0xBF, 0xCC, 0x86, 0xA7, 0xE2, 0xC3, 0xC1, 0xC9, 0x7E, 0xA4, 0xE2,
    0xC4, 0xC2, 0xE1, 0xC1, 0xC0, 0xE1, 0xC1, 0xC0, 0xE2, 0xC4, 0xC2, 0xE1, 0xC1, 0xC0, 0xCA, 0x80,
    0xA5, 0xCB, 0x83, 0xA6, 0xDF, 0xBD, 0xBF, 0xCC, 0x89, 0xA8, 0xCB, 0x83, 0xA6, 0xDE, 0xBB, 0xBE,
    0xCD, 0x8C, 0xAA, 0xDE, 0xBA, 0xBD, 0xE2, 0xC4, 0xC2, 0xE1, 0xC1, 0xC1, 0xCD, 0x8C, 0xA9, 0xDC,
    0xB7, 0xBC, 0xE1, 0xC0, 0xC0, 0xCE, 0x8E, 0xAA, 0xCA, 0x82, 0xA6, 0xC9, 0x7E, 0xA4, 0xC9, 0x7D,
    0xA4, 0xDB, 0xB3, 0xBA, 0xD0, 0x93, 0xAC, 0xC9, 0x7D, 0xA4, 0xCA, 0x81, 0xA6, 0xCA, 0x7F, 0xA5,
    0xC9, 0x7D, 0xA4, 0xC9, 0x7D, 0xA4, 0xC9, 0x7D, 0xA4, 0xC9, 0x7D, 0xA4, 0x9D, 0x57, 0x73, 0x79,
    0x30, 0x41, 0x79, 0x30, 0x41, 0x79, 0x30, 0x41, 0x9E, 0x58, 0x74, 0xAC, 0x64, 0x84, 0x79, 0x30,
    0x41, 0x63, 0x27, 0x36, 0x50, 0x1F, 0x2D, 0x79, 0x30, 0x41, 0x79, 0x30, 0x41, 0x79, 0x30, 0x41,
    0x79, 0x30, 0x41, 0x67, 0x28, 0x38, 0x48, 0x1F, 0x2D, 0x70, 0x31, 0x43, 0x1E, 0x0E, 0x19, 0x3F,
    0x19, 0x25, 0x78, 0x30, 0x41, 0x75, 0x2E, 0x3F, 0x6A, 0x2A, 0x3A, 0x40, 0x19, 0x25, 0x6E, 0x2B,
    0x3B, 0x0C, 0x0A, 0x15, 0x0C, 0x0A, 0x15, 0x31, 0x14, 0x1F, 0x6E, 0x2B, 0x3B, 0x2C, 0x12, 0x1E,
    0x70, 0x2C, 0x3C, 0x20, 0x0E, 0x1A, 0x0C, 0x0A, 0x15, 0x0C, 0x0A, 0x15, 0x0E, 0x0A, 0x15, 0x21,
    0x0F, 0x1A, 0x18, 0x0C, 0x18, 0x74, 0x2E, 0x3F, 0x0C, 0x0A, 0x15, 0x0C, 0x0A, 0x15, 0x0C, 0x0A,
    0x15, 0x0C, 0x0A, 0x15, 0x0C, 0x0A, 0x15, 0x0C, 0x0A, 0x15, 0x0C, 0x0A, 0x15, 0x0C, 0x0A, 0x15,
    0x0C, 0x0A, 0x15, 0x0C, 0x0A, 0x15, 0x0C, 0x0A, 0x15, 0x0C, 0x0A, 0x15, 0x0C, 0x0A, 0x15, 0x0B,
    0x0A, 0x15, 0x0C, 0x0A, 0x15, 0x0C, 0x0A, 0x15, 0x22, 0x0F, 0x1A, 0x13, 0x0B, 0x16, 0x69, 0x29,
    0x39, 0x38, 0x16, 0x22, 0x21, 0x0F, 0x1A, 0x6C, 0x2B, 0x3B, 0x3F, 0x19, 0x25, 0x66, 0x28, 0x37,
    0x78, 0x30, 0x40, 0x4A, 0x1D, 0x2A, 0x16, 0x0C, 0x17, 0x1F, 0x0E, 0x19, 0x25, 0x10, 0x1B, 0x62,
    0x27, 0x36, 0x4D, 0x1E, 0x2B, 0x61, 0x26, 0x35, 0x4F, 0x1F, 0x2C, 0x5F, 0x25, 0x34, 0x77, 0x2F,
    0x40, 0x79, 0x30, 0x41, 0x62, 0x26, 0x35, 0x50, 0x1F, 0x2D, 0x5F, 0x25, 0x34, 0x51, 0x20, 0x2D,
    0x65, 0x28, 0x37, 0x4F, 0x1F, 0x2C, 0x79, 0x30, 0x41, 0x79, 0x30, 0x41, 0x79, 0x30, 0x41, 0x79,
    0x30, 0x41, 0x79, 0x30, 0x41, 0x92, 0x4C, 0x65, 0xC4, 0x79, 0x9F, 0xC5, 0x7A, 0xA0, 0xC9, 0x7D,
    0xA4, 0xC9, 0x7D, 0xA4, 0xC9, 0x7D, 0xA4, 0xC9, 0x7D, 0xA4, 0xC9, 0x7D, 0xA4, 0xCD, 0x8B, 0xA9,
    0xDD, 0xB7, 0xBC, 0xC9, 0x7D, 0xA4, 0xC9, 0x7D, 0xA4, 0xC9, 0x7D, 0xA4, 0xCC, 0x86, 0xA7, 0xDE,
    0xBB, 0xBE, 0xCB, 0x83, 0xA6, 0xE0, 0xC0, 0xC0, 0xE1, 0xC1, 0xC1, 0xC9, 0x7D, 0xA4, 0xCC, 0x87,
    0xA7, 0xE0, 0xBF, 0xBF, 0xCB, 0x85, 0xA7, 0xCB, 0x84, 0xA7, 0xCB, 0x85, 0xA7, 0xCB, 0x84, 0xA7,
    0xE1, 0xC3, 0xC1, 0xE0, 0xC0, 0xC0, 0xCA, 0x81, 0xA5, 0xE1, 0xC1, 0xC0, 0xE0, 0xC0, 0xC0, 0xCB,
    0x85, 0xA7, 0xCB, 0x84, 0xA6, 0xC9, 0x7E, 0xA4, 0xCB, 0x84, 0xA6, 0xCB, 0x84, 0xA7, 0xCB, 0x85,
    0xA7, 0xC9, 0x7E, 0xA4, 0xCB, 0x83, 0xA6, 0xDE, 0xBA, 0xBD, 0xCE, 0x8F, 0xAB, 0xC9, 0x7D, 0xA4,
    0xDB, 0xB3, 0xBA, 0xCF, 0x91, 0xAB, 0xCB, 0x82, 0xA6, 0xCA, 0x7F, 0xA5, 0xC9, 0x7D, 0xA4, 0xC9,
    0x7D, 0xA4, 0xC9, 0x7D, 0xA4, 0xC9, 0x7D, 0xA4, 0xC9, 0x7D, 0xA4, 0xC9, 0x7D, 0xA4, 0xC9, 0x7D,
    0xA4, 0x9D, 0x57, 0x73, 0x79, 0x30, 0x41, 0x79, 0x30, 0x41, 0x79, 0x30, 0x41, 0x7D, 0x35, 0x47,
    0x7E, 0x37, 0x4A, 0x63, 0x27, 0x36, 0x4F, 0x1F, 0x2C, 0x76, 0x2F, 0x40, 0x79, 0x30, 0x41, 0x79,
    0x30, 0x41, 0x67, 0x28, 0x38, 0x4C, 0x1E, 0x2B, 0x67, 0x28, 0x38, 0x44, 0x1A, 0x27, 0x69, 0x29,
    0x39, 0x0C, 0x0A, 0x15, 0x3F, 0x19, 0x25, 0x79, 0x30, 0x41, 0x6D, 0x2B, 0x3B, 0x21, 0x0F, 0x1A,
    0x39, 0x16, 0x23, 0x6E, 0x2B, 0x3B, 0x0C, 0x0A, 0x15, 0x0C, 0x0A, 0x15, 0x11, 0x0B, 0x16, 0x23,
    0x0F, 0x1A, 0x2E, 0x13, 0x1E, 0x73, 0x2D, 0x3E, 0x0B, 0x0A, 0x15, 0x0C, 0x0A, 0x15, 0x0C, 0x0A,
    0x15, 0x0A, 0x0A, 0x15, 0x0C, 0x0A, 0x15, 0x0D, 0x0A, 0x15, 0x25, 0x10, 0x1B, 0x0C, 0x0A, 0x15,
    0x0A, 0x0A, 0x15, 0x0C, 0x0A, 0x15, 0x0C, 0x0A, 0x15, 0x0C, 0x0A, 0x15, 0x0C, 0x0A, 0x15, 0x0C,
    0x0A, 0x15, 0x0C, 0x0A, 0x15, 0x0C, 0x0A, 0x15, 0x0C, 0x0A, 0x15, 0x0C, 0x0A, 0x15, 0x0C, 0x0A,
    0x15, 0x0C, 0x0A, 0x15, 0x6C, 0x2B, 0x3A, 0x30, 0x13, 0x1F, 0x0C, 0x0A, 0x15, 0x0C, 0x0A, 0x15,
    0x0B, 0x0A, 0x15, 0x6D, 0x2B, 0x3B, 0x3B, 0x17, 0x23, 0x0B, 0x0A, 0x15, 0x6B, 0x2A, 0x3A, 0x3F,
    0x19, 0x25, 0x23, 0x0F, 0x1B, 0x6A, 0x2A, 0x3A, 0x44, 0x1A, 0x27, 0x62, 0x27, 0x36, 0x74, 0x2E,
    0x3E, 0x45, 0x1B, 0x28, 0x64, 0x27, 0x36, 0x76, 0x2F, 0x3F, 0x4E, 0x1F, 0x2C, 0x60, 0x25, 0x34,
    0x77, 0x2F, 0x40, 0x79, 0x30, 0x41, 0x55, 0x21, 0x2F, 0x1F, 0x0E, 0x19, 0x4F, 0x1F, 0x2C, 0x77,
    0x2F, 0x40, 0x76, 0x2F, 0x3F, 0x77, 0x2F, 0x40, 0x76, 0x2F, 0x3F, 0x79, 0x30, 0x41, 0x79, 0x30,
    0x41, 0x79, 0x30, 0x41, 0x79, 0x30, 0x41, 0x79, 0x30, 0x41, 0x94, 0x4E, 0x68, 0xC9, 0x7D, 0xA4,
    0xC9, 0x7D, 0xA4, 0xC9, 0x7D, 0xA4, 0xBD, 0x73, 0x97, 0x95, 0x4F, 0x69, 0xC9, 0x7D, 0xA4, 0xC9,
    0x7D, 0xA4, 0xC9, 0x7F, 0xA5, 0xCB, 0x85, 0xA7, 0xCD, 0x89, 0xA8, 0xDD, 0xB8, 0xBC, 0xC9, 0x7D,
    0xA4, 0xC9, 0x7E, 0xA4, 0xCB, 0x85, 0xA7, 0xC9, 0x7E, 0xA4, 0xCC, 0x86, 0xA7, 0xCD, 0x8A, 0xA9,
    0xDF, 0xBD, 0xBF, 0xCA, 0x7F, 0xA5, 0xE2, 0xC3, 0xC2, 0xC9, 0x7E, 0xA4, 0xE0, 0xBE, 0xBF, 0xC9,
    0x7E, 0xA4, 0xDF, 0xBE, 0xBF, 0xE2, 0xC4, 0xC2, 0xCC, 0x89, 0xA8, 0xDF, 0xBD, 0xBE, 0xCD, 0x8A,
    0xA9, 0xE0, 0xC0, 0xC0, 0xE0, 0xBF, 0xC0, 0xE0, 0xBF, 0xBF, 0xE0, 0xBF, 0xBF, 0xCC, 0x88, 0xA8,
    0xDD, 0xB7, 0xBC, 0xCD, 0x8A, 0xA9, 0xC9, 0x7D, 0xA4, 0xDC, 0xB5, 0xBB, 0xD0, 0x93, 0xAC, 0xCA,
    0x7F, 0xA5, 0xDB, 0xB3, 0xBA, 0xD0, 0x95, 0xAD, 0xCA, 0x7F, 0xA5, 0xDA, 0xB1, 0xB9, 0xCF, 0x92,
    0xAC, 0xC9, 0x7D, 0xA4, 0xC9, 0x7D, 0xA4, 0xC9, 0x7D, 0xA4, 0xC9, 0x7D, 0xA4, 0xC9, 0x7D, 0xA4,
    0xC9, 0x7D, 0xA4, 0xC9, 0x7D, 0xA4, 0x9D, 0x57, 0x73, 0x79, 0x30, 0x41, 0x79, 0x30, 0x41, 0x79,
    0x30, 0x41, 0x79, 0x30, 0x41, 0x79, 0x30, 0x41, 0x77, 0x2F, 0x40, 0x60, 0x25, 0x34, 0x52, 0x20,
    0x2E, 0x79, 0x30, 0x41, 0x79, 0x30, 0x41, 0x65, 0x28, 0x37, 0x18, 0x0C, 0x17, 0x49, 0x1C, 0x29,
    0x75, 0x2E, 0x3F, 0x69, 0x29, 0x39, 0x3E, 0x18, 0x25, 0x75, 0x2E, 0x3F, 0x6C, 0x2B, 0x3B, 0x24,
    0x0F, 0x1B, 0x38, 0x16, 0x22, 0x75, 0x2E, 0x3F, 0x6E, 0x2B, 0x3B, 0x0C, 0x0A, 0x15, 0x32, 0x14,
    0x20, 0x6B, 0x2A, 0x3A, 0x0C, 0x0A, 0x15, 0x12, 0x0B, 0x16, 0x26, 0x10, 0x1C, 0x0B, 0x0A, 0x15,
    0x0C, 0x0A, 0x15, 0x21, 0x0F, 0x1A, 0x71, 0x2D, 0x3D, 0x0A, 0x0A, 0x15, 0x0C, 0x0A, 0x15, 0x0C,
    0x0A, 0x15, 0x12, 0x0B, 0x16, 0x73, 0x2E, 0x3E, 0x0C, 0x0A, 0x15, 0x0C, 0x0A, 0x15, 0x0C, 0x0A,
    0x15, 0x0C, 0x0A, 0x15, 0x0C, 0x0A, 0x15, 0x0C, 0x0A, 0x15, 0x0C, 0x0A, 0x15, 0x0C, 0x0A, 0x15,
    0x0C, 0x0A, 0x15, 0x0C, 0x0A, 0x15, 0x0C, 0x0A, 0x15, 0x28, 0x11, 0x1C, 0x14, 0x0B, 0x16, 0x0C,
    0x0A, 0x15, 0x0C, 0x0A, 0x15, 0x68, 0x29, 0x38, 0x42, 0x1A, 0x26, 0x68, 0x29, 0x39, 0x73, 0x2D,
    0x3E, 0x45, 0x1B, 0x28, 0x66, 0x28, 0x38, 0x3D, 0x18, 0x24, 0x69, 0x29, 0x39, 0x75, 0x2E, 0x3F,
    0x4A, 0x1D, 0x2A, 0x68, 0x29, 0x39, 0x75, 0x2E, 0x3F, 0x4D, 0x1E, 0x2B, 0x2B, 0x12, 0x1D, 0x1B,
    0x0D, 0x18, 0x61, 0x26, 0x35, 0x79, 0x30, 0x41, 0x55, 0x21, 0x2F, 0x5D, 0x25, 0x33, 0x73, 0x2D,
    0x3E, 0x75, 0x2E, 0x3F, 0x79, 0x30, 0x41, 0x79, 0x30, 0x41, 0x65, 0x28, 0x37, 0x51, 0x20, 0x2D,
    0x79, 0x30, 0x41, 0x79, 0x30, 0x41, 0x79, 0x30, 0x41, 0x79, 0x30, 0x41, 0x79, 0x30, 0x41, 0x94,
    0x4E, 0x68, 0xC9, 0x7D, 0xA4, 0xC9, 0x7D, 0xA4, 0xC9, 0x7D, 0xA4, 0xC8, 0x7C, 0xA2, 0xC4, 0x79,
    0x9E, 0xC9, 0x7D, 0xA4, 0xC9, 0x7D, 0xA4, 0xC9, 0x7D, 0xA4, 0xC9, 0x7D, 0xA4, 0xCD, 0x8A, 0xA9,
    0xE2, 0xC3, 0xC2, 0xDD, 0xB8, 0xBC, 0xCB, 0x86, 0xA7, 0xDE, 0xB9, 0xBD, 0xC9, 0x7D, 0xA4, 0xC9,
    0x7D, 0xA4, 0xC9, 0x7E, 0xA4, 0xCD, 0x8A, 0xA9, 0xE0, 0xBE, 0xBF, 0xE2, 0xC4, 0xC2, 0xDF, 0xBD,
    0xBF, 0xCC, 0x88, 0xA8, 0xDF, 0xBD, 0xBF, 0xCC, 0x89, 0xA8, 0xCC, 0x87, 0xA8, 0xC9, 0x7D, 0xA4,
    0xE1, 0xC1, 0xC1, 0xCB, 0x83, 0xA6, 0xCC, 0x87, 0xA7, 0xCC, 0x87, 0xA8, 0xE0, 0xBF, 0xC0, 0xE2,
    0xC4, 0xC2, 0xCD, 0x89, 0xA8, 0xDF, 0xBC, 0xBE, 0xE0, 0xBF, 0xBF, 0xCD, 0x8B, 0xA9, 0xCB, 0x85,
    0xA7, 0xCA, 0x7F, 0xA5, 0xC9, 0x7D, 0xA4, 0xCB, 0x85, 0xA7, 0xCA, 0x7F, 0xA5, 0xC9, 0x7D, 0xA4,
    0xCB, 0x85, 0xA7, 0xCA, 0x80, 0xA5, 0xC9, 0x7D, 0xA4, 0xC9, 0x7D, 0xA4, 0xC9, 0x7D, 0xA4, 0xD9,
    0xAC, 0xB7, 0xD1, 0x97, 0xAE, 0xC9, 0x7D, 0xA4, 0xA2, 0x5B, 0x79, 0x7E, 0x36, 0x49, 0x79, 0x30,
    0x41, 0x79, 0x30, 0x41, 0x79, 0x30, 0x41, 0x79, 0x30, 0x41, 0x79, 0x30, 0x41, 0x79, 0x30, 0x41,
    0x61, 0x26, 0x35, 0x4C, 0x1D, 0x2B, 0x79, 0x30, 0x41, 0x67, 0x28, 0x38, 0x4C, 0x1E, 0x2B, 0x60,
    0x26, 0x35, 0x71, 0x44, 0x5C, 0xA8, 0x66, 0x87, 0x48, 0x1C, 0x29, 0x66, 0x28, 0x37, 0x49, 0x1C,
    0x29, 0x78, 0x2F, 0x40, 0x66, 0x28, 0x37, 0x3B, 0x17, 0x23, 0x6F, 0x2C, 0x3C, 0x27, 0x11, 0x1C,
    0x0C, 0x0A, 0x15, 0x34, 0x15, 0x21, 0x70, 0x2C, 0x3D, 0x0C, 0x0A, 0x15, 0x0C, 0x0A, 0x15, 0x29,
    0x11, 0x1C, 0x6E, 0x2B, 0x3B, 0x23, 0x0F, 0x1B, 0x70, 0x2C, 0x3C, 0x2A, 0x11, 0x1D, 0x0C, 0x0A,
    0x15, 0x0C, 0x0A, 0x15, 0x15, 0x0C, 0x17, 0x72, 0x2D, 0x3D, 0x2C, 0x12, 0x1E, 0x0C, 0x0A, 0x15,
    0x0C, 0x0A, 0x15, 0x0C, 0x0A, 0x15, 0x0C, 0x0A, 0x15, 0x0C, 0x0A, 0x15, 0x0C, 0x0A, 0x15, 0x0C,
    0x0A, 0x15, 0x0C, 0x0A, 0x15, 0x0C, 0x0A, 0x15, 0x0C, 0x0A, 0x15, 0x0C, 0x0A, 0x15, 0x0C, 0x0A,
    0x15, 0x0C, 0x0A, 0x15, 0x0C, 0x0A, 0x15, 0x0C, 0x0A, 0x15, 0x6E, 0x2B, 0x3B, 0x39, 0x17, 0x23,
    0x29, 0x11, 0x1D, 0x2E, 0x13, 0x1E, 0x67, 0x28, 0x38, 0x77, 0x2F, 0x40, 0x41, 0x19, 0x26, 0x28,
    0x11, 0x1C, 0x6A, 0x2A, 0x39, 0x45, 0x1B, 0x28, 0x27, 0x10, 0x1C, 0x2E, 0x13, 0x1E, 0x61, 0x26,
    0x35, 0x46, 0x1B, 0x28, 0x5C, 0x24, 0x33, 0x76, 0x2F, 0x40, 0x55, 0x21, 0x2F, 0x1E, 0x0E, 0x19,
    0x5F, 0x25, 0x34, 0x79, 0x30, 0x41, 0x64, 0x27, 0x36, 0x2E, 0x13, 0x1E, 0x54, 0x21, 0x2F, 0x63,
    0x27, 0x36, 0x4A, 0x1D, 0x2A, 0x79, 0x30, 0x41, 0x79, 0x30, 0x41, 0x79, 0x30, 0x41, 0x79, 0x30,
    0x41, 0x92, 0x4C, 0x65, 0xC3, 0x78, 0x9E, 0xBB, 0x71, 0x95, 0x9A, 0x54, 0x6F, 0xC9, 0x7D, 0xA4,
    0xC9, 0x7D, 0xA4, 0xC9, 0x7D, 0xA4, 0xC9, 0x7D, 0xA4, 0xC9, 0x7D, 0xA4, 0xC9, 0x7D, 0xA4, 0xC9,
    0x7D, 0xA4, 0xC9, 0x7F, 0xA5, 0xCC, 0x89, 0xA8, 0xCC, 0x87, 0xA8, 0xC9, 0x7E, 0xA4, 0xCE, 0x8F,
    0xAA, 0xDF, 0xBD, 0xBF, 0xDE, 0xBA, 0xBD, 0xCA, 0x81, 0xA5, 0xDE, 0xBB, 0xBE, 0xCC, 0x89, 0xA8,
    0xCC, 0x89, 0xA8, 0xCC, 0x89, 0xA8, 0xC9, 0x7D, 0xA4, 0xCC, 0x89, 0xA8, 0xDF, 0xBC, 0xBE, 0xDF,
    0xBD, 0xBF, 0xCA, 0x80, 0xA5, 0xE1, 0xC1, 0xC1, 0xDF, 0xBD, 0xBF, 0xDF, 0xBD, 0xBF, 0xCB, 0x84,
    0xA7, 0xCC, 0x88, 0xA8, 0xCC, 0x89, 0xA8, 0xC9, 0x7F, 0xA5, 0xDF, 0xBC, 0xBE, 0xD0, 0x94, 0xAD,
    0xCA, 0x7F, 0xA5, 0xDB, 0xB3, 0xBA, 0xCE, 0x8C, 0xAA, 0xC9, 0x7D, 0xA4, 0xC9, 0x7D, 0xA4, 0xC9,
    0x7D, 0xA4, 0xDA, 0xB0, 0xB9, 0xCF, 0x91, 0xAB, 0xC9, 0x7D, 0xA4, 0xC9, 0x7D, 0xA4, 0xC9, 0x7D,
    0xA4, 0xC9, 0x7D, 0xA4, 0xCB, 0x85, 0xA7, 0xCA, 0x81, 0xA5, 0xC9, 0x7D, 0xA4, 0x9C, 0x56, 0x72,
    0x79, 0x30, 0x41, 0x79, 0x30, 0x41, 0x79, 0x30, 0x41, 0x79, 0x30, 0x41, 0x79, 0x30, 0x41, 0x79,
    0x30, 0x41, 0x64, 0x27, 0x36, 0x7E, 0x4C, 0x65, 0x9C, 0x60, 0x7F, 0x2E, 0x13, 0x1E, 0x4D, 0x1E,
    0x2C, 0x62, 0x26, 0x35, 0x4B, 0x1D, 0x2B, 0x69, 0x2E, 0x3F, 0x5A, 0x2F, 0x40, 0x74, 0x2E, 0x3E,
    0x77, 0x2F, 0x40, 0x66, 0x28, 0x37, 0x49, 0x1C, 0x29, 0x77, 0x2F, 0x40, 0x73, 0x2E, 0x3E, 0x78,
    0x2F, 0x40, 0x67, 0x29, 0x38, 0x0C, 0x0A, 0x15, 0x15, 0x0C, 0x17, 0x2B, 0x12, 0x1D, 0x0C, 0x0A,
    0x15, 0x2B, 0x12, 0x1D, 0x6D, 0x2B, 0x3B, 0x2C, 0x12, 0x1E, 0x11, 0x0B, 0x16, 0x2D, 0x12, 0x1E,
    0x0C, 0x0A, 0x15, 0x0C, 0x0A, 0x15, 0x0C, 0x0A, 0x15, 0x16, 0x0C, 0x17, 0x78, 0x30, 0x41, 0x0E,
    0x0A, 0x15, 0x0C, 0x0A, 0x15, 0x0C, 0x0A, 0x15, 0x0C, 0x0A, 0x15, 0x0C, 0x0A, 0x15, 0x0C, 0x0A,
    0x15, 0x0A, 0x0A, 0x15, 0x6D, 0x2B, 0x3B, 0x23, 0x0F, 0x1B, 0x0C, 0x0A, 0x15, 0x0B, 0x0A, 0x15,
    0x6A, 0x2A, 0x39, 0x2D, 0x12, 0x1E, 0x0C, 0x0A, 0x15, 0x0C, 0x0A, 0x15, 0x67, 0x29, 0x38, 0x43,
    0x1A, 0x27, 0x18, 0x0C, 0x17, 0x0C, 0x0A, 0x15, 0x0C, 0x0A, 0x15, 0x6B, 0x2A, 0x3A, 0x4B, 0x1D,
    0x2A, 0x1B, 0x0D, 0x18, 0x0C, 0x0A, 0x15, 0x2A, 0x11, 0x1D, 0x63, 0x27, 0x36, 0x42, 0x1A, 0x26,
    0x5E, 0x25, 0x33, 0x76, 0x2F, 0x40, 0x74, 0x2E, 0x3E, 0x50, 0x1F, 0x2D, 0x65, 0x28, 0x37, 0x74,
    0x2E, 0x3E, 0x71, 0x2D, 0x3D, 0x76, 0x2F, 0x3F, 0x79, 0x30, 0x41, 0x60, 0x26, 0x34, 0x0C, 0x0A,
    0x15, 0x4D, 0x1E, 0x2B, 0x76, 0x2F, 0x40, 0x74, 0x2E, 0x3E, 0x79, 0x30, 0x41, 0x79, 0x30, 0x41,
    0x79, 0x30, 0x41, 0x79, 0x30, 0x41, 0x9E, 0x70, 0x76, 0xD9, 0xAE, 0xB8, 0xC7, 0x7B, 0xA2, 0xC2,
    0x77, 0x9D, 0xC9, 0x7D, 0xA4, 0xC9, 0x7D, 0xA4, 0xC9, 0x7D, 0xA4, 0xC9, 0x7D, 0xA4, 0xC9, 0x7D,
    0xA4, 0xCD, 0x8A, 0xA9, 0xDB, 0xB4, 0xBA, 0xC9, 0x7D, 0xA4, 0xCC, 0x88, 0xA8, 0xDC, 0xB6, 0xBB,
    0xC9, 0x7D, 0xA4, 0xCB, 0x85, 0xA7, 0xE1, 0xC1, 0xC0, 0xCC, 0x89, 0xA8, 0xCA, 0x82, 0xA6, 0xE2,
    0xC4, 0xC2, 0xDE, 0xBB, 0xBD, 0xC9, 0x7E, 0xA5, 0xDF, 0xBC, 0xBE, 0xDF, 0xBC, 0xBE, 0xC9, 0x7E,
    0xA4, 0xCD, 0x8A, 0xA9, 0xCD, 0x8A, 0xA9, 0xDE, 0xBB, 0xBD, 0xCE, 0x8D, 0xAA, 0xCD, 0x8A, 0xA9,
    0xCD, 0x8A, 0xA9, 0xDD, 0xB8, 0xBC, 0xDF, 0xBC, 0xBE, 0xCC, 0x86, 0xA7, 0xC9, 0x7D, 0xA4, 0xCC,
    0x88, 0xA8, 0xCA, 0x7F, 0xA5, 0xC9, 0x7D, 0xA4, 0xCC, 0x88, 0xA8, 0xCA, 0x80, 0xA5, 0xDA, 0xB1,
    0xB9, 0xCE, 0x8E, 0xAA, 0xC9, 0x7D, 0xA4, 0xCC, 0x87, 0xA8, 0xCA, 0x80, 0xA5, 0xC9, 0x7D, 0xA4,
    0xC9, 0x7D, 0xA4, 0xC9, 0x7D, 0xA4, 0xC9, 0x7D, 0xA4, 0xC9, 0x7D, 0xA4, 0xD8, 0xAA, 0xB6, 0xD1,
    0x97, 0xAE, 0x9C, 0x56, 0x72, 0x79, 0x30, 0x41, 0x79, 0x30, 0x41, 0xA9, 0x61, 0x81, 0x9B, 0x55,
    0x70, 0x79, 0x30, 0x41, 0x79, 0x30, 0x41, 0x61, 0x26, 0x35, 0x57, 0x29, 0x3A, 0x80, 0x3B, 0x50,
    0x71, 0x2D, 0x3D, 0x74, 0x2E, 0x3E, 0x65, 0x28, 0x37, 0x47, 0x1C, 0x29, 0x77, 0x2F, 0x40, 0x63,
    0x27, 0x36, 0x4D, 0x1E, 0x2B, 0x79, 0x30, 0x41, 0x6A, 0x2A, 0x3A, 0x3E, 0x18, 0x25, 0x79, 0x30,
    0x41, 0x79, 0x30, 0x41, 0x6F, 0x2C, 0x3C, 0x2C, 0x12, 0x1E, 0x32, 0x14, 0x20, 0x68, 0x29, 0x38,
    0x0C, 0x0A, 0x15, 0x2D, 0x12, 0x1E, 0x6B, 0x2A, 0x3A, 0x2E, 0x13, 0x1E, 0x0C, 0x0A, 0x15, 0x0C,
    0x0A, 0x15, 0x0C, 0x0A, 0x15, 0x0C, 0x0A, 0x15, 0x0C, 0x0A, 0x15, 0x0C, 0x0A, 0x15, 0x0E, 0x0A,
    0x15, 0x30, 0x14, 0x1F, 0x0C, 0x0A, 0x15, 0x0C, 0x0A, 0x15, 0x0C, 0x0A, 0x15, 0x0C, 0x0A, 0x15,
    0x0C, 0x0A, 0x15, 0x0C, 0x0A, 0x15, 0x0C, 0x0A, 0x15, 0x31, 0x14, 0x20, 0x12, 0x0B, 0x16, 0x0C,
    0x0A, 0x15, 0x0C, 0x0A, 0x15, 0x30, 0x13, 0x1F, 0x16, 0x0C, 0x17, 0x0C, 0x0A, 0x15, 0x0C, 0x0A,
    0x15, 0x2F, 0x13, 0x1F, 0x18, 0x0C, 0x18, 0x65, 0x28, 0x37, 0x36, 0x15, 0x21, 0x64, 0x27, 0x36,
    0x47, 0x1C, 0x29, 0x65, 0x28, 0x37, 0x70, 0x2C, 0x3C, 0x3D, 0x18, 0x24, 0x0C, 0x0A, 0x15, 0x67,
    0x28, 0x38, 0x73, 0x2D, 0x3E, 0x4D, 0x1E, 0x2C, 0x33, 0x14, 0x20, 0x33, 0x14, 0x20, 0x20, 0x0E,
    0x1A, 0x61, 0x26, 0x35, 0x79, 0x30, 0x41, 0x79, 0x30, 0x41, 0x58, 0x22, 0x31, 0x58, 0x22, 0x31,
    0x76, 0x2F, 0x3F, 0x70, 0x2C, 0x3C, 0x73, 0x2E, 0x3E, 0x79, 0x30, 0x41, 0x79, 0x30, 0x41, 0x79,
    0x30, 0x41, 0x79, 0x30, 0x41, 0x79, 0x30, 0x41, 0x79, 0x30, 0x41, 0x97, 0x56, 0x6C, 0xBE, 0x7D,
    0x99, 0x8A, 0x44, 0x5A, 0x9C, 0x56, 0x72, 0xC9, 0x7D, 0xA4, 0xC9, 0x7D, 0xA4, 0xC9, 0x7D, 0xA4,
    0xC9, 0x7D, 0xA4, 0xC9, 0x7D, 0xA4, 0xCA, 0x80, 0xA5, 0xCD, 0x89, 0xA8, 0xC9, 0x7D, 0xA4, 0xCA,
    0x7F, 0xA5, 0xCD, 0x8A, 0xA9, 0xC9, 0x7D, 0xA4, 0xC9, 0x7E, 0xA4, 0xCF, 0x90, 0xAB, 0xDD, 0xB8,
    0xBC, 0xC9, 0x7D, 0xA4, 0xCD, 0x8B, 0xA9, 0xCD, 0x8B, 0xA9, 0xC9, 0x7D, 0xA4, 0xCD, 0x8C, 0xA9,
    0xE2, 0xC3, 0xC2, 0xC9, 0x7E, 0xA4, 0xDE, 0xBA, 0xBD, 0xDE, 0xBB, 0xBE, 0xCE, 0x8E, 0xAA, 0xC9,
    0x7D, 0xA4, 0xDD, 0xB8, 0xBC, 0xCB, 0x83, 0xA6, 0xE0, 0xBF, 0xC0, 0xE2, 0xC4, 0xC2, 0xCC, 0x88,
    0xA8, 0xDC, 0xB4, 0xBB, 0xDE, 0xBB, 0xBE, 0xCD, 0x89, 0xA8, 0xDB, 0xB2, 0xBA, 0xCD, 0x8B, 0xA9,
    0xDA, 0xB1, 0xB9, 0xE1, 0xC2, 0xC1, 0xCF, 0x90, 0xAB, 0xDA, 0xAF, 0xB8, 0xCE, 0x8F, 0xAB, 0xC9,
    0x7D, 0xA4, 0xD9, 0xAD, 0xB7, 0xCF, 0x92, 0xAC, 0xC9, 0x7D, 0xA4, 0xC9, 0x7D, 0xA4, 0xC9, 0x7D,
    0xA4, 0xDA, 0xB0, 0xB9, 0xD2, 0x9A, 0xAF, 0x9C, 0x56, 0x72, 0x79, 0x30, 0x41, 0x79, 0x30, 0x41,
    0xAF, 0x67, 0x88, 0xA0, 0x59, 0x76, 0x79, 0x30, 0x41, 0x79, 0x30, 0x41, 0x61, 0x26, 0x35, 0x4D,
    0x1E, 0x2B, 0x79, 0x30, 0x41, 0x79, 0x30, 0x41, 0x68, 0x29, 0x38, 0x4D, 0x1E, 0x2C, 0x73, 0x2D,
    0x3E, 0x79, 0x30, 0x41, 0x76, 0x2F, 0x40, 0x64, 0x27, 0x36, 0x4D, 0x1E, 0x2B, 0x6A, 0x2A, 0x3A,
    0x1A, 0x0D, 0x18, 0x4A, 0x1D, 0x2A, 0x6F, 0x2C, 0x3C, 0x2E, 0x13, 0x1E, 0x0C, 0x0A, 0x15, 0x18,
    0x0C, 0x17, 0x2F, 0x13, 0x1F, 0x0C, 0x0A, 0x15, 0x30, 0x13, 0x1F, 0x72, 0x2D, 0x3D, 0x0B, 0x0A,
    0x15, 0x26, 0x10, 0x1B, 0x6C, 0x2A, 0x3A, 0x0A, 0x0A, 0x15, 0x1D, 0x0E, 0x19, 0x6E, 0x2B, 0x3B,
    0x17, 0x0C, 0x17, 0x6F, 0x2C, 0x3C, 0x0C, 0x0A, 0x15, 0x0C, 0x0A, 0x15, 0x0C, 0x0A, 0x15, 0x0C,
    0x0A, 0x15, 0x0C, 0x0A, 0x15, 0x0C, 0x0A, 0x15, 0x0C, 0x0A, 0x15, 0x0C, 0x0A, 0x15, 0x0C, 0x0A,
    0x15, 0x0C, 0x0A, 0x15, 0x0C, 0x0A, 0x15, 0x0C, 0x0A, 0x15, 0x0C, 0x0A, 0x15, 0x0C, 0x0A, 0x15,
    0x0C, 0x0A, 0x15, 0x0C, 0x0A, 0x15, 0x0C, 0x0A, 0x15, 0x65, 0x28, 0x37, 0x77, 0x2F, 0x40, 0x3B,
    0x17, 0x23, 0x2F, 0x13, 0x1F, 0x65, 0x28, 0x37, 0x49, 0x1C, 0x2A, 0x35, 0x15, 0x21, 0x63, 0x27,
    0x36, 0x6F, 0x2C, 0x3C, 0x4C, 0x1E, 0x2B, 0x69, 0x2A, 0x39, 0x48, 0x1C, 0x29, 0x5C, 0x24, 0x32,
    0x44, 0x1B, 0x27, 0x5A, 0x23, 0x32, 0x75, 0x2E, 0x3F, 0x57, 0x22, 0x30, 0x65, 0x28, 0x37, 0x50,
    0x1F, 0x2D, 0x23, 0x0F, 0x1B, 0x58, 0x22, 0x30, 0x79, 0x30, 0x41, 0x66, 0x28, 0x38, 0x55, 0x21,
    0x2F, 0x79, 0x30, 0x41, 0x79, 0x30, 0x41, 0x79, 0x30, 0x41, 0x79, 0x30, 0x41, 0x79, 0x30, 0x41,
    0x95, 0x4F, 0x69, 0xC6, 0x7B, 0xA1, 0xBE, 0x74, 0x99, 0xC1, 0x76, 0x9B, 0xC9, 0x7D, 0xA4, 0xBE,
    0x74, 0x98, 0x9B, 0x54, 0x70, 0xC9, 0x7D, 0xA4, 0xC9, 0x7D, 0xA4, 0xC9, 0x7D, 0xA4, 0xCD, 0x89,
    0xA8, 0xDB, 0xB3, 0xBA, 0xCC, 0x87, 0xA8, 0xDC, 0xB4, 0xBB, 0xC9, 0x7D, 0xA4, 0xCB, 0x84, 0xA6,
    0xDD, 0xB7, 0xBC, 0xCD, 0x8B, 0xA9, 0xCA, 0x81, 0xA5, 0xDD, 0xB9, 0xBC, 0xCA, 0x7F, 0xA5, 0xDE,
    0xB9, 0xBD, 0xC9, 0x7E, 0xA4, 0xE2, 0xC4, 0xC2, 0xDE, 0xBA, 0xBD, 0xCE, 0x8E, 0xAA, 0xCE, 0x8C,
    0xAA, 0xDD, 0xB9, 0xBD, 0xDE, 0xBA, 0xBD, 0xE2, 0xC4, 0xC2, 0xCB, 0x84, 0xA7, 0xCD, 0x8B, 0xA9,
    0xCE, 0x8D, 0xAA, 0xDC, 0xB6, 0xBB, 0xD0, 0x94, 0xAC, 0xCE, 0x8D, 0xAA, 0xDB, 0xB4, 0xBA, 0xD1,
    0x96, 0xAD, 0xDB, 0xB3, 0xBA, 0xD1, 0x97, 0xAE, 0xCE, 0x8D, 0xAA, 0xCA, 0x81, 0xA5, 0xCD, 0x89,
    0xA8, 0xCA, 0x81, 0xA5, 0xC9, 0x7D, 0xA4, 0xCC, 0x89, 0xA8, 0xCA, 0x82, 0xA6, 0xC9, 0x7D, 0xA4,
    0xC9, 0x7D, 0xA4, 0xC9, 0x7D, 0xA4, 0xA7, 0x6B, 0x80, 0xB8, 0x74, 0x93, 0xC2, 0x77, 0x9D, 0xBE,
    0x74, 0x99, 0x98, 0x52, 0x6D, 0x84, 0x3E, 0x53, 0x64, 0x2F, 0x41, 0x59, 0x23, 0x31, 0x79, 0x30,
    0x41, 0x75, 0x2E, 0x3F, 0x73, 0x2D, 0x3E, 0x67, 0x28, 0x38, 0x55, 0x21, 0x2F, 0x76, 0x2F, 0x3F,
    0x72, 0x2D, 0x3E, 0x79, 0x30, 0x41, 0x6A, 0x2A, 0x39, 0x74, 0x43, 0x5A, 0xBD, 0x74, 0x98, 0xAB,
    0x66, 0x87, 0x6A, 0x2A, 0x3A, 0x38, 0x16, 0x22, 0x66, 0x28, 0x37, 0x30, 0x13, 0x1F, 0x0C, 0x0A,
    0x15, 0x33, 0x14, 0x20, 0x65, 0x28, 0x37, 0x0C, 0x0A, 0x15, 0x2E, 0x13, 0x1E, 0x69, 0x29, 0x39,
    0x32, 0x14, 0x20, 0x0C, 0x0A, 0x15, 0x14, 0x0B, 0x16, 0x3D, 0x18, 0x24, 0x6C, 0x2A, 0x3A, 0x0F,
    0x0B, 0x16, 0x39, 0x17, 0x23, 0x6E, 0x2B, 0x3B, 0x34, 0x15, 0x21, 0x0C, 0x0A, 0x15, 0x0C, 0x0A,
    0x15, 0x0C, 0x0A, 0x15, 0x0C, 0x0A, 0x15, 0x0C, 0x0A, 0x15, 0x0C, 0x0A, 0x15, 0x0C, 0x0A, 0x15,
    0x0C, 0x0A, 0x15, 0x0C, 0x0A, 0x15, 0x0C, 0x0A, 0x15, 0x0B, 0x0A, 0x15, 0x68, 0x29, 0x39, 0x2A,
    0x11, 0x1D, 0x0C, 0x0A, 0x15, 0x0C, 0x0A, 0x15, 0x65, 0x28, 0x37, 0x31, 0x14, 0x1F, 0x32, 0x14,
    0x20, 0x70, 0x2C, 0x3C, 0x3B, 0x17, 0x23, 0x62, 0x27, 0x36, 0x49, 0x1C, 0x29, 0x1D, 0x0E, 0x19,
    0x0C, 0x0A, 0x15, 0x69, 0x29, 0x39, 0x79, 0x30, 0x41, 0x45, 0x1B, 0x28, 0x2E, 0x13, 0x1E, 0x60,
    0x26, 0x35, 0x75, 0x2F, 0x3F, 0x72, 0x2D, 0x3E, 0x51, 0x1F, 0x2D, 0x37, 0x16, 0x22, 0x23, 0x0F,
    0x1B, 0x60, 0x26, 0x34, 0x73, 0x2D, 0x3E, 0x6E, 0x2B, 0x3C, 0x5D, 0x24, 0x33, 0x58, 0x22, 0x30,
    0x75, 0x2E, 0x3F, 0x5F, 0x25, 0x34, 0x37, 0x16, 0x22, 0x54, 0x21, 0x2F, 0x79, 0x30, 0x41, 0x79,
    0x30, 0x41, 0x79, 0x30, 0x41, 0x95, 0x4F, 0x69, 0xC9, 0x7D, 0xA4, 0xBC, 0x72, 0x96, 0x9E, 0x58,
    0x74, 0xC9, 0x7D, 0xA4, 0xC7, 0x7B, 0xA1, 0xC0, 0x75, 0x9A, 0xC9, 0x7D, 0xA4, 0xC9, 0x7D, 0xA4,
    0xC9, 0x7D, 0xA4, 0xCA, 0x80, 0xA5, 0xCD, 0x8B, 0xA9, 0xCD, 0x89, 0xA8, 0xE2, 0xC3, 0xC1, 0xDC,
    0xB4, 0xBB, 0xC9, 0x7E, 0xA4, 0xCE, 0x8D, 0xAA, 0xCA, 0x82, 0xA6, 0xDD, 0xB8, 0xBC, 0xCE, 0x90,
    0xAB, 0xDE, 0xBA, 0xBD, 0xE2, 0xC3, 0xC2, 0xC9, 0x7D, 0xA4, 0xCE, 0x8E, 0xAA, 0xE2, 0xC3, 0xC2,
    0xCA, 0x7F, 0xA5, 0xC9, 0x7D, 0xA4, 0xE1, 0xC2, 0xC1, 0xCF, 0x91, 0xAB, 0xCE, 0x8D, 0xAA, 0xDD,
    0xB7, 0xBC, 0xDE, 0xBA, 0xBD, 0xCB, 0x85, 0xA7, 0xCD, 0x8C, 0xA9, 0xCA, 0x7F, 0xA5, 0xC9, 0x7D,
    0xA4, 0xCD, 0x8B, 0xA9, 0xDB, 0xB3, 0xBA, 0xD1, 0x97, 0xAE, 0xCA, 0x80, 0xA5, 0xC9, 0x7D, 0xA4,
    0xC9, 0x7D, 0xA4, 0xC9, 0x7D, 0xA4, 0xC9, 0x7D, 0xA4, 0xC9, 0x7D, 0xA4, 0xC9, 0x7D, 0xA4, 0xC9,
    0x7D, 0xA4, 0xC9, 0x7D, 0xA4, 0xC9, 0x7D, 0xA4, 0xD7, 0xA9, 0xB5, 0xC9, 0x90, 0xA5, 0xC5, 0x7A,
    0xA0, 0xC9, 0x7D, 0xA4, 0xA6, 0x5F, 0x7E, 0xAD, 0x65, 0x85, 0x82, 0x4C, 0x66, 0x5D, 0x24, 0x33,
    0x73, 0x2D, 0x3E, 0x65, 0x28, 0x37, 0x58, 0x22, 0x31, 0x66, 0x28, 0x38, 0x51, 0x1F, 0x2D, 0x72,
    0x2D, 0x3E, 0x79, 0x30, 0x41, 0x79, 0x30, 0x41, 0x79, 0x30, 0x41, 0x67, 0x28, 0x38, 0x4F, 0x27,
    0x36, 0x8C, 0x46, 0x5E, 0x88, 0x41, 0x57, 0x76, 0x2F, 0x40, 0x64, 0x27, 0x37, 0x31, 0x14, 0x1F,
    0x35, 0x15, 0x21, 0x63, 0x27, 0x36, 0x1A, 0x0D, 0x18, 0x32, 0x14, 0x20, 0x0C, 0x0A, 0x15, 0x32,
    0x14, 0x20, 0x71, 0x2D, 0x3D, 0x0C, 0x0A, 0x15, 0x27, 0x11, 0x1C, 0x69, 0x29, 0x39, 0x12, 0x0B,
    0x16, 0x35, 0x15, 0x21, 0x0C, 0x0A, 0x15, 0x1D, 0x0E, 0x19, 0x77, 0x2F, 0x40, 0x0B, 0x0A, 0x15,
    0x0C, 0x0A, 0x15, 0x0C, 0x0A, 0x15, 0x0C, 0x0A, 0x15, 0x0C, 0x0A, 0x15, 0x0C, 0x0A, 0x15, 0x0C,
    0x0A, 0x15, 0x0C, 0x0A, 0x15, 0x0C, 0x0A, 0x15, 0x0C, 0x0A, 0x15, 0x0C, 0x0A, 0x15, 0x0C, 0x0A,
    0x15, 0x36, 0x15, 0x21, 0x17, 0x0C, 0x17, 0x0C, 0x0A, 0x15, 0x0C, 0x0A, 0x15, 0x34, 0x15, 0x21,
    0x66, 0x28, 0x38, 0x32, 0x14, 0x20, 0x33, 0x14, 0x20, 0x1C, 0x0D, 0x18, 0x6C, 0x2B, 0x3A, 0x70,
    0x2C, 0x3D, 0x6D, 0x2B, 0x3B, 0x3A, 0x17, 0x23, 0x31, 0x14, 0x1F, 0x39, 0x16, 0x23, 0x20, 0x0F,
    0x1A, 0x5C, 0x24, 0x33, 0x4F, 0x1F, 0x2C, 0x69, 0x29, 0x39, 0x79, 0x30, 0x41, 0x4C, 0x1E, 0x2B,
    0x58, 0x22, 0x31, 0x6D, 0x2B, 0x3B, 0x75, 0x2E, 0x3F, 0x79, 0x30, 0x41, 0x79, 0x30, 0x41, 0x75,
    0x2E, 0x3F, 0x72, 0x2D, 0x3D, 0x79, 0x30, 0x41, 0x75, 0x2E, 0x3F, 0x6D, 0x2B, 0x3B, 0x71, 0x2D,
    0x3D, 0x79, 0x30, 0x41, 0x79, 0x30, 0x41, 0x79, 0x30, 0x41, 0x95, 0x4F, 0x69, 0xC9, 0x7D, 0xA4,
    0xC6, 0x7A, 0xA1, 0xC0, 0x75, 0x9A, 0xC9, 0x7D, 0xA4, 0xC9, 0x7D, 0xA4, 0xC9, 0x7D, 0xA4, 0xC9,
    0x7D, 0xA4, 0xC9, 0x7D, 0xA4, 0xC9, 0x7D, 0xA4, 0xC9, 0x7D, 0xA4, 0xC9, 0x7D, 0xA4, 0xCA, 0x80,
    0xA5, 0xCE, 0x8F, 0xAA, 0xD0, 0x94, 0xAC, 0xDC, 0xB4, 0xBB, 0xCB, 0x83, 0xA6, 0xDD, 0xB7, 0xBC,
    0xCE, 0x8E, 0xAA, 0xC9, 0x7E, 0xA4, 0xCF, 0x91, 0xAB, 0xE2, 0xC3, 0xC2, 0xC9, 0x7D, 0xA4, 0xC9,
    0x7D, 0xA4, 0xCE, 0x8F, 0xAA, 0xDD, 0xB8, 0xBC, 0xDD, 0xB9, 0xBD, 0xCF, 0x91, 0xAB, 0xC9, 0x7E,
    0xA4, 0xDC, 0xB6, 0xBB, 0xE2, 0xC3, 0xC2, 0xE2, 0xC4, 0xC2, 0xCC, 0x87, 0xA7, 0xC9, 0x7D, 0xA4,
    0xDB, 0xB2, 0xBA, 0xDD, 0xB9, 0xBD, 0xCC, 0x89, 0xA8, 0xCD, 0x8C, 0xA9, 0xCA, 0x80, 0xA5, 0xDA,
    0xAF, 0xB8, 0xCD, 0x8C, 0xA9, 0xC9, 0x7D, 0xA4, 0xC9, 0x7D, 0xA4, 0xD9, 0xAD, 0xB7, 0xCE, 0x8F,
    0xAB, 0xC9, 0x7D, 0xA4, 0xC9, 0x7D, 0xA4, 0xC9, 0x7D, 0xA4, 0xC9, 0x7D, 0xA4, 0xDA, 0xB1, 0xB9,
    0xD2, 0x99, 0xAF, 0xC9, 0x7D, 0xA4, 0xA6, 0x5F, 0x7E, 0xAD, 0x65, 0x86, 0xA2, 0x5B, 0x79, 0x7B,
    0x38, 0x4C, 0x74, 0x2E, 0x3F, 0x79, 0x30, 0x41, 0x75, 0x2E, 0x3F, 0x93, 0x50, 0x6B, 0xA4, 0x5F,
    0x7E, 0x5E, 0x25, 0x34, 0x56, 0x22, 0x30, 0x79, 0x30, 0x41, 0x69, 0x29, 0x39, 0x39, 0x16, 0x23,
    0x72, 0x43, 0x5A, 0xA8, 0x64, 0x83, 0x79, 0x30, 0x41, 0x6D, 0x2B, 0x3B, 0x4F, 0x1F, 0x2C, 0x76,
    0x2F, 0x40, 0x61, 0x26, 0x35, 0x3B, 0x17, 0x23, 0x6D, 0x2B, 0x3B, 0x32, 0x14, 0x20, 0x64, 0x27,
    0x36, 0x0C, 0x0A, 0x15, 0x18, 0x0C, 0x18, 0x35, 0x15, 0x21, 0x0C, 0x0A, 0x15, 0x2B, 0x12, 0x1D,
    0x74, 0x2E, 0x3E, 0x0A, 0x0A, 0x15, 0x20, 0x0E, 0x1A, 0x6B, 0x2A, 0x3A, 0x0F, 0x0A, 0x15, 0x38,
    0x16, 0x22, 0x0C, 0x0A, 0x15, 0x0C, 0x0A, 0x15, 0x0C, 0x0A, 0x15, 0x0C, 0x0A, 0x15, 0x0C, 0x0A,
    0x15, 0x0C, 0x0A, 0x15, 0x0C, 0x0A, 0x15, 0x0A, 0x0A, 0x15, 0x6A, 0x2A, 0x39, 0x1F, 0x0E, 0x19,
    0x0C, 0x0A, 0x15, 0x0C, 0x0A, 0x15, 0x0C, 0x0A, 0x15, 0x0C, 0x0A, 0x15, 0x0C, 0x0A, 0x15, 0x65,
    0x28, 0x37, 0x2F, 0x13, 0x1F, 0x6F, 0x2C, 0x3C, 0x6F, 0x2C, 0x3C, 0x33, 0x14, 0x20, 0x61, 0x26,
    0x35, 0x49, 0x1D, 0x2A, 0x3B, 0x17, 0x23, 0x6E, 0x2B, 0x3B, 0x41, 0x19, 0x26, 0x5E, 0x25, 0x33,
    0x3D, 0x18, 0x24, 0x5C, 0x24, 0x33, 0x75, 0x2E, 0x3F, 0x48, 0x1C, 0x29, 0x30, 0x13, 0x1F, 0x68,
    0x29, 0x39, 0x4C, 0x1E, 0x2B, 0x2F, 0x13, 0x1F, 0x3B, 0x17, 0x23, 0x66, 0x28, 0x37, 0x5B, 0x23,
    0x32, 0x5A, 0x23, 0x32, 0x66, 0x28, 0x37, 0x59, 0x23, 0x31, 0x67, 0x29, 0x38, 0x57, 0x22, 0x30,
    0x79, 0x30, 0x41, 0x79, 0x30, 0x41, 0x79, 0x30, 0x41, 0x79, 0x30, 0x41, 0x79, 0x30, 0x41, 0x80,
    0x38, 0x4C, 0xA1, 0x5B, 0x78, 0xC9, 0x7D, 0xA4, 0xCE, 0x8E, 0xAA, 0xDD, 0xB8, 0xBC, 0xD9, 0xAD,
    0xB7, 0xCD, 0x8C, 0xA9, 0xD9, 0xAE, 0xB8, 0xC9, 0x7D, 0xA4, 0xCD, 0x89, 0xA8, 0xDD, 0xB8, 0xBC,
    0xDA, 0xB1, 0xB9, 0xC9, 0x7D, 0xA4, 0xC9, 0x7D, 0xA4, 0xCA, 0x7F, 0xA5, 0xCE, 0x8E, 0xAA, 0xCB,
    0x84, 0xA7, 0xE1, 0xC1, 0xC0, 0xCA, 0x80, 0xA5, 0xDC, 0xB6, 0xBB, 0xC9, 0x7D, 0xA4, 0xCF, 0x91,
    0xAB, 0xDD, 0xB8, 0xBC, 0xDD, 0xB8, 0xBC, 0xDD, 0xB8, 0xBC, 0xCF, 0x91, 0xAB, 0xE2, 0xC3, 0xC1,
    0xDD, 0xB9, 0xBD, 0xCA, 0x80, 0xA5, 0xE1, 0xC1, 0xC0, 0xD0, 0x95, 0xAD, 0xCF, 0x90, 0xAB, 0xDC,
    0xB4, 0xBB, 0xCB, 0x86, 0xA7, 0xDF, 0xBD, 0xBE, 0xD2, 0x99, 0xAE, 0xDB, 0xB2, 0xBA, 0xDD, 0xB8,
    0xBC, 0xCD, 0x8A, 0xA9, 0xCE, 0x8C, 0xAA, 0xCA, 0x81, 0xA5, 0xC9, 0x7D, 0xA4, 0xC9, 0x7D, 0xA4,
    0xCD, 0x8C, 0xA9, 0xCA, 0x82, 0xA6, 0xD8, 0xAB, 0xB6, 0xCF, 0x91, 0xAB, 0xD7, 0xA9, 0xB6, 0xCF,
    0x92, 0xAC, 0xCD, 0x8A, 0xA9, 0xCB, 0x84, 0xA6, 0xC9, 0x7D, 0xA4, 0xC1, 0x76, 0x9B, 0xC4, 0x79,
    0x9F, 0x9E, 0x58, 0x74, 0x79, 0x30, 0x41, 0x79, 0x30, 0x41, 0x79, 0x30, 0x41, 0x79, 0x30, 0x41,
    0x82, 0x3B, 0x4F, 0x78, 0x3C, 0x50, 0x2F, 0x13, 0x1F, 0x24, 0x10, 0x1B, 0x56, 0x22, 0x30, 0x65,
    0x28, 0x37, 0x3F, 0x19, 0x25, 0x78, 0x36, 0x49, 0x89, 0x43, 0x59, 0x79, 0x30, 0x41, 0x76, 0x2F,
    0x3F, 0x70, 0x2C, 0x3C, 0x79, 0x30, 0x41, 0x76, 0x2F, 0x40, 0x65, 0x27, 0x37, 0x35, 0x15, 0x21,
    0x1B, 0x0D, 0x18, 0x35, 0x15, 0x21, 0x0C, 0x0A, 0x15, 0x0C, 0x0A, 0x15, 0x2B, 0x12, 0x1D, 0x66,
    0x28, 0x37, 0x16, 0x0C, 0x17, 0x38, 0x16, 0x22, 0x0C, 0x0A, 0x15, 0x13, 0x0B, 0x16, 0x3F, 0x19,
    0x25, 0x6B, 0x2A, 0x3A, 0x0A, 0x0A, 0x15, 0x0C, 0x0A, 0x15, 0x0C, 0x0A, 0x15, 0x0C, 0x0A, 0x15,
    0x0C, 0x0A, 0x15, 0x0C, 0x0A, 0x15, 0x0C, 0x0A, 0x15, 0x0C, 0x0A, 0x15, 0x0B, 0x0A, 0x15, 0x3B,
    0x17, 0x23, 0x13, 0x0B, 0x16, 0x0B, 0x0A, 0x15, 0x67, 0x28, 0x38, 0x27, 0x10, 0x1C, 0x0C, 0x0A,
    0x15, 0x0C, 0x0A, 0x15, 0x38, 0x16, 0x22, 0x1A, 0x0D, 0x18, 0x37, 0x16, 0x22, 0x71, 0x2C, 0x3D,
    0x39, 0x17, 0x23, 0x36, 0x15, 0x21, 0x64, 0x27, 0x36, 0x37, 0x16, 0x22, 0x6A, 0x2A, 0x3A, 0x6F,
    0x2C, 0x3C, 0x76, 0x2F, 0x3F, 0x70, 0x2C, 0x3C, 0x75, 0x2E, 0x3F, 0x55, 0x21, 0x2F, 0x24, 0x0F,
    0x1B, 0x59, 0x23, 0x31, 0x75, 0x2E, 0x3F, 0x71, 0x2D, 0x3D, 0x6C, 0x2A, 0x3A, 0x45, 0x1B, 0x28,
    0x60, 0x26, 0x34, 0x71, 0x2D, 0x3D, 0x5C, 0x24, 0x33, 0x53, 0x20, 0x2E, 0x71, 0x2D, 0x3D, 0x74,
    0x2E, 0x3F, 0x71, 0x2D, 0x3D, 0x79, 0x30, 0x41, 0x79, 0x30, 0x41, 0x79, 0x30, 0x41, 0x6B, 0x2A,
    0x3A, 0x54, 0x21, 0x2F, 0x79, 0x30, 0x41, 0x94, 0x4E, 0x68, 0xBD, 0x73, 0x97, 0xA2, 0x61, 0x79,
    0xCF, 0x91, 0xAB, 0xD2, 0x9A, 0xAF, 0xDA, 0xB0, 0xB9, 0xCE, 0x8D, 0xAA, 0xCD, 0x8A, 0xA9, 0xDA,
    0xB1, 0xB9, 0xD2, 0x9A, 0xAF, 0xE1, 0xC2, 0xC1, 0xDD, 0xB7, 0xBC, 0xDD, 0xB7, 0xBC, 0xDD, 0xB7,
    0xBC, 0xDD, 0xB7, 0xBC, 0xDD, 0xB8, 0xBC, 0xE2, 0xC3, 0xC2, 0xDD, 0xB8, 0xBC, 0xE2, 0xC4, 0xC2,
    0xDD, 0xB7, 0xBC, 0xDD, 0xB7, 0xBC, 0xE2, 0xC4, 0xC2, 0xE2, 0xC4, 0xC2, 0xE2, 0xC4, 0xC2, 0xDD,
    0xB7, 0xBC, 0xE2, 0xC4, 0xC2, 0xE2, 0xC4, 0xC2, 0xDD, 0xB8, 0xBC, 0xE2, 0xC3, 0xC2, 0xCB, 0x84,
    0xA6, 0xDB, 0xB3, 0xBA, 0xD0, 0x95, 0xAD, 0xDB, 0xB3, 0xBA, 0xD1, 0x97, 0xAE, 0xCA, 0x80, 0xA5,
    0xCE, 0x8E, 0xAA, 0xDF, 0xBC, 0xBE, 0xCE, 0x8E, 0xAA, 0xC9, 0x7D, 0xA4, 0xD9, 0xAD, 0xB7, 0xCD,
    0x8C, 0xAA, 0xC9, 0x7D, 0xA4, 0xC9, 0x7D, 0xA4, 0xC9, 0x7D, 0xA4, 0xCD, 0x8C, 0xA9, 0xCB, 0x83,
    0xA6, 0xCD, 0x8B, 0xA9, 0xCB, 0x83, 0xA6, 0xC9, 0x7D, 0xA4, 0xC9, 0x7D, 0xA4, 0xC9, 0x7D, 0xA4,
    0xA7, 0x60, 0x7F, 0x90, 0x4A, 0x63, 0x82, 0x3C, 0x50, 0x79, 0x30, 0x41, 0x79, 0x30, 0x41, 0x79,
    0x30, 0x41, 0x79, 0x30, 0x41, 0x79, 0x30, 0x41, 0x61, 0x26, 0x35, 0x43, 0x1A, 0x27, 0x6C, 0x2A,
    0x3A, 0x71, 0x2C, 0x3D, 0x75, 0x2E, 0x3F, 0x70, 0x2C, 0x3C, 0x79, 0x30, 0x41, 0x79, 0x30, 0x41,
    0x79, 0x30, 0x41, 0x79, 0x30, 0x41, 0x6E, 0x2B, 0x3B, 0x3C, 0x18, 0x24, 0x3C, 0x18, 0x24, 0x36,
    0x15, 0x21, 0x33, 0x14, 0x20, 0x6C, 0x2A, 0x3A, 0x63, 0x27, 0x36, 0x2E, 0x13, 0x1E, 0x64, 0x27,
    0x36, 0x30, 0x13, 0x1F, 0x72, 0x2D, 0x3D, 0x0B, 0x0A, 0x15, 0x24, 0x10, 0x1B, 0x68, 0x29, 0x38,
    0x0A, 0x0A, 0x15, 0x12, 0x0B, 0x16, 0x3B, 0x17, 0x23, 0x17, 0x0C, 0x17, 0x6B, 0x2A, 0x3A, 0x0C,
    0x0A, 0x15, 0x0C, 0x0A, 0x15, 0x0C, 0x0A, 0x15, 0x0C, 0x0A, 0x15, 0x0C, 0x0A, 0x15, 0x0C, 0x0A,
    0x15, 0x0A, 0x0A, 0x15, 0x68, 0x29, 0x39, 0x1F, 0x0E, 0x19, 0x0C, 0x0A, 0x15, 0x3B, 0x17, 0x23,
    0x17, 0x0C, 0x17, 0x0C, 0x0A, 0x15, 0x0C, 0x0A, 0x15, 0x63, 0x27, 0x36, 0x2E, 0x13, 0x1E, 0x0C,
    0x0A, 0x15, 0x38, 0x16, 0x22, 0x64, 0x27, 0x36, 0x34, 0x15, 0x20, 0x6C, 0x2B, 0x3A, 0x3E, 0x18,
    0x25, 0x36, 0x16, 0x21, 0x3E, 0x18, 0x25, 0x3E, 0x18, 0x25, 0x3E, 0x18, 0x25, 0x6B, 0x2A, 0x3A,
    0x47, 0x1C, 0x29, 0x59, 0x23, 0x31, 0x74, 0x2E, 0x3F, 0x58, 0x23, 0x31, 0x68, 0x29, 0x38, 0x79,
    0x30, 0x41, 0x4E, 0x1F, 0x2C, 0x31, 0x14, 0x1F, 0x66, 0x28, 0x37, 0x5F, 0x25, 0x34, 0x4F, 0x1F,
    0x2C, 0x79, 0x30, 0x41, 0x79, 0x30, 0x41, 0x79, 0x30, 0x41, 0x79, 0x30, 0x41, 0x79, 0x30, 0x41,
    0x79, 0x30, 0x41, 0x75, 0x2E, 0x3F, 0x6F, 0x2C, 0x3C, 0x8F, 0x49, 0x62, 0xBE, 0x74, 0x98, 0xCB,
    0x8C, 0xA7, 0xCE, 0xA5, 0xAC, 0xCE, 0x8D, 0xAA, 0xDE, 0xB9, 0xBD, 0xDD, 0xB8, 0xBC, 0xCD, 0x8B,
    0xA9, 0xDA, 0xB0, 0xB9, 0xCE, 0x8F, 0xAA, 0xCD, 0x8B, 0xA9, 0xE2, 0xC4, 0xC2, 0xE2, 0xC4, 0xC2,
    0xE2, 0xC4, 0xC2, 0xE2, 0xC4, 0xC2, 0xE2, 0xC4, 0xC2, 0xE2, 0xC4, 0xC2, 0xE2, 0xC4, 0xC2, 0xE2,
    0xC4, 0xC2, 0xE2, 0xC4, 0xC2, 0xE2, 0xC4, 0xC2, 0xE2, 0xC4, 0xC2, 0xE2, 0xC4, 0xC2, 0xE2, 0xC4,
    0xC2, 0xE2, 0xC4, 0xC2, 0xE2, 0xC4, 0xC2, 0xE2, 0xC4, 0xC2, 0xE2, 0xC4, 0xC2, 0xE2, 0xC4, 0xC2,
    0xE2, 0xC4, 0xC2, 0xDD, 0xB8, 0xBC, 0xD0, 0x96, 0xAD, 0xDB, 0xB3, 0xBA, 0xE1, 0xC2, 0xC1, 0xCD,
    0x89, 0xA8, 0xC9, 0x7D, 0xA4, 0xD9, 0xAF, 0xB8, 0xD2, 0x99, 0xAF, 0xCA, 0x81, 0xA5, 0xC9, 0x7D,
    0xA4, 0xCE, 0x8E, 0xAA, 0xCA, 0x82, 0xA6, 0xC9, 0x7D, 0xA4, 0xC9, 0x7D, 0xA4, 0xC9, 0x7D, 0xA4,
    0xC9, 0x7D, 0xA4, 0xC9, 0x7D, 0xA4, 0xC9, 0x7D, 0xA4, 0xC9, 0x7D, 0xA4, 0xC9, 0x7D, 0xA4, 0xA7,
    0x5F, 0x7E, 0xB8, 0x6F, 0x92, 0xC0, 0x75, 0x9A, 0xBA, 0x70, 0x94, 0x96, 0x50, 0x6B, 0x79, 0x30,
    0x41, 0x79, 0x30, 0x41, 0x98, 0x52, 0x6D, 0xA4, 0x5D, 0x7B, 0x79, 0x30, 0x41, 0x74, 0x2E, 0x3E,
    0x70, 0x2C, 0x3D, 0x94, 0x4E, 0x68, 0x9E, 0x5E, 0x7C, 0x57, 0x22, 0x30, 0x79, 0x30, 0x41, 0x79,
    0x30, 0x41, 0x79, 0x30, 0x41, 0x79, 0x30, 0x41, 0x79, 0x30, 0x41, 0x6A, 0x2A, 0x3A, 0x0C, 0x0A,
    0x15, 0x35, 0x15, 0x21, 0x60, 0x26, 0x34, 0x1D, 0x0E, 0x19, 0x3E, 0x18, 0x25, 0x38, 0x16, 0x22,
    0x1B, 0x0D, 0x18, 0x39, 0x17, 0x23, 0x19, 0x0D, 0x18, 0x46, 0x1B, 0x28, 0x65, 0x28, 0x37, 0x15,
    0x0C, 0x17, 0x3C, 0x17, 0x24, 0x1F, 0x0E, 0x19, 0x68, 0x29, 0x39, 0x0A, 0x0A, 0x15, 0x10, 0x0B,
    0x16, 0x3D, 0x18, 0x24, 0x0C, 0x0A, 0x15, 0x0C, 0x0A, 0x15, 0x0C, 0x0A, 0x15, 0x0C, 0x0A, 0x15,
    0x0C, 0x0A, 0x15, 0x0C, 0x0A, 0x15, 0x0A, 0x0A, 0x15, 0x76, 0x2F, 0x3F, 0x23, 0x0F, 0x1B, 0x0C,
    0x0A, 0x15, 0x0C, 0x0A, 0x15, 0x0C, 0x0A, 0x15, 0x0C, 0x0A, 0x15, 0x0C, 0x0A, 0x15, 0x3B, 0x17,
    0x23, 0x64, 0x27, 0x37, 0x6A, 0x2A, 0x39, 0x6A, 0x2A, 0x39, 0x4B, 0x1D, 0x2A, 0x1F, 0x0E, 0x19,
    0x6C, 0x2B, 0x3A, 0x6E, 0x2B, 0x3B, 0x6A, 0x2A, 0x39, 0x39, 0x16, 0x22, 0x0C, 0x0A, 0x15, 0x0C,
    0x0A, 0x15, 0x36, 0x15, 0x21, 0x5F, 0x25, 0x34, 0x74, 0x2E, 0x3F, 0x58, 0x23, 0x31, 0x5E, 0x25,
    0x33, 0x52, 0x20, 0x2E, 0x68, 0x29, 0x38, 0x4E, 0x1F, 0x2C, 0x54, 0x21, 0x2F, 0x73, 0x2E, 0x3E,
    0x73, 0x2E, 0x3E, 0x70, 0x2C, 0x3D, 0x68, 0x29, 0x38, 0x5A, 0x23, 0x32, 0x79, 0x30, 0x41, 0x79,
    0x30, 0x41, 0x79, 0x30, 0x41, 0x79, 0x30, 0x41, 0x79, 0x30, 0x41, 0x79, 0x30, 0x41, 0x9D, 0x6D,
    0x75, 0xDC, 0xB5, 0xBB, 0xDE, 0xB9, 0xBD, 0xE1, 0xC1, 0xC0, 0xD9, 0xAE, 0xB8, 0xD4, 0x9F, 0xB1,
    0xDD, 0xB8, 0xBC, 0xCA, 0x82, 0xA6, 0xCE, 0x8F, 0xAB, 0xC9, 0x7D, 0xA4, 0xCA, 0x81, 0xA5, 0xD0,
    0x93, 0xAC, 0xD2, 0x9B, 0xAF, 0xE2, 0xC4, 0xC2, 0xE2, 0xC4, 0xC2, 0xE2, 0xC4, 0xC2, 0xE1, 0xC1,
    0xC0, 0xD1, 0x97, 0xAE, 0xE2, 0xC4, 0xC2, 0xE2, 0xC4, 0xC2, 0xE2, 0xC4, 0xC2, 0xE2, 0xC4, 0xC2,
    0xE2, 0xC4, 0xC2, 0xE2, 0xC4, 0xC2, 0xE2, 0xC4, 0xC2, 0xE2, 0xC4, 0xC2, 0xE2, 0xC4, 0xC2, 0xE2,
    0xC4, 0xC2, 0xE2, 0xC4, 0xC2, 0xE2, 0xC4, 0xC2, 0xE2, 0xC4, 0xC2, 0xDD, 0xB7, 0xBC, 0xE1, 0xC3,
    0xC1, 0xD2, 0x9A, 0xAF, 0xCA, 0x80, 0xA5, 0xD9, 0xAF, 0xB8, 0xD2, 0x99, 0xAF, 0xDA, 0xB0, 0xB9,
    0xCD, 0x8A, 0xA9, 0xD9, 0xAC, 0xB7, 0xCD, 0x8B, 0xA9, 0xC9, 0x7D, 0xA4, 0xC9, 0x7D, 0xA4, 0xC9,
    0x7D, 0xA4, 0xC9, 0x7D, 0xA4, 0xC9, 0x7D, 0xA4, 0xC9, 0x7D, 0xA4, 0xC9, 0x7D, 0xA4, 0xC9, 0x7D,
    0xA4, 0xC9, 0x7D, 0xA4, 0xBF, 0x74, 0x99, 0xC4, 0x79, 0x9E, 0xC9, 0x7D, 0xA4, 0xC9, 0x7D, 0xA4,
    0x9E, 0x58, 0x74, 0x79, 0x30, 0x41, 0x79, 0x30, 0x41, 0x84, 0x3E, 0x53, 0x89, 0x43, 0x59, 0x79,
    0x30, 0x41, 0x68, 0x29, 0x38, 0x5A, 0x23, 0x32, 0x83, 0x3C, 0x50, 0x79, 0x3F, 0x55, 0x26, 0x10,
    0x1B, 0x57, 0x22, 0x30, 0x6C, 0x2A, 0x3A, 0x55, 0x21, 0x2F, 0x79, 0x30, 0x41, 0x6E, 0x2B, 0x3B,
    0x38, 0x16, 0x22, 0x36, 0x15, 0x21, 0x62, 0x27, 0x36, 0x39, 0x17, 0x23, 0x32, 0x14, 0x20, 0x6A,
    0x2A, 0x39, 0x6A, 0x2A, 0x39, 0x62, 0x26, 0x35, 0x0C, 0x0A, 0x15, 0x0C, 0x0A, 0x15, 0x19, 0x0D,
    0x18, 0x46, 0x1B, 0x28, 0x65, 0x28, 0x37, 0x0B, 0x0A, 0x15, 0x14, 0x0B, 0x17, 0x3E, 0x18, 0x25,
    0x0B, 0x0A, 0x15, 0x0C, 0x0A, 0x15, 0x0C, 0x0A, 0x15, 0x11, 0x0B, 0x16, 0x6A, 0x2A, 0x39, 0x0C,
    0x0A, 0x15, 0x0C, 0x0A, 0x15, 0x0C, 0x0A, 0x15, 0x0C, 0x0A, 0x15, 0x0B, 0x0A, 0x15, 0x40, 0x19,
    0x25, 0x14, 0x0C, 0x17, 0x0C, 0x0A, 0x15, 0x0C, 0x0A, 0x15, 0x0C, 0x0A, 0x15, 0x63, 0x27, 0x36,
    0x2A, 0x11, 0x1D, 0x0C, 0x0A, 0x15, 0x3C, 0x18, 0x24, 0x72, 0x2D, 0x3D, 0x50, 0x1F, 0x2D, 0x1F,
    0x0E, 0x19, 0x5E, 0x25, 0x34, 0x76, 0x2F, 0x3F, 0x79, 0x30, 0x41, 0x79, 0x30, 0x41, 0x41, 0x19,
    0x26, 0x5B, 0x23, 0x32, 0x69, 0x29, 0x39, 0x3C, 0x18, 0x24, 0x66, 0x28, 0x37, 0x58, 0x23, 0x31,
    0x27, 0x11, 0x1C, 0x35, 0x15, 0x21, 0x29, 0x11, 0x1C, 0x61, 0x26, 0x35, 0x70, 0x2C, 0x3C, 0x73,
    0x2D, 0x3E, 0x5D, 0x25, 0x33, 0x5D, 0x24, 0x33, 0x79, 0x30, 0x41, 0x73, 0x2E, 0x3E, 0x5D, 0x24,
    0x33, 0x41, 0x1A, 0x26, 0x5A, 0x23, 0x31, 0x79, 0x30, 0x41, 0x79, 0x30, 0x41, 0x79, 0x30, 0x41,
    0x79, 0x30, 0x41, 0xA0, 0x74, 0x78, 0xE2, 0xC4, 0xC2, 0xE2, 0xC4, 0xC2, 0xE2, 0xC4, 0xC2, 0xE1,
    0xC1, 0xC0, 0xDD, 0xB8, 0xBC, 0xDD, 0xB8, 0xBC, 0xC9, 0x7D, 0xA4, 0xCD, 0x89, 0xA8, 0xDC, 0xB5,
    0xBB, 0xD9, 0xAD, 0xB7, 0xC9, 0x7D, 0xA4, 0xCA, 0x80, 0xA5, 0xD2, 0x9B, 0xAF, 0xE0, 0xC0, 0xC0,
    0xD2, 0x99, 0xAF, 0xE2, 0xC3, 0xC2, 0xDC, 0xB6, 0xBB, 0xE2, 0xC4, 0xC2, 0xE2, 0xC4, 0xC2, 0xE2,
    0xC4, 0xC2, 0xE2, 0xC4, 0xC2, 0xE2, 0xC4, 0xC2, 0xE2, 0xC4, 0xC2, 0xE2, 0xC4, 0xC2, 0xE2, 0xC4,
    0xC2, 0xE2, 0xC4, 0xC2, 0xE2, 0xC4, 0xC2, 0xE2, 0xC4, 0xC2, 0xE2, 0xC4, 0xC2, 0xE2, 0xC4, 0xC2,
    0xD2, 0x99, 0xAF, 0xE0, 0xC0, 0xC0, 0xDC, 0xB6, 0xBC, 0xDC, 0xB5, 0xBB, 0xD2, 0x9A, 0xAF, 0xCA,
    0x81, 0xA5, 0xCF, 0x91, 0xAB, 0xCA, 0x82, 0xA6, 0xCF, 0x90, 0xAB, 0xCA, 0x82, 0xA6, 0xD8, 0xAA,
    0xB6, 0xDC, 0xB5, 0xBB, 0xCE, 0x8D, 0xAA, 0xC9, 0x7D, 0xA4, 0xC9, 0x7D, 0xA4, 0xC9, 0x7D, 0xA4,
    0xC9, 0x7D, 0xA4, 0xC9, 0x7D, 0xA4, 0xC9, 0x7D, 0xA4, 0xC9, 0x7D, 0xA4, 0xC9, 0x7D, 0xA4, 0xC9,
    0x7D, 0xA4, 0xAA, 0x63, 0x82, 0x84, 0x3E, 0x52, 0x79, 0x30, 0x41, 0x5D, 0x24, 0x33, 0x83, 0x4B,
    0x65, 0xA3, 0x5C, 0x7A, 0x79, 0x30, 0x41, 0x73, 0x2E, 0x3E, 0x5D, 0x24, 0x33, 0x5A, 0x23, 0x31,
    0x64, 0x27, 0x36, 0x3E, 0x18, 0x25, 0x6E, 0x2C, 0x3C, 0x74, 0x2E, 0x3F, 0x60, 0x26, 0x34, 0x55,
    0x21, 0x2F, 0x75, 0x2E, 0x3F, 0x5C, 0x24, 0x33, 0x3E, 0x18, 0x25, 0x76, 0x2F, 0x3F, 0x5E, 0x25,
    0x34, 0x1F, 0x0E, 0x19, 0x41, 0x1A, 0x26, 0x41, 0x1A, 0x26, 0x4A, 0x1D, 0x2A, 0x69, 0x29, 0x39,
    0x62, 0x26, 0x35, 0x0C, 0x0A, 0x15, 0x18, 0x0C, 0x17, 0x3E, 0x18, 0x25, 0x21, 0x0F, 0x1A, 0x66,
    0x28, 0x37, 0x0A, 0x0A, 0x15, 0x0C, 0x0A, 0x15, 0x0C, 0x0A, 0x15, 0x0C, 0x0A, 0x15, 0x0E, 0x0A,
    0x15, 0x41, 0x1A, 0x26, 0x0C, 0x0A, 0x15, 0x0C, 0x0A, 0x15, 0x0C, 0x0A, 0x15, 0x0C, 0x0A, 0x15,
    0x0C, 0x0A, 0x15, 0x0C, 0x0A, 0x15, 0x0C, 0x0A, 0x15, 0x0C, 0x0A, 0x15, 0x0C, 0x0A, 0x15, 0x0C,
    0x0A, 0x15, 0x3F, 0x19, 0x25, 0x1B, 0x0D, 0x18, 0x0C, 0x0A, 0x15, 0x60, 0x26, 0x34, 0x4B, 0x1D,
    0x2B, 0x1F, 0x0E, 0x19, 0x5E, 0x25, 0x33, 0x76, 0x2F, 0x3F, 0x79, 0x30, 0x41, 0x54, 0x21, 0x2F,
    0x43, 0x1A, 0x27, 0x60, 0x26, 0x34, 0x75, 0x2E, 0x3F, 0x79, 0x30, 0x41, 0x6D, 0x2B, 0x3B, 0x74,
    0x2E, 0x3E, 0x48, 0x1C, 0x29, 0x56, 0x22, 0x30, 0x68, 0x29, 0x38, 0x41, 0x19, 0x26, 0x61, 0x26,
    0x35, 0x5D, 0x24, 0x33, 0x43, 0x1A, 0x27, 0x5B, 0x24, 0x32, 0x6F, 0x2C, 0x3C, 0x79, 0x30, 0x41,
    0x79, 0x30, 0x41, 0x73, 0x2E, 0x3E, 0x68, 0x29, 0x38, 0x5D, 0x25, 0x33, 0x5A, 0x23, 0x31, 0x79,
    0x30, 0x41, 0x79, 0x30, 0x41, 0x79, 0x30, 0x41, 0x98, 0x5C, 0x6E, 0xD5, 0xA4, 0xB3, 0xE2, 0xC4,
    0xC2, 0xE2, 0xC4, 0xC2, 0xE2, 0xC4, 0xC2, 0xE2, 0xC4, 0xC2, 0xE1, 0xC1, 0xC0, 0xDB, 0xB4, 0xBA,
    0xDD, 0xB7, 0xBC, 0xDF, 0xBD, 0xBF, 0xD2, 0x9B, 0xAF, 0xD9, 0xAD, 0xB7, 0xC9, 0x7D, 0xA4, 0xCA,
    0x80, 0xA5, 0xD2, 0x99, 0xAF, 0xDA, 0xB1, 0xB9, 0xD2, 0x9A, 0xAF, 0xE2, 0xC4, 0xC2, 0xE2, 0xC4,
    0xC2, 0xE2, 0xC4, 0xC2, 0xE2, 0xC4, 0xC2, 0xE2, 0xC4, 0xC2, 0xE2, 0xC4, 0xC2, 0xE2, 0xC4, 0xC2,
    0xE2, 0xC4, 0xC2, 0xE2, 0xC4, 0xC2, 0xE2, 0xC4, 0xC2, 0xE2, 0xC4, 0xC2, 0xE2, 0xC4, 0xC2, 0xE2,
    0xC4, 0xC2, 0xE2, 0xC4, 0xC2, 0xDC, 0xB5, 0xBB, 0xE1, 0xC2, 0xC1, 0xE2, 0xC4, 0xC2, 0xE2, 0xC4,
    0xC2, 0xDC, 0xB6, 0xBB, 0xDB, 0xB4, 0xBA, 0xCC, 0x88, 0xA8, 0xD8, 0xAB, 0xB6, 0xCD, 0x8A, 0xA9,
    0xC9, 0x7D, 0xA4, 0xCF, 0x91, 0xAB, 0xD0, 0x95, 0xAD, 0xCB, 0x83, 0xA6, 0xC9, 0x7D, 0xA4, 0xC9,
    0x7D, 0xA4, 0xC9, 0x7D, 0xA4, 0xC9, 0x7D, 0xA4, 0xC9, 0x7D, 0xA4, 0xC9, 0x7D, 0xA4, 0xA9, 0x62,
    0x81, 0x95, 0x4F, 0x69, 0xB9, 0x6F, 0x92, 0x9D, 0x57, 0x73, 0x79, 0x30, 0x41, 0x79, 0x30, 0x41,
    0x9B, 0x59, 0x76, 0x99, 0x5E, 0x7D, 0x62, 0x38, 0x4D, 0x43, 0x1A, 0x27, 0x5C, 0x24, 0x33, 0x8F,
    0x4C, 0x66, 0x9E, 0x5C, 0x79, 0x64, 0x27, 0x36, 0x48, 0x1C, 0x29, 0x79, 0x30, 0x41, 0x6C, 0x2B,
    0x3B, 0x39, 0x17, 0x23, 0x42, 0x1A, 0x27, 0x6E, 0x2B, 0x3B, 0x3B, 0x17, 0x23, 0x22, 0x0F, 0x1A,
    0x53, 0x20, 0x2E, 0x6D, 0x2B, 0x3B, 0x0C, 0x0A, 0x15, 0x30, 0x13, 0x1F, 0x5F, 0x25, 0x34, 0x1D,
    0x0E, 0x19, 0x43, 0x1A, 0x27, 0x4A, 0x1D, 0x2A, 0x62, 0x26, 0x35, 0x0C, 0x0A, 0x15, 0x0C, 0x0A,
    0x15, 0x16, 0x0C, 0x17, 0x41, 0x19, 0x26, 0x0B, 0x0A, 0x15, 0x0C, 0x0A, 0x15, 0x16, 0x0C, 0x17,
    0x67, 0x29, 0x38, 0x0C, 0x0A, 0x15, 0x0C, 0x0A, 0x15, 0x0C, 0x0A, 0x15, 0x0C, 0x0A, 0x15, 0x0C,
    0x0A, 0x15, 0x0B, 0x0A, 0x15, 0x65, 0x28, 0x37, 0x1B, 0x0D, 0x18, 0x0C, 0x0A, 0x15, 0x0C, 0x0A,
    0x15, 0x0C, 0x0A, 0x15, 0x0C, 0x0A, 0x15, 0x0C, 0x0A, 0x15, 0x0C, 0x0A, 0x15, 0x0C, 0x0A, 0x15,
    0x6F, 0x2C, 0x3C, 0x6B, 0x2A, 0x3A, 0x2F, 0x13, 0x1F, 0x3E, 0x18, 0x25, 0x45, 0x1B, 0x28, 0x45,
    0x1B, 0x28, 0x23, 0x0F, 0x1B, 0x5A, 0x23, 0x32, 0x75, 0x2E, 0x3F, 0x57, 0x22, 0x30, 0x45, 0x1B,
    0x28, 0x45, 0x1B, 0x28, 0x6C, 0x2B, 0x3A, 0x6D, 0x2B, 0x3B, 0x52, 0x20, 0x2E, 0x6A, 0x2A, 0x39,
    0x6E, 0x2B, 0x3B, 0x54, 0x21, 0x2F, 0x5C, 0x24, 0x32, 0x67, 0x29, 0x38, 0x72, 0x2D, 0x3D, 0x68,
    0x29, 0x38, 0x45, 0x1B, 0x28, 0x45, 0x1B, 0x28, 0x5C, 0x24, 0x33, 0x79, 0x30, 0x41, 0x73, 0x2E,
    0x3E, 0x6D, 0x2B, 0x3B, 0x79, 0x30, 0x41, 0x79, 0x30, 0x41, 0x79, 0x30, 0x41, 0x95, 0x4F, 0x69,
    0xD0, 0x94, 0xAD, 0xE2, 0xC4, 0xC2, 0xE2, 0xC4, 0xC2, 0xE2, 0xC4, 0xC2, 0xE2, 0xC4, 0xC2, 0xE2,
    0xC4, 0xC2, 0xE2, 0xC4, 0xC2, 0xE2, 0xC4, 0xC2, 0xDE, 0xBA, 0xBD, 0xCA, 0x81, 0xA6, 0xD2, 0x9B,
    0xAF, 0xDB, 0xB3, 0xBA, 0xD9, 0xAE, 0xB7, 0xCC, 0x87, 0xA7, 0xE0, 0xBF, 0xC0, 0xCA, 0x7F, 0xA5,
    0xD2, 0x9A, 0xAF, 0xE1, 0xC2, 0xC1, 0xD1, 0x98, 0xAE, 0xE2, 0xC4, 0xC2, 0xE2, 0xC4, 0xC2, 0xE2,
    0xC4, 0xC2, 0xE2, 0xC4, 0xC2, 0xE2, 0xC4, 0xC2, 0xE2, 0xC4, 0xC2, 0xE2, 0xC4, 0xC2, 0xE2, 0xC4,
    0xC2, 0xE2, 0xC4, 0xC2, 0xE2, 0xC4, 0xC2, 0xE2, 0xC4, 0xC2, 0xE2, 0xC4, 0xC2, 0xE2, 0xC4, 0xC2,
    0xE2, 0xC4, 0xC2, 0xE2, 0xC4, 0xC2, 0xE2, 0xC4, 0xC2, 0xE2, 0xC4, 0xC2, 0xDC, 0xB6, 0xBB, 0xE1,
    0xC1, 0xC1, 0xCE, 0x8E, 0xAA, 0xC9, 0x7D, 0xA4, 0xC9, 0x7D, 0xA4, 0xC9, 0x7D, 0xA4, 0xC9, 0x7D,
    0xA4, 0xC9, 0x7D, 0xA4, 0xC9, 0x7D, 0xA4, 0xC9, 0x7D, 0xA4, 0xC9, 0x7D, 0xA4, 0xC9, 0x7D, 0xA4,
    0xD5, 0xA4, 0xB3, 0xC3, 0x89, 0x9F, 0xB6, 0x6D, 0x90, 0xC2, 0x78, 0x9D, 0x9D, 0x57, 0x73, 0x79,
    0x30, 0x41, 0x79, 0x30, 0x41, 0xAE, 0x66, 0x87, 0xAA, 0x65, 0x85, 0x67, 0x29, 0x38, 0x52, 0x20,
    0x2E, 0x4D, 0x1E, 0x2B, 0x9C, 0x56, 0x72, 0xA9, 0x67, 0x88, 0x39, 0x16, 0x22, 0x48, 0x1C, 0x29,
    0x79, 0x30, 0x41, 0x74, 0x2E, 0x3E, 0x58, 0x22, 0x31, 0x25, 0x10, 0x1B, 0x3C, 0x17, 0x24, 0x36,
    0x15, 0x21, 0x5B, 0x24, 0x32, 0x22, 0x0F, 0x1A, 0x4E, 0x1E, 0x2C, 0x67, 0x29, 0x38, 0x62, 0x26,
    0x35, 0x3F, 0x19, 0x25, 0x0C, 0x0A, 0x15, 0x0C, 0x0A, 0x15, 0x1C, 0x0D, 0x18, 0x41, 0x19, 0x26,
    0x25, 0x10, 0x1B, 0x67, 0x29, 0x38, 0x63, 0x27, 0x36, 0x0B, 0x0A, 0x15, 0x1B, 0x0D, 0x18, 0x65,
    0x28, 0x37, 0x10, 0x0B, 0x16, 0x44, 0x1B, 0x27, 0x0C, 0x0A, 0x15, 0x0C, 0x0A, 0x15, 0x0C, 0x0A,
    0x15, 0x0C, 0x0A, 0x15, 0x0C, 0x0A, 0x15, 0x0B, 0x0A, 0x15, 0x45, 0x1B, 0x28, 0x14, 0x0B, 0x17,
    0x0C, 0x0A, 0x15, 0x0C, 0x0A, 0x15, 0x0B, 0x0A, 0x15, 0x61, 0x26, 0x35, 0x27, 0x10, 0x1C, 0x0C,
    0x0A, 0x15, 0x0C, 0x0A, 0x15, 0x6F, 0x2C, 0x3C, 0x52, 0x20, 0x2E, 0x20, 0x0F, 0x1A, 0x5C, 0x24,
    0x33, 0x66, 0x28, 0x37, 0x32, 0x14, 0x20, 0x5A, 0x23, 0x32, 0x75, 0x2E, 0x3F, 0x57, 0x22, 0x30,
    0x26, 0x10, 0x1C, 0x57, 0x22, 0x30, 0x3A, 0x17, 0x23, 0x3B, 0x17, 0x23, 0x6C, 0x2A, 0x3A, 0x6D,
    0x2B, 0x3B, 0x53, 0x20, 0x2E, 0x46, 0x1B, 0x28, 0x5C, 0x24, 0x32, 0x72, 0x2D, 0x3D, 0x79, 0x30,
    0x41, 0x5F, 0x25, 0x34, 0x55, 0x21, 0x2F, 0x66, 0x28, 0x37, 0x66, 0x28, 0x37, 0x6E, 0x2B, 0x3B,
    0x79, 0x30, 0x41, 0x79, 0x30, 0x41, 0x79, 0x30, 0x41, 0x79, 0x30, 0x41, 0x79, 0x30, 0x41, 0x79,
    0x30, 0x41, 0x9D, 0x6B, 0x74, 0xDD, 0xB7, 0xBC, 0xE2, 0xC4, 0xC2, 0xE2, 0xC4, 0xC2, 0xE2, 0xC4,
    0xC2, 0xE2, 0xC4, 0xC2, 0xDF, 0xBC, 0xBE, 0xD1, 0x98, 0xAE, 0xD4, 0xA1, 0xB2, 0xE1, 0xC1, 0xC1,
    0xD8, 0xAB, 0xB6, 0xCD, 0x8A, 0xA9, 0xE2, 0xC4, 0xC2, 0xDF, 0xBD, 0xBF, 0xCC, 0x87, 0xA7, 0xE1,
    0xC3, 0xC1, 0xD9, 0xAE, 0xB8, 0xCB, 0x83, 0xA6, 0xE1, 0xC1, 0xC1, 0xCA, 0x80, 0xA5, 0xE2, 0xC4,
    0xC2, 0xE2, 0xC3, 0xC2, 0xD1, 0x98, 0xAE, 0xE2, 0xC4, 0xC2, 0xE2, 0xC4, 0xC2, 0xE2, 0xC4, 0xC2,
    0xE2, 0xC4, 0xC2, 0xE2, 0xC4, 0xC2, 0xE2, 0xC4, 0xC2, 0xF5, 0xEC, 0xE3, 0xE4, 0xC8, 0xC5, 0xE2,
    0xC4, 0xC2, 0xE2, 0xC4, 0xC2, 0xE2, 0xC4, 0xC2, 0xE2, 0xC4, 0xC2, 0xE2, 0xC4, 0xC2, 0xE2, 0xC4,
    0xC2, 0xE2, 0xC4, 0xC2, 0xD4, 0xA1, 0xB2, 0xD9, 0xAD, 0xB7, 0xDB, 0xB2, 0xB9, 0xCD, 0x8B, 0xA9,
    0xC9, 0x7D, 0xA4, 0xC9, 0x7D, 0xA4, 0xC9, 0x7D, 0xA4, 0xC9, 0x7D, 0xA4, 0xC9, 0x7D, 0xA4, 0xC9,
    0x7D, 0xA4, 0xC9, 0x7D, 0xA4, 0xDA, 0xB1, 0xB9, 0xD2, 0x99, 0xAF, 0xAB, 0x63, 0x83, 0x98, 0x52,
    0x6D, 0x86, 0x3F, 0x54, 0x79, 0x30, 0x41, 0x5E, 0x25, 0x34, 0xB2, 0x8E, 0x95, 0xBB, 0x8F, 0x97,
    0x68, 0x29, 0x39, 0x54, 0x21, 0x2F, 0x6E, 0x2B, 0x3B, 0x78, 0x3A, 0x4F, 0x71, 0x3F, 0x55, 0x66,
    0x28, 0x37, 0x6D, 0x2B, 0x3B, 0x79, 0x30, 0x41, 0x79, 0x30, 0x41, 0x74, 0x2E, 0x3E, 0x58, 0x22,
    0x31, 0x0C, 0x0A, 0x15, 0x3F, 0x19, 0x25, 0x6B, 0x2A, 0x3A, 0x0C, 0x0A, 0x15, 0x3B, 0x17, 0x23,
    0x79, 0x30, 0x41, 0x6E, 0x2B, 0x3B, 0x0C, 0x0A, 0x15, 0x2C, 0x12, 0x1E, 0x5F, 0x25, 0x34, 0x0C,
    0x0A, 0x15, 0x0C, 0x0A, 0x15, 0x1A, 0x0D, 0x18, 0x46, 0x1B, 0x28, 0x44, 0x1A, 0x27, 0x0B, 0x0A,
    0x15, 0x14, 0x0B, 0x17, 0x45, 0x1B, 0x28, 0x0B, 0x0A, 0x15, 0x0C, 0x0A, 0x15, 0x0C, 0x0A, 0x15,
    0x0C, 0x0A, 0x15, 0x0C, 0x0A, 0x15, 0x0C, 0x0A, 0x15, 0x0C, 0x0A, 0x15, 0x0C, 0x0A, 0x15, 0x0C,
    0x0A, 0x15, 0x0C, 0x0A, 0x15, 0x0C, 0x0A, 0x15, 0x0C, 0x0A, 0x15, 0x0C, 0x0A, 0x15, 0x44, 0x1B,
    0x27, 0x1C, 0x0D, 0x18, 0x0C, 0x0A, 0x15, 0x5E, 0x25, 0x33, 0x4E, 0x1E, 0x2C, 0x20, 0x0E, 0x1A,
    0x5C, 0x24, 0x32, 0x75, 0x2E, 0x3F, 0x79, 0x30, 0x41, 0x3C, 0x18, 0x24, 0x3F, 0x19, 0x25, 0x6F,
    0x2C, 0x3C, 0x41, 0x19, 0x26, 0x57, 0x22, 0x30, 0x74, 0x2E, 0x3E, 0x45, 0x1B, 0x28, 0x0C, 0x0A,
    0x15, 0x65, 0x28, 0x37, 0x5C, 0x24, 0x33, 0x5C, 0x24, 0x33, 0x3F, 0x19, 0x25, 0x3A, 0x17, 0x23,
    0x69, 0x29, 0x39, 0x79, 0x30, 0x41, 0x6E, 0x2B, 0x3B, 0x5B, 0x23, 0x32, 0x5F, 0x25, 0x34, 0x79,
    0x30, 0x41, 0x79, 0x30, 0x41, 0x79, 0x30, 0x41, 0x79, 0x30, 0x41, 0x79, 0x30, 0x41, 0x79, 0x30,
    0x41, 0x79, 0x30, 0x41, 0x79, 0x30, 0x41, 0xA0, 0x74, 0x78, 0xE2, 0xC4, 0xC2, 0xDE, 0xBA, 0xBD,
    0xD6, 0xA5, 0xB3, 0xDE, 0xBB, 0xBE, 0xD2, 0x99, 0xAE, 0xD3, 0x9E, 0xB1, 0xD7, 0xA8, 0xB5, 0xCB,
    0x83, 0xA6, 0xD4, 0xA1, 0xB2, 0xDE, 0xBB, 0xBE, 0xCD, 0x8A, 0xA9, 0xE2, 0xC4, 0xC2, 0xE1, 0xC2,
    0xC1, 0xDB, 0xB3, 0xBA, 0xE1, 0xC1, 0xC0, 0xD1, 0x97, 0xAE, 0xCB, 0x83, 0xA6, 0xE1, 0xC1, 0xC1,
    0xCA, 0x80, 0xA5, 0xE2, 0xC3, 0xC2, 0xD2, 0x99, 0xAF, 0xDA, 0xB1, 0xB9, 0xE2, 0xC4, 0xC2, 0xE2,
    0xC4, 0xC2, 0xE2, 0xC4, 0xC2, 0xE2, 0xC4, 0xC2, 0xE2, 0xC4, 0xC2, 0xE2, 0xC4, 0xC2, 0xEB, 0xD8,
    0xD3, 0xE3, 0xC6, 0xC3, 0xE2, 0xC4, 0xC2, 0xE2, 0xC4, 0xC2, 0xE2, 0xC4, 0xC2, 0xE2, 0xC4, 0xC2,
    0xE2, 0xC4, 0xC2, 0xE2, 0xC4, 0xC2, 0xE2, 0xC4, 0xC2, 0xDC, 0xB5, 0xBB, 0xE1, 0xC0, 0xC0, 0xE2,
    0xC4, 0xC2, 0xDC, 0xB5, 0xBB, 0xDA, 0xB1, 0xB9, 0xCD, 0x8C, 0xA9, 0xC9, 0x7D, 0xA4, 0xD6, 0xA5,
    0xB4, 0xDA, 0xB1, 0xB9, 0xCE, 0x8F, 0xAA, 0xC9, 0x7D, 0xA4, 0xCF, 0x91, 0xAB, 0xCC, 0x87, 0xA8,
    0xC8, 0x9A, 0xA5, 0x9B, 0x6E, 0x73, 0x79, 0x30, 0x41, 0x79, 0x30, 0x41, 0xA7, 0x86, 0x87, 0xA1,
    0x8B, 0x8A, 0x83, 0x61, 0x64, 0x60, 0x26, 0x34, 0x4E, 0x1F, 0x2C, 0x93, 0x4D, 0x66, 0x9D, 0x5A,
    0x77, 0x5C, 0x24, 0x33, 0x7B, 0x44, 0x5B, 0xA4, 0x5D, 0x7B, 0x79, 0x30, 0x41, 0x79, 0x30, 0x41,
    0x79, 0x30, 0x41, 0x69, 0x29, 0x39, 0x0C, 0x0A, 0x15, 0x25, 0x10, 0x1B, 0x50, 0x1F, 0x2D, 0x5A,
    0x23, 0x32, 0x3B, 0x17, 0x23, 0x71, 0x2D, 0x3D, 0x41, 0x1A, 0x26, 0x0C, 0x0A, 0x15, 0x1F, 0x0E,
    0x19, 0x43, 0x1A, 0x27, 0x28, 0x11, 0x1C, 0x5F, 0x25, 0x34, 0x24, 0x10, 0x1B, 0x60, 0x26, 0x35,
    0x0B, 0x0A, 0x15, 0x1D, 0x0E, 0x19, 0x63, 0x27, 0x36, 0x0A, 0x0A, 0x15, 0x16, 0x0C, 0x17, 0x64,
    0x27, 0x36, 0x0C, 0x0A, 0x15, 0x0C, 0x0A, 0x15, 0x0C, 0x0A, 0x15, 0x0C, 0x0A, 0x15, 0x0C, 0x0A,
    0x15, 0x0C, 0x0A, 0x15, 0x0C, 0x0A, 0x15, 0x0C, 0x0A, 0x15, 0x0C, 0x0A, 0x15, 0x0C, 0x0A, 0x15,
    0x0C, 0x0A, 0x15, 0x0C, 0x0A, 0x15, 0x0C, 0x0A, 0x15, 0x0C, 0x0A, 0x15, 0x70, 0x2C, 0x3D, 0x68,
    0x29, 0x38, 0x64, 0x27, 0x36, 0x4F, 0x1F, 0x2C, 0x49, 0x1D, 0x2A, 0x49, 0x1D, 0x2A, 0x5F, 0x25,
    0x34, 0x64, 0x27, 0x36, 0x51, 0x20, 0x2D, 0x27, 0x10, 0x1C, 0x69, 0x29, 0x39, 0x5A, 0x23, 0x32,
    0x5D, 0x24, 0x33, 0x3A, 0x17, 0x23, 0x3D, 0x18, 0x24, 0x5C, 0x24, 0x33, 0x72, 0x2D, 0x3E, 0x4C,
    0x1E, 0x2B, 0x50, 0x1F, 0x2D, 0x55, 0x21, 0x2F, 0x69, 0x29, 0x39, 0x61, 0x26, 0x35, 0x39, 0x17,
    0x23, 0x4F, 0x1F, 0x2C, 0x79, 0x30, 0x41, 0x79, 0x30, 0x41, 0x79, 0x30, 0x41, 0x79, 0x30, 0x41,
    0x79, 0x30, 0x41, 0x79, 0x30, 0x41, 0x79, 0x30, 0x41, 0x79, 0x30, 0x41, 0x99, 0x5E, 0x6F, 0xD2,
    0x9A, 0xAF, 0xD0, 0x93, 0xAC, 0xCB, 0x85, 0xA7, 0xD0, 0x94, 0xAD, 0xCD, 0x8A, 0xA9, 0xD8, 0xAC,
    0xB7, 0xD0, 0x95, 0xAD, 0xCC, 0x88, 0xA8, 0xD9, 0xAC, 0xB7, 0xD1, 0x96, 0xAD, 0xCA, 0x82, 0xA6,
    0xD2, 0x9A, 0xAF, 0xD2, 0x9A, 0xAF, 0xD2, 0x9A, 0xAF, 0xD1, 0x98, 0xAE, 0xCA, 0x82, 0xA6, 0xD9,
    0xAF, 0xB8, 0xD1, 0x99, 0xAE, 0xC9, 0x7E, 0xA4, 0xD2, 0x99, 0xAF, 0xC9, 0x7E, 0xA4, 0xD2, 0x9A,
    0xAF, 0xD2, 0x9A, 0xAF, 0xE2, 0xC4, 0xC2, 0xD2, 0x9B, 0xAF, 0xE2, 0xC3, 0xC2, 0xE2, 0xC4, 0xC2,
    0xE2, 0xC4, 0xC2, 0xE2, 0xC4, 0xC2, 0xE2, 0xC4, 0xC2, 0xE2, 0xC4, 0xC2, 0xE2, 0xC4, 0xC2, 0xE2,
    0xC4, 0xC2, 0xE2, 0xC4, 0xC2, 0xE2, 0xC4, 0xC2, 0xE2, 0xC4, 0xC2, 0xD5, 0xA2, 0xB2, 0xD2, 0x9A,
    0xAF, 0xDF, 0xBD, 0xBE, 0xE2, 0xC4, 0xC2, 0xE2, 0xC4, 0xC2, 0xD6, 0xA5, 0xB4, 0xD8, 0xAB, 0xB6,
    0xDA, 0xB0, 0xB9, 0xD4, 0xA0, 0xB2, 0xD2, 0x9A, 0xAF, 0xCC, 0x86, 0xA7, 0xD5, 0xA3, 0xB3, 0xCF,
    0x90, 0xAB, 0xC9, 0x7D, 0xA4, 0xCF, 0x91, 0xAB, 0xBF, 0x7E, 0x9A, 0xB3, 0x6A, 0x8C, 0x93, 0x4D,
    0x66, 0xB6, 0x7E, 0x90, 0x9D, 0x6A, 0x7A, 0x6D, 0x2B, 0x3B, 0x60, 0x26, 0x34, 0x2F, 0x13, 0x1F,
    0x8C, 0x52, 0x6D, 0xB1, 0x69, 0x8A, 0x8B, 0x49, 0x62, 0xA3, 0x61, 0x81, 0x91, 0x4B, 0x63, 0x79,
    0x30, 0x41, 0x79, 0x30, 0x41, 0x79, 0x30, 0x41, 0x69, 0x29, 0x39, 0x0C, 0x0A, 0x15, 0x34, 0x15,
    0x21, 0x5F, 0x25, 0x34, 0x41, 0x1A, 0x26, 0x3B, 0x17, 0x23, 0x6D, 0x2B, 0x3B, 0x2E, 0x13, 0x1E,
    0x5B, 0x24, 0x32, 0x0C, 0x0A, 0x15, 0x0C, 0x0A, 0x15, 0x1D, 0x0E, 0x19, 0x45, 0x1B, 0x28, 0x1B,
    0x0D, 0x18, 0x46, 0x1B, 0x28, 0x0B, 0x0A, 0x15, 0x16, 0x0C, 0x17, 0x48, 0x1C, 0x29, 0x0B, 0x0A,
    0x15, 0x11, 0x0B, 0x16, 0x49, 0x1C, 0x29, 0x0C, 0x0A, 0x15, 0x0C, 0x0A, 0x15, 0x0C, 0x0A, 0x15,
    0x0C, 0x0A, 0x15, 0x0C, 0x0A, 0x15, 0x0C, 0x0A, 0x15, 0x0C, 0x0A, 0x15, 0x0C, 0x0A, 0x15, 0x0C,
    0x0A, 0x15, 0x0C, 0x0A, 0x15, 0x0B, 0x0A, 0x15, 0x5E, 0x25, 0x33, 0x25, 0x10, 0x1B, 0x0C, 0x0A,
    0x15, 0x45, 0x1B, 0x28, 0x73, 0x2D, 0x3E, 0x79, 0x30, 0x41, 0x38, 0x16, 0x22, 0x59, 0x23, 0x31,
    0x30, 0x13, 0x1F, 0x6C, 0x2B, 0x3A, 0x79, 0x30, 0x41, 0x3F, 0x19, 0x25, 0x56, 0x22, 0x30, 0x73,
    0x2E, 0x3E, 0x6A, 0x2A, 0x39, 0x53, 0x20, 0x2E, 0x5C, 0x24, 0x33, 0x3B, 0x17, 0x23, 0x64, 0x27,
    0x36, 0x5E, 0x25, 0x34, 0x5B, 0x24, 0x32, 0x71, 0x2D, 0x3D, 0x6C, 0x2B, 0x3B, 0x56, 0x21, 0x2F,
    0x31, 0x14, 0x20, 0x41, 0x19, 0x26, 0x6C, 0x2B, 0x3B, 0x6A, 0x2A, 0x3A, 0x5F, 0x25, 0x34, 0x79,
    0x30, 0x41, 0x6C, 0x2A, 0x3A, 0x5D, 0x25, 0x33, 0x79, 0x30, 0x41, 0x79, 0x30, 0x41, 0x79, 0x30,
    0x41, 0x84, 0x3D, 0x52, 0xA9, 0x62, 0x81, 0xC9, 0x7D, 0xA4, 0xC9, 0x7D, 0xA4, 0xC9, 0x7D, 0xA4,
    0xCB, 0x84, 0xA7, 0xD0, 0x96, 0xAD, 0xC9, 0x7D, 0xA4, 0xCB, 0x83, 0xA6, 0xD1, 0x96, 0xAE, 0xC9,
    0x7D, 0xA4, 0xC9, 0x7D, 0xA4, 0xCB, 0x85, 0xA7, 0xD8, 0xAA, 0xB6, 0xC9, 0x7D, 0xA4, 0xC9, 0x7D,
    0xA4, 0xCB, 0x84, 0xA7, 0xE1, 0xC1, 0xC0, 0xC9, 0x7D, 0xA4, 0xCA, 0x7F, 0xA5, 0xDA, 0xAF, 0xB8,
    0xD9, 0xAE, 0xB8, 0xC9, 0x7D, 0xA4, 0xC9, 0x7E, 0xA4, 0xE2, 0xC3, 0xC2, 0xC9, 0x7F, 0xA5, 0xE1,
    0xC3, 0xC1, 0xD3, 0x9D, 0xB0, 0xE1, 0xC2, 0xC1, 0xE2, 0xC4, 0xC2, 0xE2, 0xC4, 0xC2, 0xE2, 0xC4,
    0xC2, 0xE2, 0xC4, 0xC2, 0xD4, 0xA1, 0xB2, 0xD2, 0x9B, 0xAF, 0xE0, 0xBF, 0xBF, 0xD5, 0xA2, 0xB3,
    0xCB, 0x83, 0xA6, 0xD7, 0xA7, 0xB5, 0xD4, 0x9F, 0xB1, 0xD2, 0x9B, 0xAF, 0xD2, 0x9B, 0xAF, 0xCB,
    0x85, 0xA7, 0xD0, 0x95, 0xAD, 0xD2, 0x9B, 0xAF, 0xCC, 0x86, 0xA7, 0xC9, 0x7D, 0xA4, 0xC9, 0x7D,
    0xA4, 0xD0, 0x93, 0xAC, 0xCC, 0x88, 0xA8, 0xC9, 0x7D, 0xA4, 0xC9, 0x7D, 0xA4, 0xC9, 0x7D, 0xA4,
    0xC9, 0x7D, 0xA4, 0x8D, 0x53, 0x6E, 0xA6, 0x65, 0x85, 0xA0, 0x59, 0x76, 0x79, 0x30, 0x41, 0x71,
    0x2D, 0x3D, 0x8D, 0x6C, 0x6F, 0xA7, 0x89, 0x8E, 0x6F, 0x40, 0x57, 0x89, 0x50, 0x6B, 0xC2, 0x77,
    0x9C, 0xA2, 0x5C, 0x79, 0x79, 0x30, 0x41, 0x79, 0x30, 0x41, 0x6E, 0x2B, 0x3C, 0x52, 0x20, 0x2E,
    0x56, 0x22, 0x30, 0x3F, 0x19, 0x25, 0x6B, 0x2A, 0x3A, 0x31, 0x14, 0x1F, 0x5F, 0x25, 0x34, 0x43,
    0x1A, 0x27, 0x38, 0x16, 0x22, 0x75, 0x2F, 0x3F, 0x5B, 0x24, 0x32, 0x0C, 0x0A, 0x15, 0x27, 0x11,
    0x1C, 0x5D, 0x24, 0x33, 0x0C, 0x0A, 0x15, 0x0C, 0x0A, 0x15, 0x0C, 0x0A, 0x15, 0x1D, 0x0E, 0x19,
    0x61, 0x26, 0x35, 0x0A, 0x0A, 0x15, 0x0C, 0x0A, 0x15, 0x0C, 0x0A, 0x15, 0x0C, 0x0A, 0x15, 0x0C,
    0x0A, 0x15, 0x0C, 0x0A, 0x15, 0x0C, 0x0A, 0x15, 0x0C, 0x0A, 0x15, 0x0C, 0x0A, 0x15, 0x0C, 0x0A,
    0x15, 0x0C, 0x0A, 0x15, 0x0C, 0x0A, 0x15, 0x0C, 0x0A, 0x15, 0x0C, 0x0A, 0x15, 0x48, 0x1C, 0x29,
    0x1D, 0x0E, 0x19, 0x0C, 0x0A, 0x15, 0x5B, 0x24, 0x32, 0x50, 0x1F, 0x2D, 0x73, 0x2D, 0x3E, 0x38,
    0x16, 0x22, 0x45, 0x1B, 0x28, 0x5E, 0x25, 0x33, 0x52, 0x20, 0x2E, 0x4C, 0x1E, 0x2B, 0x5D, 0x24,
    0x33, 0x53, 0x20, 0x2E, 0x6F, 0x2C, 0x3C, 0x5C, 0x24, 0x32, 0x5C, 0x24, 0x33, 0x54, 0x21, 0x2F,
    0x5C, 0x24, 0x32, 0x72, 0x2D, 0x3D, 0x4B, 0x1D, 0x2A, 0x3E, 0x18, 0x25, 0x4C, 0x1E, 0x2B, 0x6A,
    0x2A, 0x3A, 0x4F, 0x1F, 0x2C, 0x4D, 0x1E, 0x2B, 0x6C, 0x2B, 0x3A, 0x6A, 0x2A, 0x39, 0x3D, 0x18,
    0x24, 0x4D, 0x1E, 0x2B, 0x79, 0x30, 0x41, 0x72, 0x2D, 0x3D, 0x6A, 0x2A, 0x3A, 0x79, 0x30, 0x41,
    0x79, 0x30, 0x41, 0x79, 0x30, 0x41, 0x79, 0x30, 0x41, 0x94, 0x4E, 0x68, 0xC9, 0x7D, 0xA4, 0xC9,
    0x7D, 0xA4, 0xC9, 0x7D, 0xA4, 0xC9, 0x7D, 0xA4, 0xC9, 0x7D, 0xA4, 0xC9, 0x7D, 0xA4, 0xC9, 0x7D,
    0xA4, 0xC9, 0x7D, 0xA4, 0xC9, 0x7D, 0xA4, 0xCB, 0x86, 0xA7, 0xD8, 0xAC, 0xB7, 0xD2, 0x99, 0xAE,
    0xC9, 0x7D, 0xA4, 0xC9, 0x7D, 0xA4, 0xCA, 0x80, 0xA5, 0xD2, 0x9B, 0xAF, 0xC9, 0x7D, 0xA4, 0xCA,
    0x81, 0xA5, 0xE2, 0xC3, 0xC2, 0xD2, 0x9C, 0xB0, 0xC9, 0x7E, 0xA4, 0xD9, 0xAE, 0xB8, 0xD3, 0x9C,
    0xB0, 0xC9, 0x7E, 0xA4, 0xE1, 0xC3, 0xC1, 0xCA, 0x81, 0xA5, 0xD2, 0x9B, 0xAF, 0xD3, 0x9C, 0xB0,
    0xD3, 0x9C, 0xB0, 0xE1, 0xC1, 0xC0, 0xD4, 0xA1, 0xB2, 0xCA, 0x81, 0xA5, 0xC9, 0x7D, 0xA4, 0xD1,
    0x98, 0xAE, 0xCB, 0x83, 0xA6, 0xC9, 0x7D, 0xA4, 0xD1, 0x97, 0xAE, 0xCB, 0x84, 0xA6, 0xC9, 0x7D,
    0xA4, 0xC9, 0x7D, 0xA4, 0xC9, 0x7D, 0xA4, 0xD5, 0xA4, 0xB3, 0xCD, 0x8C, 0xA9, 0xD5, 0xA3, 0xB3,
    0xCE, 0x8D, 0xAA, 0xC9, 0x7D, 0xA4, 0xC9, 0x7D, 0xA4, 0xC9, 0x7D, 0xA4, 0xC9, 0x7D, 0xA4, 0xAE,
    0x66, 0x86, 0xBB, 0x71, 0x95, 0xAF, 0x67, 0x88, 0x7D, 0x3E, 0x53, 0x89, 0x48, 0x60, 0x89, 0x43,
    0x59, 0x79, 0x30, 0x41, 0x79, 0x30, 0x41, 0xA4, 0x6B, 0x7C, 0xAB, 0x7E, 0x8E, 0x3D, 0x18, 0x24,
    0x7B, 0x3D, 0x52, 0x9D, 0x57, 0x73, 0x92, 0x4C, 0x66, 0x79, 0x30, 0x41, 0x79, 0x30, 0x41, 0x73,
    0x2D, 0x3E, 0x69, 0x29, 0x39, 0x74, 0x2E, 0x3E, 0x5D, 0x24, 0x33, 0x52, 0x20, 0x2E, 0x68, 0x29,
    0x38, 0x6D, 0x2B, 0x3B, 0x0C, 0x0A, 0x15, 0x38, 0x16, 0x22, 0x73, 0x2D, 0x3E, 0x46, 0x1B, 0x28,
    0x0C, 0x0A, 0x15, 0x1E, 0x0E, 0x19, 0x48, 0x1C, 0x29, 0x23, 0x0F, 0x1B, 0x5E, 0x25, 0x33, 0x0B,
    0x0A, 0x15, 0x17, 0x0C, 0x17, 0x4A, 0x1D, 0x2A, 0x17, 0x0C, 0x17, 0x61, 0x26, 0x35, 0x0B, 0x0A,
    0x15, 0x0C, 0x0A, 0x15, 0x0C, 0x0A, 0x15, 0x0C, 0x0A, 0x15, 0x0C, 0x0A, 0x15, 0x0C, 0x0A, 0x15,
    0x0C, 0x0A, 0x15, 0x0C, 0x0A, 0x15, 0x0C, 0x0A, 0x15, 0x0B, 0x0A, 0x15, 0x5D, 0x25, 0x33, 0x21,
    0x0F, 0x1A, 0x0C, 0x0A, 0x15, 0x0C, 0x0A, 0x15, 0x0C, 0x0A, 0x15, 0x48, 0x1C, 0x29, 0x5E, 0x25,
    0x34, 0x75, 0x2E, 0x3F, 0x38, 0x16, 0x22, 0x57, 0x22, 0x30, 0x52, 0x20, 0x2E, 0x26, 0x10, 0x1C,
    0x56, 0x21, 0x2F, 0x74, 0x2E, 0x3E, 0x41, 0x19, 0x26, 0x69, 0x29, 0x39, 0x44, 0x1B, 0x27, 0x67,
    0x28, 0x38, 0x47, 0x1C, 0x29, 0x65, 0x28, 0x37, 0x79, 0x30, 0x41, 0x6A, 0x2A, 0x3A, 0x61, 0x26,
    0x35, 0x61, 0x26, 0x35, 0x70, 0x2C, 0x3D, 0x6B, 0x2A, 0x3A, 0x70, 0x2C, 0x3C, 0x79, 0x30, 0x41,
    0x70, 0x2C, 0x3D, 0x4D, 0x1E, 0x2C, 0x4D, 0x1E, 0x2B, 0x79, 0x30, 0x41, 0x79, 0x30, 0x41, 0x79,
    0x30, 0x41, 0x79, 0x30, 0x41, 0x79, 0x30, 0x41, 0x79, 0x30, 0x41, 0x79, 0x30, 0x41, 0x94, 0x4E,
    0x68, 0xC9, 0x7D, 0xA4, 0xC0, 0x75, 0x9A, 0xA9, 0x62, 0x81, 0xC9, 0x7D, 0xA4, 0xC9, 0x7D, 0xA4,
    0xC9, 0x7D, 0xA4, 0xC9, 0x7D, 0xA4, 0xC9, 0x7D, 0xA4, 0xC9, 0x7D, 0xA4, 0xCB, 0x82, 0xA6, 0xD2,
    0x99, 0xAF, 0xC9, 0x7D, 0xA4, 0xCB, 0x83, 0xA6, 0xD8, 0xAA, 0xB6, 0xCA, 0x81, 0xA6, 0xD8, 0xAB,
    0xB6, 0xC9, 0x7D, 0xA4, 0xC9, 0x7E, 0xA4, 0xD3, 0x9E, 0xB0, 0xD9, 0xAD, 0xB7, 0xC9, 0x7E, 0xA4,
    0xD3, 0x9D, 0xB0, 0xD9, 0xAD, 0xB7, 0xC9, 0x7E, 0xA4, 0xD3, 0x9C, 0xB0, 0xD9, 0xAD, 0xB7, 0xD9,
    0xAD, 0xB7, 0xCA, 0x81, 0xA5, 0xD8, 0xAA, 0xB6, 0xD4, 0x9F, 0xB1, 0xCA, 0x81, 0xA5, 0xD7, 0xA9,
    0xB5, 0xCB, 0x85, 0xA7, 0xD7, 0xA7, 0xB5, 0xD9, 0xAD, 0xB7, 0xCC, 0x87, 0xA8, 0xD6, 0xA6, 0xB4,
    0xD9, 0xAD, 0xB7, 0xCC, 0x89, 0xA8, 0xC9, 0x7D, 0xA4, 0xC9, 0x7D, 0xA4, 0xD1, 0x96, 0xAD, 0xCC,
    0x86, 0xA7, 0xD0, 0x95, 0xAD, 0xCC, 0x87, 0xA8, 0xD4, 0xA1, 0xB2, 0xCE, 0x8E, 0xAA, 0xC9, 0x7D,
    0xA4, 0xC9, 0x7D, 0xA4, 0xB9, 0x70, 0x93, 0xC0, 0x76, 0x9B, 0x9D, 0x57, 0x73, 0x79, 0x30, 0x41,
    0x9D, 0x57, 0x73, 0x92, 0x4D, 0x66, 0x79, 0x30, 0x41, 0x79, 0x30, 0x41, 0x7D, 0x3F, 0x54, 0x77,
    0x44, 0x5B, 0x6B, 0x2A, 0x3A, 0x79, 0x30, 0x41, 0x79, 0x30, 0x41, 0x79, 0x30, 0x41, 0x79, 0x30,
    0x41, 0x6E, 0x2B, 0x3B, 0x4E, 0x1E, 0x2C, 0x4E, 0x1E, 0x2C, 0x4E, 0x1E, 0x2C, 0x44, 0x1B, 0x27,
    0x27, 0x11, 0x1C, 0x4E, 0x1E, 0x2C, 0x45, 0x1B, 0x28, 0x0C, 0x0A, 0x15, 0x38, 0x16, 0x22, 0x6F,
    0x2C, 0x3C, 0x0C, 0x0A, 0x15, 0x28, 0x11, 0x1C, 0x5A, 0x23, 0x32, 0x0C, 0x0A, 0x15, 0x1C, 0x0D,
    0x19, 0x4A, 0x1D, 0x2A, 0x0B, 0x0A, 0x15, 0x0C, 0x0A, 0x15, 0x0C, 0x0A, 0x15, 0x14, 0x0B, 0x16,
    0x4D, 0x1E, 0x2B, 0x0C, 0x0A, 0x15, 0x0C, 0x0A, 0x15, 0x0C, 0x0A, 0x15, 0x0C, 0x0A, 0x15, 0x0C,
    0x0A, 0x15, 0x0B, 0x0A, 0x15, 0x5F, 0x25, 0x34, 0x17, 0x0C, 0x17, 0x0C, 0x0A, 0x15, 0x0B, 0x0A,
    0x15, 0x4C, 0x1E, 0x2B, 0x1B, 0x0D, 0x18, 0x0C, 0x0A, 0x15, 0x0C, 0x0A, 0x15, 0x5A, 0x23, 0x31,
    0x28, 0x11, 0x1C, 0x48, 0x1C, 0x29, 0x73, 0x2D, 0x3E, 0x65, 0x28, 0x37, 0x53, 0x20, 0x2E, 0x26,
    0x10, 0x1B, 0x55, 0x21, 0x2F, 0x74, 0x2E, 0x3E, 0x79, 0x30, 0x41, 0x67, 0x29, 0x38, 0x73, 0x2D,
    0x3E, 0x68, 0x29, 0x38, 0x54, 0x21, 0x2F, 0x2E, 0x13, 0x1E, 0x41, 0x1A, 0x26, 0x4F, 0x1F, 0x2C,
    0x4F, 0x1F, 0x2C, 0x4F, 0x1F, 0x2C, 0x4F, 0x1F, 0x2C, 0x4F, 0x1F, 0x2C, 0x4F, 0x1F, 0x2C, 0x6A,
    0x2A, 0x39, 0x79, 0x30, 0x41, 0x79, 0x30, 0x41, 0x70, 0x2C, 0x3D, 0x6A, 0x2A, 0x39, 0x79, 0x30,
    0x41, 0x79, 0x30, 0x41, 0x79, 0x30, 0x41, 0x79, 0x30, 0x41, 0x79, 0x30, 0x41, 0x79, 0x30, 0x41,
    0x8B, 0x45, 0x5C, 0xAB, 0x63, 0x83, 0x9F, 0x59, 0x75, 0xA3, 0x5C, 0x7A, 0xB5, 0x6D, 0x8F, 0xC9,
    0x7D, 0xA4, 0xC9, 0x7D, 0xA4, 0xC9, 0x7D, 0xA4, 0xC9, 0x7D, 0xA4, 0xC9, 0x7D, 0xA4, 0xC9, 0x7D,
    0xA4, 0xC9, 0x7D, 0xA4, 0xC9, 0x7D, 0xA4, 0xC9, 0x7D, 0xA4, 0xCC, 0x87, 0xA7, 0xE0, 0xBF, 0xC0,
    0xCA, 0x80, 0xA5, 0xD4, 0x9F, 0xB1, 0xD8, 0xAB, 0xB6, 0xC9, 0x7D, 0xA4, 0xC9, 0x7E, 0xA4, 0xD3,
    0x9E, 0xB0, 0xC9, 0x7E, 0xA4, 0xD9, 0xAC, 0xB7, 0xE2, 0xC4, 0xC2, 0xCA, 0x7F, 0xA5, 0xC9, 0x7D,
    0xA4, 0xE1, 0xC2, 0xC1, 0xD4, 0xA0, 0xB2, 0xCA, 0x7F, 0xA5, 0xE0, 0xC0, 0xC0, 0xCB, 0x85, 0xA7,
    0xC9, 0x7D, 0xA4, 0xDF, 0xBD, 0xBF, 0xCD, 0x89, 0xA8, 0xD2, 0x9A, 0xAF, 0xD3, 0x9E, 0xB1, 0xCB,
    0x83, 0xA6, 0xD1, 0x99, 0xAE, 0xD3, 0x9E, 0xB1, 0xCB, 0x85, 0xA7, 0xC9, 0x7D, 0xA4, 0xC9, 0x7D,
    0xA4, 0xC9, 0x7D, 0xA4, 0xC9, 0x7D, 0xA4, 0xC9, 0x7D, 0xA4, 0xC9, 0x7D, 0xA4, 0xD0, 0x95, 0xAD,
    0xB1, 0x74, 0x8B, 0x9F, 0x59, 0x75, 0xBC, 0x72, 0x96, 0xC9, 0x7D, 0xA4, 0xB0, 0x67, 0x88, 0x89,
    0x43, 0x59, 0x79, 0x30, 0x41, 0x91, 0x4C, 0x65, 0x8A, 0x44, 0x5B, 0x79, 0x30, 0x41, 0x79, 0x30,
    0x41, 0x70, 0x2C, 0x3C, 0x85, 0x47, 0x5F, 0x9E, 0x58, 0x74, 0x79, 0x30, 0x41, 0x8E, 0x48, 0x60,
    0xA0, 0x5A, 0x76, 0x79, 0x30, 0x41, 0x72, 0x2D, 0x3E, 0x52, 0x20, 0x2E, 0x34, 0x15, 0x21, 0x53,
    0x21, 0x2E, 0x32, 0x14, 0x20, 0x60, 0x26, 0x34, 0x55, 0x21, 0x2F, 0x0C, 0x0A, 0x15, 0x2D, 0x12,
    0x1E, 0x65, 0x28, 0x37, 0x6F, 0x2C, 0x3C, 0x0C, 0x0A, 0x15, 0x32, 0x14, 0x20, 0x71, 0x2D, 0x3D,
    0x24, 0x10, 0x1B, 0x5B, 0x24, 0x32, 0x0B, 0x0A, 0x15, 0x1E, 0x0E, 0x19, 0x5D, 0x24, 0x33, 0x0B,
    0x0A, 0x15, 0x17, 0x0C, 0x17, 0x5F, 0x25, 0x34, 0x0B, 0x0A, 0x15, 0x0C, 0x0A, 0x15, 0x0C, 0x0A,
    0x15, 0x0C, 0x0A, 0x15, 0x0C, 0x0A, 0x15, 0x0C, 0x0A, 0x15, 0x4F, 0x1F, 0x2C, 0x14, 0x0C, 0x17,
    0x0C, 0x0A, 0x15, 0x0C, 0x0A, 0x15, 0x0B, 0x0A, 0x15, 0x5B, 0x24, 0x32, 0x22, 0x0F, 0x1A, 0x0C,
    0x0A, 0x15, 0x71, 0x2D, 0x3D, 0x32, 0x14, 0x20, 0x0C, 0x0A, 0x15, 0x6F, 0x2C, 0x3C, 0x5A, 0x23,
    0x31, 0x5C, 0x24, 0x33, 0x5F, 0x25, 0x34, 0x74, 0x2E, 0x3E, 0x5C, 0x24, 0x32, 0x50, 0x1F, 0x2D,
    0x50, 0x1F, 0x2D, 0x70, 0x2C, 0x3C, 0x79, 0x30, 0x41, 0x45, 0x1B, 0x28, 0x50, 0x1F, 0x2D, 0x5F,
    0x25, 0x34, 0x5F, 0x25, 0x34, 0x5F, 0x25, 0x34, 0x3B, 0x17, 0x24, 0x4C, 0x1E, 0x2B, 0x5F, 0x25,
    0x34, 0x3E, 0x18, 0x25, 0x5F, 0x25, 0x34, 0x6B, 0x2A, 0x3A, 0x63, 0x27, 0x36, 0x6C, 0x2A, 0x3A,
    0x62, 0x26, 0x35, 0x79, 0x30, 0x41, 0x79, 0x30, 0x41, 0x79, 0x30, 0x41, 0x79, 0x30, 0x41, 0x79,
    0x30, 0x41, 0x79, 0x30, 0x41, 0x9C, 0x67, 0x73, 0xCE, 0x9D, 0xAB, 0xAE, 0x66, 0x87, 0xB5, 0x6C,
    0x8F, 0xC9, 0x7D, 0xA4, 0xC9, 0x7D, 0xA4, 0xC9, 0x7D, 0xA4, 0xC9, 0x7D, 0xA4, 0xC9, 0x7D, 0xA4,
    0xC9, 0x7D, 0xA4, 0xC9, 0x7D, 0xA4, 0xC9, 0x7D, 0xA4, 0xC9, 0x7D, 0xA4, 0xC9, 0x7D, 0xA4, 0xCC,
    0x87, 0xA7, 0xE0, 0xBF, 0xC0, 0xC9, 0x7D, 0xA4, 0xCA, 0x7F, 0xA5, 0xD3, 0x9E, 0xB0, 0xCA, 0x7F,
    0xA5, 0xD8, 0xAB, 0xB6, 0xC9, 0x7D, 0xA4, 0xC9, 0x7D, 0xA4, 0xD4, 0x9F, 0xB1, 0xD4, 0x9F, 0xB1,
    0xC9, 0x7E, 0xA4, 0xC9, 0x7D, 0xA4, 0xD3, 0x9E, 0xB1, 0xCA, 0x7F, 0xA5, 0xC9, 0x7D, 0xA4, 0xD3,
    0x9D, 0xB0, 0xD8, 0xAB, 0xB6, 0xCB, 0x83, 0xA6, 0xD2, 0x9B, 0xB0, 0xCA, 0x82, 0xA6, 0xC9, 0x7D,
    0xA4, 0xC9, 0x7D, 0xA4, 0xD6, 0xA5, 0xB4, 0xCC, 0x87, 0xA8, 0xC9, 0x7D, 0xA4, 0xC9, 0x7D, 0xA4,
    0xC9, 0x7D, 0xA4, 0xC9, 0x7D, 0xA4, 0xC9, 0x7D, 0xA4, 0xC9, 0x7D, 0xA4, 0xC9, 0x7D, 0xA4, 0xC9,
    0x7D, 0xA4, 0xC9, 0x7D, 0xA4, 0xB7, 0x6E, 0x91, 0xAE, 0x66, 0x87, 0xC1, 0x76, 0x9B, 0xC9, 0x7D,
    0xA4, 0xB8, 0x6F, 0x92, 0x90, 0x4A, 0x62, 0x9C, 0x56, 0x72, 0x91, 0x4B, 0x64, 0x79, 0x30, 0x41,
    0x79, 0x30, 0x41, 0x79, 0x30, 0x41, 0x79, 0x30, 0x41, 0x9D, 0x57, 0x74, 0xB1, 0x69, 0x8A, 0x79,
    0x30, 0x41, 0x88, 0x42, 0x58, 0x95, 0x4F, 0x69, 0x79, 0x30, 0x41, 0x79, 0x30, 0x41, 0x68, 0x29,
    0x38, 0x42, 0x1A, 0x27, 0x69, 0x29, 0x39, 0x29, 0x11, 0x1D, 0x5C, 0x24, 0x32, 0x6C, 0x2B, 0x3A,
    0x0C, 0x0A, 0x15, 0x26, 0x10, 0x1B, 0x5A, 0x23, 0x31, 0x6F, 0x2C, 0x3C, 0x0C, 0x0A, 0x15, 0x21,
    0x0F, 0x1A, 0x4B, 0x1D, 0x2A, 0x2E, 0x13, 0x1E, 0x73, 0x2D, 0x3E, 0x0B, 0x0A, 0x15, 0x1A, 0x0D,
    0x18, 0x4D, 0x1E, 0x2C, 0x0B, 0x0A, 0x15, 0x1D, 0x0E, 0x19, 0x77, 0x2F, 0x40, 0x0B, 0x0A, 0x15,
    0x0C, 0x0A, 0x15, 0x0C, 0x0A, 0x15, 0x0C, 0x0A, 0x15, 0x0C, 0x0A, 0x15, 0x0C, 0x0A, 0x15, 0x0C,
    0x0A, 0x15, 0x0C, 0x0A, 0x15, 0x0C, 0x0A, 0x15, 0x0C, 0x0A, 0x15, 0x0B, 0x0A, 0x15, 0x4D, 0x1E,
    0x2C, 0x1D, 0x0E, 0x19, 0x0C, 0x0A, 0x15, 0x71, 0x2D, 0x3D, 0x32, 0x14, 0x20, 0x57, 0x22, 0x30,
    0x54, 0x21, 0x2E, 0x5C, 0x24, 0x32, 0x74, 0x2E, 0x3F, 0x5B, 0x24, 0x32, 0x72, 0x2D, 0x3D, 0x3E,
    0x18, 0x25, 0x0C, 0x0A, 0x15, 0x52, 0x20, 0x2E, 0x55, 0x21, 0x2F, 0x6F, 0x2C, 0x3C, 0x67, 0x29,
    0x38, 0x71, 0x2D, 0x3D, 0x60, 0x26, 0x35, 0x51, 0x20, 0x2D, 0x6D, 0x2B, 0x3B, 0x69, 0x29, 0x39,
    0x70, 0x2C, 0x3C, 0x63, 0x27, 0x36, 0x59, 0x23, 0x31, 0x6F, 0x2C, 0x3C, 0x6F, 0x2C, 0x3C, 0x6A,
    0x2A, 0x39, 0x70, 0x2C, 0x3C, 0x69, 0x29, 0x39, 0x79, 0x30, 0x41, 0x79, 0x30, 0x41, 0x79, 0x30,
    0x41, 0x79, 0x30, 0x41, 0x79, 0x30, 0x41, 0x79, 0x30, 0x41, 0xA0, 0x74, 0x78, 0xD3, 0xB0, 0xB2,
    0xAC, 0x65, 0x85, 0xC9, 0x7D, 0xA4, 0xC9, 0x7D, 0xA4, 0xC9, 0x7D, 0xA4, 0xC9, 0x7D, 0xA4, 0xC9,
    0x7D, 0xA4, 0xC9, 0x7D, 0xA4, 0xC9, 0x7D, 0xA4, 0xC9, 0x7D, 0xA4, 0xCB, 0x85, 0xA7, 0xD6, 0xA6,
    0xB4, 0xC9, 0x7D, 0xA4, 0xCA, 0x81, 0xA5, 0xD3, 0x9D, 0xB0, 0xC9, 0x7D, 0xA4, 0xC9, 0x7D, 0xA4,
    0xCA, 0x80, 0xA5, 0xD8, 0xAB, 0xB6, 0xD4, 0x9F, 0xB1, 0xC9, 0x7E, 0xA4, 0xD8, 0xAB, 0xB6, 0xD8,
    0xAB, 0xB6, 0xC9, 0x7E, 0xA4, 0xD8, 0xAA, 0xB6, 0xC9, 0x7F, 0xA5, 0xC9, 0x7D, 0xA4, 0xD7, 0xA9,
    0xB5, 0xCA, 0x81, 0xA5, 0xC9, 0x7D, 0xA4, 0xD3, 0x9D, 0xB0, 0xCA, 0x81, 0xA5, 0xD6, 0xA6, 0xB4,
    0xCB, 0x84, 0xA7, 0xC9, 0x7D, 0xA4, 0xD6, 0xA5, 0xB3, 0xD5, 0xA2, 0xB2, 0xD7, 0xA9, 0xB5, 0xCC,
    0x87, 0xA8, 0xC9, 0x7D, 0xA4, 0xC9, 0x7D, 0xA4, 0xD5, 0xA2, 0xB2, 0xCD, 0x8A, 0xA9, 0xC9, 0x7D,
    0xA4, 0xC9, 0x7D, 0xA4, 0xC9, 0x7D, 0xA4, 0xC9, 0x7D, 0xA4, 0xC9, 0x7D, 0xA4, 0xC9, 0x7D, 0xA4,
    0xC9, 0x7D, 0xA4, 0xC9, 0x7D, 0xA4, 0xC9, 0x7D, 0xA4, 0x9D, 0x57, 0x73, 0x93, 0x4D, 0x67, 0x8B,
    0x44, 0x5B, 0x79, 0x30, 0x41, 0x79, 0x30, 0x41, 0x79, 0x30, 0x41, 0x79, 0x30, 0x41, 0x7F, 0x40,
    0x56, 0x83, 0x49, 0x62, 0x8E, 0x48, 0x60, 0x9E, 0x58, 0x74, 0x79, 0x30, 0x41, 0x6E, 0x2C, 0x3C,
    0x51, 0x20, 0x2D, 0x45, 0x1B, 0x28, 0x2C, 0x12, 0x1E, 0x55, 0x21, 0x2F, 0x5E, 0x25, 0x34, 0x5B,
    0x24, 0x32, 0x48, 0x1C, 0x29, 0x2D, 0x13, 0x1E, 0x55, 0x21, 0x2F, 0x38, 0x16, 0x22, 0x6F, 0x2C,
    0x3C, 0x28, 0x11, 0x1C, 0x57, 0x22, 0x30, 0x0C, 0x0A, 0x15, 0x1F, 0x0E, 0x19, 0x4D, 0x1E, 0x2B,
    0x0C, 0x0A, 0x15, 0x0C, 0x0A, 0x15, 0x1B, 0x0D, 0x18, 0x5C, 0x24, 0x32, 0x1C, 0x0D, 0x18, 0x77,
    0x2F, 0x40, 0x0B, 0x0A, 0x15, 0x0C, 0x0A, 0x15, 0x0C, 0x0A, 0x15, 0x0C, 0x0A, 0x15, 0x0C, 0x0A,
    0x15, 0x0B, 0x0A, 0x15, 0x5C, 0x24, 0x32, 0x17, 0x0C, 0x17, 0x0C, 0x0A, 0x15, 0x0C, 0x0A, 0x15,
    0x0C, 0x0A, 0x15, 0x0B, 0x0A, 0x15, 0x58, 0x22, 0x31, 0x23, 0x0F, 0x1B, 0x4D, 0x1E, 0x2B, 0x22,
    0x0F, 0x1A, 0x6F, 0x2C, 0x3C, 0x36, 0x15, 0x21, 0x6E, 0x2B, 0x3B, 0x5C, 0x24, 0x32, 0x28, 0x11,
    0x1C, 0x6C, 0x2B, 0x3A, 0x65, 0x27, 0x37, 0x30, 0x14, 0x1F, 0x69, 0x29, 0x39, 0x42, 0x1A, 0x27,
    0x46, 0x1B, 0x28, 0x52, 0x20, 0x2E, 0x52, 0x20, 0x2E, 0x5A, 0x23, 0x31, 0x38, 0x16, 0x22, 0x43,
    0x1A, 0x27, 0x52, 0x20, 0x2E, 0x52, 0x20, 0x2E, 0x35, 0x15, 0x21, 0x60, 0x26, 0x34, 0x79, 0x30,
    0x41, 0x79, 0x30, 0x41, 0x79, 0x30, 0x41, 0x79, 0x30, 0x41, 0x79, 0x30, 0x41, 0x79, 0x30, 0x41,
    0x6E, 0x2B, 0x3B, 0x61, 0x26, 0x35, 0x79, 0x30, 0x41, 0x79, 0x30, 0x41, 0x79, 0x30, 0x41, 0x9A,
    0x62, 0x70, 0xCB, 0x94, 0xA7, 0xAA, 0x62, 0x82, 0xAD, 0x65, 0x85, 0xC9, 0x7D, 0xA4, 0xC9, 0x7D,
    0xA4, 0xC9, 0x7D, 0xA4, 0xC9, 0x7D, 0xA4, 0xC9, 0x7D, 0xA4, 0xC9, 0x7D, 0xA4, 0xC9, 0x7D, 0xA4,
    0xCD, 0x8A, 0xA9, 0xDF, 0xBD, 0xBE, 0xC9, 0x7D, 0xA4, 0xC9, 0x7D, 0xA4, 0xCA, 0x82, 0xA6, 0xD7,
    0xA7, 0xB5, 0xC9, 0x7D, 0xA4, 0xCA, 0x82, 0xA6, 0xE1, 0xC2, 0xC1, 0xC9, 0x7D, 0xA4, 0xC9, 0x7E,
    0xA4, 0xD4, 0xA1, 0xB2, 0xD4, 0xA1, 0xB2, 0xC9, 0x7E, 0xA4, 0xE2, 0xC3, 0xC2, 0xD8, 0xAB, 0xB6,
    0xC9, 0x7F, 0xA5, 0xE1, 0xC1, 0xC1, 0xCB, 0x83, 0xA6, 0xD7, 0xA7, 0xB5, 0xCA, 0x82, 0xA6, 0xC9,
    0x7D, 0xA4, 0xDF, 0xBD, 0xBF, 0xCD, 0x89, 0xA8, 0xC9, 0x7D, 0xA4, 0xD3, 0x9C, 0xB0, 0xCB, 0x84,
    0xA6, 0xD2, 0x9B, 0xAF, 0xCB, 0x85, 0xA7, 0xC9, 0x7D, 0xA4, 0xC9, 0x7D, 0xA4, 0xD2, 0x9A, 0xAF,
    0xCC, 0x87, 0xA7, 0xC9, 0x7D, 0xA4, 0xC9, 0x7D, 0xA4, 0xC9, 0x7D, 0xA4, 0xC9, 0x7D, 0xA4, 0xAF,
    0x67, 0x88, 0xBE, 0x74, 0x98, 0xC9, 0x7D, 0xA4, 0xC9, 0x7D, 0xA4, 0xB1, 0x69, 0x8A, 0xA9, 0x61,
    0x80, 0x8F, 0x4A, 0x62, 0x79, 0x30, 0x41, 0x79, 0x30, 0x41, 0x79, 0x30, 0x41, 0x79, 0x30, 0x41,
    0x6C, 0x2B, 0x3A, 0x57, 0x22, 0x30, 0x68, 0x29, 0x39, 0x89, 0x43, 0x5A, 0x96, 0x50, 0x6A, 0x79,
    0x30, 0x41, 0x71, 0x2D, 0x3D, 0x4F, 0x1F, 0x2C, 0x34, 0x15, 0x21, 0x5D, 0x24, 0x33, 0x5A, 0x23,
    0x32, 0x5E, 0x25, 0x33, 0x73, 0x2E, 0x3E, 0x5D, 0x24, 0x33, 0x64, 0x27, 0x36, 0x6D, 0x2B, 0x3B,
    0x26, 0x10, 0x1B, 0x4B, 0x1D, 0x2B, 0x23, 0x0F, 0x1B, 0x4C, 0x1E, 0x2B, 0x0C, 0x0A, 0x15, 0x0C,
    0x0A, 0x15, 0x0C, 0x0A, 0x15, 0x0C, 0x0A, 0x15, 0x0C, 0x0A, 0x15, 0x18, 0x0C, 0x18, 0x50, 0x1F,
    0x2D, 0x1C, 0x0D, 0x18, 0x77, 0x2F, 0x40, 0x0B, 0x0A, 0x15, 0x0C, 0x0A, 0x15, 0x0C, 0x0A, 0x15,
    0x0C, 0x0A, 0x15, 0x0C, 0x0A, 0x15, 0x0B, 0x0A, 0x15, 0x52, 0x20, 0x2E, 0x15, 0x0C, 0x17, 0x0C,
    0x0A, 0x15, 0x0B, 0x0A, 0x15, 0x59, 0x23, 0x31, 0x1F, 0x0E, 0x19, 0x4F, 0x1F, 0x2C, 0x20, 0x0E,
    0x1A, 0x0C, 0x0A, 0x15, 0x0C, 0x0A, 0x15, 0x6F, 0x2C, 0x3C, 0x62, 0x26, 0x35, 0x55, 0x21, 0x2F,
    0x5A, 0x23, 0x32, 0x2C, 0x12, 0x1E, 0x4A, 0x1D, 0x2A, 0x54, 0x21, 0x2E, 0x5A, 0x23, 0x32, 0x72,
    0x2D, 0x3E, 0x65, 0x28, 0x37, 0x33, 0x14, 0x20, 0x0C, 0x0A, 0x15, 0x4D, 0x1E, 0x2C, 0x56, 0x22,
    0x30, 0x59, 0x23, 0x31, 0x5C, 0x24, 0x33, 0x5C, 0x24, 0x33, 0x5C, 0x24, 0x33, 0x5C, 0x24, 0x33,
    0x57, 0x22, 0x30, 0x6C, 0x2A, 0x3A, 0x6C, 0x2A, 0x3A, 0x54, 0x21, 0x2E, 0x64, 0x27, 0x36, 0x6D,
    0x2B, 0x3B, 0x63, 0x27, 0x36, 0x70, 0x2C, 0x3C, 0x59, 0x23, 0x31, 0x61, 0x26, 0x35, 0x79, 0x30,
    0x41, 0x79, 0x30, 0x41, 0x9B, 0x66, 0x72, 0xD4, 0x9F, 0xB1, 0xC2, 0x77, 0x9D, 0xB7, 0x79, 0x91,
    0xD7, 0xA9, 0xB5, 0xD4, 0xA1, 0xB2, 0xCC, 0x88, 0xA8, 0xD5, 0xA2, 0xB2, 0xC9, 0x7D, 0xA4, 0xCC,
    0x86, 0xA7, 0xD5, 0xA3, 0xB3, 0xCB, 0x83, 0xA6, 0xD3, 0x9E, 0xB0, 0xC9, 0x7D, 0xA4, 0xC9, 0x7D,
    0xA4, 0xCA, 0x81, 0xA5, 0xD5, 0xA3, 0xB3, 0xD7, 0xA9, 0xB5, 0xD7, 0xA9, 0xB5, 0xD4, 0xA1, 0xB2,
    0xC9, 0x7E, 0xA4, 0xD7, 0xA9, 0xB5, 0xD7, 0xA9, 0xB5, 0xD7, 0xA9, 0xB5, 0xD7, 0xA9, 0xB5, 0xD5,
    0xA2, 0xB2, 0xD5, 0xA2, 0xB2, 0xD7, 0xA9, 0xB5, 0xD5, 0xA2, 0xB2, 0xCA, 0x80, 0xA5, 0xD4, 0xA0,
    0xB1, 0xCA, 0x81, 0xA5, 0xD6, 0xA5, 0xB4, 0xD5, 0xA3, 0xB3, 0xCB, 0x83, 0xA6, 0xC9, 0x7D, 0xA4,
    0xD5, 0xA3, 0xB3, 0xCC, 0x86, 0xA7, 0xC9, 0x7D, 0xA4, 0xC9, 0x7D, 0xA4, 0xC9, 0x7D, 0xA4, 0xC9,
    0x7D, 0xA4, 0xC9, 0x7D, 0xA4, 0xC9, 0x7D, 0xA4, 0xC9, 0x7D, 0xA4, 0xC9, 0x7D, 0xA4, 0xC9, 0x7D,
    0xA4, 0xC9, 0x7D, 0xA4, 0xB5, 0x6C, 0x8E, 0xC0, 0x76, 0x9B, 0xD3, 0x9C, 0xB0, 0xCE, 0x8E, 0xAA,
    0x9C, 0x56, 0x72, 0x95, 0x4F, 0x69, 0x8B, 0x45, 0x5C, 0x79, 0x30, 0x41, 0x79, 0x30, 0x41, 0x6C,
    0x2A, 0x3A, 0x65, 0x28, 0x37, 0x6F, 0x2C, 0x3C, 0x68, 0x29, 0x38, 0x8E, 0x48, 0x60, 0x9C, 0x56,
    0x71, 0x79, 0x30, 0x41, 0x6F, 0x2C, 0x3C, 0x61, 0x26, 0x35, 0x71, 0x2D, 0x3D, 0x5A, 0x23, 0x31,
    0x54, 0x21, 0x2E, 0x56, 0x22, 0x30, 0x64, 0x27, 0x37, 0x72, 0x2D, 0x3D, 0x54, 0x21, 0x2E, 0x54,
    0x21, 0x2E, 0x4B, 0x1D, 0x2B, 0x2A, 0x11, 0x1D, 0x5C, 0x24, 0x33, 0x55, 0x21, 0x2F, 0x0C, 0x0A,
    0x15, 0x24, 0x10, 0x1B, 0x57, 0x22, 0x30, 0x0C, 0x0A, 0x15, 0x1F, 0x0E, 0x19, 0x59, 0x23, 0x31,
    0x0B, 0x0A, 0x15, 0x0C, 0x0A, 0x15, 0x15, 0x0C, 0x17, 0x54, 0x21, 0x2F, 0x5B, 0x24, 0x32, 0x0C,
    0x0A, 0x15, 0x0C, 0x0A, 0x15, 0x0C, 0x0A, 0x15, 0x0C, 0x0A, 0x15, 0x0C, 0x0A, 0x15, 0x0C, 0x0A,
    0x15, 0x0C, 0x0A, 0x15, 0x0B, 0x0A, 0x15, 0x58, 0x22, 0x31, 0x55, 0x21, 0x2F, 0x1D, 0x0E, 0x19,
    0x0C, 0x0A, 0x15, 0x0C, 0x0A, 0x15, 0x55, 0x21, 0x2F, 0x26, 0x10, 0x1B, 0x4E, 0x1E, 0x2C, 0x55,
    0x21, 0x2F, 0x5A, 0x23, 0x31, 0x74, 0x2E, 0x3E, 0x62, 0x27, 0x36, 0x2D, 0x12, 0x1E, 0x0C, 0x0A,
    0x15, 0x6A, 0x2A, 0x3A, 0x79, 0x30, 0x41, 0x60, 0x26, 0x35, 0x2F, 0x13, 0x1F, 0x4D, 0x1E, 0x2B,
    0x71, 0x2D, 0x3D, 0x66, 0x28, 0x37, 0x70, 0x2C, 0x3C, 0x79, 0x30, 0x41, 0x64, 0x27, 0x36, 0x6D,
    0x2B, 0x3B, 0x79, 0x30, 0x41, 0x4F, 0x1F, 0x2C, 0x42, 0x1A, 0x27, 0x57, 0x22, 0x30, 0x5B, 0x24,
    0x32, 0x68, 0x29, 0x38, 0x6F, 0x2C, 0x3C, 0x67, 0x28, 0x38, 0x6E, 0x2B, 0x3B, 0x46, 0x1B, 0x28,
    0x47, 0x1C, 0x29, 0x79, 0x30, 0x41, 0x8A, 0x44, 0x5A, 0xB7, 0x79, 0x92, 0xD6, 0xA4, 0xB3, 0xD3,
    0x9E, 0xB1, 0xCF, 0x92, 0xAC, 0xE2, 0xC4, 0xC2, 0xE0, 0xBE, 0xBF, 0xD7, 0xA7, 0xB4, 0xD5, 0xA4,
    0xB3, 0xD7, 0xA8, 0xB5, 0xD9, 0xAD, 0xB7, 0xDE, 0xBB, 0xBE, 0xCB, 0x84, 0xA7, 0xD7, 0xA8, 0xB5,
    0xD7, 0xA8, 0xB5, 0xD7, 0xA8, 0xB5, 0xD7, 0xA8, 0xB5, 0xD8, 0xAA, 0xB6, 0xE1, 0xC2, 0xC1, 0xD5,
    0xA3, 0xB3, 0xD7, 0xA8, 0xB5, 0xD7, 0xA8, 0xB5, 0xD5, 0xA3, 0xB3, 0xD5, 0xA3, 0xB3, 0xE2, 0xC4,
    0xC2, 0xD5, 0xA3, 0xB3, 0xC9, 0x7E, 0xA4, 0xD6, 0xA7, 0xB4, 0xE2, 0xC3, 0xC2, 0xD7, 0xAA, 0xB6,
    0xD7, 0xA8, 0xB5, 0xD7, 0xA8, 0xB5, 0xD7, 0xA8, 0xB5, 0xE1, 0xC1, 0xC1, 0xD8, 0xAC, 0xB7, 0xD7,
    0xA8, 0xB5, 0xCB, 0x84, 0xA7, 0xDE, 0xBB, 0xBE, 0xD9, 0xAD, 0xB7, 0xCC, 0x86, 0xA7, 0xC9, 0x7D,
    0xA4, 0xC9, 0x7D, 0xA4, 0xD4, 0xA0, 0xB1, 0xCC, 0x88, 0xA8, 0xC9, 0x7D, 0xA4, 0xC9, 0x7D, 0xA4,
    0xC9, 0x7D, 0xA4, 0xD3, 0x9D, 0xB0, 0xCD, 0x8B, 0xA9, 0xC9, 0x7D, 0xA4, 0xC9, 0x7D, 0xA4, 0xD1,
    0x98, 0xAE, 0xCD, 0x8C, 0xA9, 0xB6, 0x6D, 0x8F, 0x8E, 0x48, 0x60, 0x79, 0x30, 0x41, 0x79, 0x30,
    0x41, 0x99, 0x53, 0x6E, 0x86, 0x4D, 0x67, 0x4F, 0x1F, 0x2C, 0x79, 0x30, 0x41, 0x8E, 0x48, 0x60,
    0xA8, 0x61, 0x80, 0x97, 0x51, 0x6B, 0x79, 0x30, 0x41, 0x70, 0x2C, 0x3D, 0x66, 0x28, 0x37, 0x70,
    0x2C, 0x3C, 0x48, 0x1C, 0x29, 0x31, 0x14, 0x20, 0x64, 0x27, 0x36, 0x79, 0x30, 0x41, 0x73, 0x2D,
    0x3E, 0x5B, 0x24, 0x32, 0x51, 0x20, 0x2D, 0x0C, 0x0A, 0x15, 0x27, 0x10, 0x1C, 0x55, 0x21, 0x2F,
    0x4E, 0x1E, 0x2C, 0x0C, 0x0A, 0x15, 0x22, 0x0F, 0x1A, 0x50, 0x1F, 0x2D, 0x0C, 0x0A, 0x15, 0x1D,
    0x0E, 0x19, 0x52, 0x20, 0x2E, 0x0B, 0x0A, 0x15, 0x0C, 0x0A, 0x15, 0x16, 0x0C, 0x17, 0x5B, 0x24,
    0x32, 0x54, 0x21, 0x2F, 0x0C, 0x0A, 0x15, 0x0C, 0x0A, 0x15, 0x0C, 0x0A, 0x15, 0x0C, 0x0A, 0x15,
    0x0B, 0x0A, 0x15, 0x58, 0x23, 0x31, 0x16, 0x0C, 0x17, 0x0B, 0x0A, 0x15, 0x53, 0x21, 0x2E, 0x1B,
    0x0D, 0x18, 0x0C, 0x0A, 0x15, 0x0C, 0x0A, 0x15, 0x54, 0x21, 0x2F, 0x75, 0x2E, 0x3F, 0x32, 0x14,
    0x20, 0x0C, 0x0A, 0x15, 0x52, 0x20, 0x2E, 0x74, 0x2E, 0x3E, 0x79, 0x30, 0x41, 0x5F, 0x25, 0x34,
    0x2A, 0x12, 0x1D, 0x4F, 0x1F, 0x2C, 0x57, 0x22, 0x30, 0x56, 0x22, 0x30, 0x59, 0x23, 0x31, 0x32,
    0x14, 0x20, 0x49, 0x1C, 0x2A, 0x70, 0x2C, 0x3C, 0x63, 0x27, 0x36, 0x56, 0x22, 0x30, 0x56, 0x22,
    0x30, 0x36, 0x15, 0x21, 0x61, 0x26, 0x35, 0x79, 0x30, 0x41, 0x68, 0x29, 0x38, 0x5A, 0x23, 0x31,
    0x68, 0x29, 0x38, 0x6D, 0x2B, 0x3B, 0x65, 0x28, 0x37, 0x79, 0x30, 0x41, 0x79, 0x30, 0x41, 0x6F,
    0x2C, 0x3C, 0x5A, 0x23, 0x31, 0x65, 0x28, 0x37, 0x79, 0x30, 0x41, 0x88, 0x42, 0x58, 0xB0, 0x68,
    0x89, 0xCC, 0x89, 0xA8, 0xD2, 0x9B, 0xAF, 0xCC, 0x88, 0xA8, 0xD5, 0xA4, 0xB3, 0xD5, 0xA4, 0xB3,
    0xD6, 0xA5, 0xB3, 0xD6, 0xA6, 0xB4, 0xD5, 0xA4, 0xB3, 0xD8, 0xAA, 0xB6, 0xDE, 0xBB, 0xBE, 0xCD,
    0x8A, 0xA9, 0xE2, 0xC4, 0xC2, 0xE2, 0xC4, 0xC2, 0xE2, 0xC4, 0xC2, 0xE2, 0xC4, 0xC2, 0xE2, 0xC4,
    0xC2, 0xE1, 0xC2, 0xC1, 0xD6, 0xA7, 0xB4, 0xD6, 0xA5, 0xB4, 0xE2, 0xC3, 0xC2, 0xD7, 0xA7, 0xB4,
    0xD7, 0xA7, 0xB5, 0xE2, 0xC4, 0xC2, 0xC9, 0x7E, 0xA4, 0xC9, 0x7D, 0xA4, 0xD5, 0xA3, 0xB3, 0xD5,
    0xA4, 0xB3, 0xD5, 0xA4, 0xB3, 0xD5, 0xA4, 0xB3, 0xD5, 0xA4, 0xB3, 0xD5, 0xA4, 0xB3, 0xD5, 0xA4,
    0xB3, 0xD5, 0xA4, 0xB3, 0xE0, 0xC0, 0xC0, 0xCD, 0x8A, 0xA9, 0xD4, 0x9F, 0xB1, 0xE0, 0xBF, 0xC0,
    0xCE, 0x8E, 0xAA, 0xC9, 0x7D, 0xA4, 0xD4, 0x9F, 0xB1, 0xD6, 0xA5, 0xB3, 0xCC, 0x87, 0xA8, 0xC9,
    0x7D, 0xA4, 0xC9, 0x7D, 0xA4, 0xC9, 0x7D, 0xA4, 0xDB, 0xB4, 0xBA, 0xD1, 0x96, 0xAE, 0xC9, 0x7D,
    0xA4, 0xC9, 0x7D, 0xA4, 0xC9, 0x7D, 0xA4, 0xC9, 0x7D, 0xA4, 0xD2, 0x9A, 0xAF, 0xA4, 0x70, 0x7D,
    0x99, 0x53, 0x6E, 0x8E, 0x48, 0x61, 0xAE, 0x66, 0x87, 0xA7, 0x64, 0x84, 0x81, 0x44, 0x5C, 0xA9,
    0x62, 0x81, 0xB6, 0x6D, 0x8F, 0xB1, 0x69, 0x8A, 0x6E, 0x2C, 0x3C, 0x64, 0x27, 0x36, 0x6F, 0x2C,
    0x3C, 0x63, 0x27, 0x36, 0x71, 0x2D, 0x3D, 0x4D, 0x1E, 0x2B, 0x5E, 0x35, 0x48, 0x99, 0x56, 0x72,
    0x56, 0x22, 0x30, 0x60, 0x26, 0x34, 0x72, 0x2D, 0x3E, 0x4D, 0x1E, 0x2B, 0x0C, 0x0A, 0x15, 0x29,
    0x11, 0x1D, 0x52, 0x20, 0x2E, 0x0C, 0x0A, 0x15, 0x25, 0x10, 0x1B, 0x5A, 0x23, 0x31, 0x54, 0x21,
    0x2F, 0x0C, 0x0A, 0x15, 0x0C, 0x0A, 0x15, 0x0C, 0x0A, 0x15, 0x0C, 0x0A, 0x15, 0x0C, 0x0A, 0x15,
    0x1D, 0x0E, 0x19, 0x77, 0x2F, 0x40, 0x0B, 0x0A, 0x15, 0x0C, 0x0A, 0x15, 0x0C, 0x0A, 0x15, 0x0C,
    0x0A, 0x15, 0x0C, 0x0A, 0x15, 0x0B, 0x0A, 0x15, 0x56, 0x22, 0x30, 0x15, 0x0C, 0x17, 0x56, 0x22,
    0x30, 0x1A, 0x0D, 0x18, 0x0C, 0x0A, 0x15, 0x0C, 0x0A, 0x15, 0x0C, 0x0A, 0x15, 0x52, 0x20, 0x2E,
    0x75, 0x2E, 0x3F, 0x32, 0x14, 0x20, 0x0C, 0x0A, 0x15, 0x6F, 0x2C, 0x3C, 0x79, 0x30, 0x41, 0x5F,
    0x25, 0x34, 0x58, 0x23, 0x31, 0x59, 0x23, 0x31, 0x72, 0x2D, 0x3E, 0x3F, 0x19, 0x25, 0x4D, 0x1E,
    0x2B, 0x71, 0x2D, 0x3D, 0x63, 0x27, 0x36, 0x32, 0x14, 0x20, 0x49, 0x1D, 0x2A, 0x58, 0x22, 0x31,
    0x59, 0x23, 0x31, 0x36, 0x16, 0x22, 0x48, 0x1C, 0x29, 0x6E, 0x2B, 0x3B, 0x66, 0x28, 0x37, 0x57,
    0x22, 0x30, 0x6D, 0x2B, 0x3B, 0x6D, 0x2B, 0x3B, 0x45, 0x1B, 0x28, 0x4E, 0x1E, 0x2C, 0x79, 0x30,
    0x41, 0x6E, 0x2C, 0x3C, 0x65, 0x28, 0x37, 0x79, 0x30, 0x41, 0x79, 0x30, 0x41, 0x79, 0x30, 0x41,
    0x89, 0x43, 0x59, 0xB2, 0x6A, 0x8B, 0xCD, 0x89, 0xA8, 0xD6, 0xA6, 0xB4, 0xD6, 0xA6, 0xB4, 0xD3,
    0x9E, 0xB1, 0xC9, 0x7D, 0xA4, 0xCE, 0x8F, 0xAB, 0xDD, 0xB9, 0xBD, 0xC9, 0x7D, 0xA4, 0xCE, 0x8D,
    0xAA, 0xDE, 0xBB, 0xBE, 0xCD, 0x8A, 0xA9, 0xE2, 0xC4, 0xC2, 0xE1, 0xC1, 0xC0, 0xD6, 0xA5, 0xB4,
    0xD7, 0xA8, 0xB5, 0xE2, 0xC4, 0xC2, 0xE2, 0xC4, 0xC2, 0xE1, 0xC3, 0xC1, 0xD7, 0xA7, 0xB5, 0xE2,
    0xC4, 0xC2, 0xE2, 0xC4, 0xC2, 0xE2, 0xC4, 0xC2, 0xE2, 0xC4, 0xC2, 0xD6, 0xA6, 0xB4, 0xD6, 0xA6,
    0xB4, 0xD6, 0xA6, 0xB4, 0xD6, 0xA6, 0xB4, 0xD6, 0xA6, 0xB4, 0xCA, 0x80, 0xA5, 0xC9, 0x7D, 0xA4,
    0xD5, 0xA3, 0xB3, 0xD6, 0xA6, 0xB4, 0xCB, 0x83, 0xA6, 0xD4, 0xA0, 0xB2, 0xCB, 0x84, 0xA6, 0xC9,
    0x7D, 0xA4, 0xD4, 0x9F, 0xB1, 0xCB, 0x85, 0xA7, 0xC9, 0x7D, 0xA4, 0xD3, 0x9E, 0xB1, 0xCC, 0x87,
    0xA8, 0xC9, 0x7D, 0xA4, 0xC9, 0x7D, 0xA4, 0xC9, 0x7D, 0xA4, 0xC9, 0x7D, 0xA4, 0xDB, 0xB4, 0xBA,
    0xD1, 0x96, 0xAE, 0xC9, 0x7D, 0xA4, 0xD2, 0x9A, 0xAF, 0xD6, 0xA6, 0xB4, 0xCE, 0x8D, 0xAA, 0xD1,
    0x98, 0xAE, 0xA4, 0x6F, 0x7C, 0xB0, 0x68, 0x89, 0x9F, 0x59, 0x75, 0x89, 0x4C, 0x66, 0x89, 0x4C,
    0x66, 0x9F, 0x59, 0x76, 0xBD, 0x73, 0x97, 0xA7, 0x60, 0x7E, 0xA7, 0x60, 0x7F, 0x92, 0x51, 0x6C,
    0x58, 0x22, 0x31, 0x49, 0x1C, 0x29, 0x47, 0x1C, 0x29, 0x79, 0x30, 0x41, 0x71, 0x2D, 0x3D, 0x75,
    0x3B, 0x50, 0x97, 0x55, 0x70, 0x4E, 0x1E, 0x2C, 0x2C, 0x12, 0x1E, 0x58, 0x22, 0x30, 0x4F, 0x1F,
    0x2C, 0x0C, 0x0A, 0x15, 0x38, 0x16, 0x22, 0x6F, 0x2C, 0x3C, 0x0C, 0x0A, 0x15, 0x32, 0x14, 0x20,
    0x75, 0x2E, 0x3F, 0x52, 0x20, 0x2E, 0x20, 0x0E, 0x1A, 0x55, 0x21, 0x2F, 0x1C, 0x0D, 0x18, 0x56,
    0x22, 0x30, 0x17, 0x0C, 0x17, 0x59, 0x23, 0x31, 0x56, 0x22, 0x30, 0x0B, 0x0A, 0x15, 0x0C, 0x0A,
    0x15, 0x0C, 0x0A, 0x15, 0x0C, 0x0A, 0x15, 0x0C, 0x0A, 0x15, 0x0C, 0x0A, 0x15, 0x0C, 0x0A, 0x15,
    0x0B, 0x0A, 0x15, 0x56, 0x22, 0x30, 0x57, 0x22, 0x30, 0x57, 0x22, 0x30, 0x1E, 0x0E, 0x19, 0x0C,
    0x0A, 0x15, 0x0C, 0x0A, 0x15, 0x53, 0x20, 0x2E, 0x25, 0x10, 0x1B, 0x0C, 0x0A, 0x15, 0x6F, 0x2C,
    0x3C, 0x60, 0x26, 0x34, 0x2A, 0x11, 0x1D, 0x4F, 0x1F, 0x2C, 0x73, 0x2D, 0x3E, 0x61, 0x26, 0x35,
    0x58, 0x22, 0x30, 0x58, 0x22, 0x31, 0x59, 0x23, 0x31, 0x71, 0x2D, 0x3D, 0x63, 0x27, 0x36, 0x33,
    0x14, 0x20, 0x65, 0x28, 0x37, 0x65, 0x28, 0x37, 0x58, 0x22, 0x30, 0x6E, 0x2B, 0x3B, 0x79, 0x30,
    0x41, 0x4E, 0x1F, 0x2C, 0x45, 0x1B, 0x28, 0x6D, 0x2B, 0x3B, 0x5F, 0x25, 0x34, 0x38, 0x16, 0x22,
    0x66, 0x28, 0x37, 0x79, 0x30, 0x41, 0x6E, 0x2C, 0x3C, 0x58, 0x22, 0x30, 0x65, 0x28, 0x37, 0x79,
    0x30, 0x41, 0x79, 0x30, 0x41, 0x89, 0x43, 0x59, 0xB2, 0x6A, 0x8B, 0xCD, 0x89, 0xA8, 0xD6, 0xA6,
    0xB4, 0xD9, 0xAE, 0xB8, 0xDF, 0xBD, 0xBF, 0xD6, 0xA5, 0xB4, 0xD8, 0xAC, 0xB7, 0xE0, 0xBE, 0xBF,
    0xD6, 0xA5, 0xB4, 0xD8, 0xAB, 0xB6, 0xE0, 0xBF, 0xC0, 0xD8, 0xAA, 0xB6, 0xE2, 0xC4, 0xC2, 0xE1,
    0xC1, 0xC0, 0xD6, 0xA5, 0xB4, 0xD6, 0xA5, 0xB4, 0xD6, 0xA6, 0xB4, 0xD7, 0xA8, 0xB5, 0xE2, 0xC4,
    0xC2, 0xE2, 0xC4, 0xC2, 0xE2, 0xC3, 0xC2, 0xD6, 0xA6, 0xB4, 0xD6, 0xA6, 0xB4, 0xD6, 0xA6, 0xB4,
    0xE2, 0xC4, 0xC2, 0xE2, 0xC4, 0xC2, 0xE2, 0xC4, 0xC2, 0xE2, 0xC4, 0xC2, 0xE2, 0xC4, 0xC2, 0xD7,
    0xA7, 0xB5, 0xD6, 0xA5, 0xB4, 0xE1, 0xC1, 0xC1, 0xE2, 0xC4, 0xC2, 0xD7, 0xA9, 0xB5, 0xD6, 0xA5,
    0xB4, 0xD6, 0xA5, 0xB4, 0xD6, 0xA5, 0xB4, 0xD6, 0xA5, 0xB4, 0xCB, 0x85, 0xA7, 0xC9, 0x7D, 0xA4,
    0xC9, 0x7D, 0xA4, 0xC9, 0x7D, 0xA4, 0xC9, 0x7D, 0xA4, 0xC9, 0x7D, 0xA4, 0xC9, 0x7D, 0xA4, 0xC9,
    0x7D, 0xA4, 0xDB, 0xB4, 0xBA, 0xD1, 0x96, 0xAE, 0xC9, 0x7D, 0xA4, 0xD2, 0x9A, 0xAF, 0xDE, 0xBB,
    0xBE, 0xD2, 0x9A, 0xAF, 0xB5, 0x6C, 0x8E, 0xA7, 0x60, 0x7F, 0xBD, 0x73, 0x97, 0xB5, 0x6C, 0x8F,
    0x9B, 0x5C, 0x7A, 0x89, 0x4C, 0x66, 0x8E, 0x48, 0x60, 0xA7, 0x60, 0x7F, 0x97, 0x52, 0x6C, 0x8C,
    0x46, 0x5E, 0x99, 0x53, 0x6F, 0x6F, 0x2C, 0x3C, 0x49, 0x1C, 0x29, 0x62, 0x37, 0x4B, 0x9B, 0x55,
    0x70, 0x71, 0x2D, 0x3D, 0x59, 0x23, 0x31, 0x62, 0x27, 0x36, 0x6A, 0x2A, 0x3A, 0x0C, 0x0A, 0x15,
    0x2C, 0x12, 0x1D, 0x4F, 0x1F, 0x2C, 0x0C, 0x0A, 0x15, 0x28, 0x11, 0x1C, 0x51, 0x20, 0x2D, 0x26,
    0x10, 0x1B, 0x58, 0x22, 0x30, 0x53, 0x20, 0x2E, 0x0C, 0x0A, 0x15, 0x20, 0x0E, 0x1A, 0x55, 0x21,
    0x2F, 0x1C, 0x0D, 0x18, 0x56, 0x22, 0x30, 0x1F, 0x0E, 0x19, 0x77, 0x2F, 0x40, 0x0A, 0x0A, 0x15,
    0x11, 0x0B, 0x16, 0x57, 0x22, 0x30, 0x0D, 0x0A, 0x15, 0x0C, 0x0A, 0x15, 0x0C, 0x0A, 0x15, 0x0C,
    0x0A, 0x15, 0x0C, 0x0A, 0x15, 0x0C, 0x0A, 0x15, 0x0A, 0x0A, 0x15, 0x75, 0x2E, 0x3F, 0x5D, 0x24,
    0x33, 0x1E, 0x0E, 0x19, 0x0C, 0x0A, 0x15, 0x0C, 0x0A, 0x15, 0x50, 0x1F, 0x2D, 0x24, 0x0F, 0x1B,
    0x0C, 0x0A, 0x15, 0x6F, 0x2C, 0x3C, 0x5E, 0x25, 0x33, 0x56, 0x22, 0x30, 0x56, 0x22, 0x30, 0x59,
    0x23, 0x31, 0x57, 0x22, 0x30, 0x72, 0x2D, 0x3D, 0x41, 0x19, 0x26, 0x0C, 0x0A, 0x15, 0x68, 0x29,
    0x38, 0x64, 0x27, 0x37, 0x57, 0x22, 0x30, 0x59, 0x23, 0x31, 0x36, 0x15, 0x21, 0x63, 0x27, 0x36,
    0x67, 0x28, 0x38, 0x5A, 0x23, 0x31, 0x58, 0x22, 0x30, 0x6D, 0x2B, 0x3B, 0x79, 0x30, 0x41, 0x5F,
    0x25, 0x34, 0x4F, 0x1F, 0x2C, 0x79, 0x30, 0x41, 0x79, 0x30, 0x41, 0x79, 0x30, 0x41, 0x6E, 0x2C,
    0x3C, 0x63, 0x27, 0x36, 0x79, 0x30, 0x41, 0x79, 0x30, 0x41, 0x79, 0x30, 0x41, 0x89, 0x42, 0x59,
    0xB2, 0x6A, 0x8B, 0xC9, 0x7D, 0xA4, 0xCF, 0x92, 0xAC, 0xDF, 0xBE, 0xBF, 0xD7, 0xA7, 0xB4, 0xD9,
    0xAD, 0xB7, 0xE2, 0xC4, 0xC2, 0xE2, 0xC4, 0xC2, 0xE2, 0xC4, 0xC2, 0xE2, 0xC4, 0xC2, 0xE2, 0xC4,
    0xC2, 0xE2, 0xC4, 0xC2, 0xE2, 0xC4, 0xC2, 0xE2, 0xC4, 0xC2, 0xE1, 0xC1, 0xC1, 0xD5, 0xA4, 0xB3,
    0xD6, 0xA6, 0xB4, 0xE2, 0xC4, 0xC2, 0xE2, 0xC4, 0xC2, 0xE2, 0xC3, 0xC2, 0xD5, 0xA4, 0xB3, 0xD5,
    0xA4, 0xB3, 0xD5, 0xA4, 0xB3, 0xD7, 0xA7, 0xB4, 0xD7, 0xA7, 0xB4, 0xD7, 0xA7, 0xB4, 0xD7, 0xA7,
    0xB4, 0xD7, 0xA7, 0xB4, 0xD7, 0xA7, 0xB4, 0xD6, 0xA7, 0xB4, 0xE1, 0xC2, 0xC1, 0xE2, 0xC4, 0xC2,
    0xD8, 0xAB, 0xB6, 0xE1, 0xC0, 0xC0, 0xE2, 0xC4, 0xC2, 0xE2, 0xC4, 0xC2, 0xE2, 0xC4, 0xC2, 0xCE,
    0x8E, 0xAA, 0xD3, 0x9D, 0xB0, 0xD5, 0xA4, 0xB3, 0xD5, 0xA4, 0xB3, 0xCC, 0x87, 0xA8, 0xC9, 0x7D,
    0xA4, 0xC9, 0x7D, 0xA4, 0xD2, 0x9B, 0xAF, 0xDF, 0xBC, 0xBE, 0xD1, 0x96, 0xAE, 0xC9, 0x7D, 0xA4,
    0xC9, 0x7D, 0xA4, 0xD2, 0x9B, 0xAF, 0xCE, 0x8D, 0xAA, 0xB3, 0x6B, 0x8D, 0xA8, 0x61, 0x7F, 0xBE,
    0x73, 0x98, 0xB6, 0x6D, 0x90, 0xA9, 0x62, 0x81, 0xA8, 0x60, 0x7F, 0xA6, 0x5F, 0x7D, 0xA7, 0x60,
    0x7F, 0xA8, 0x61, 0x7F, 0x97, 0x51, 0x6C, 0x6F, 0x2C, 0x3C, 0x66, 0x28, 0x37, 0x6F, 0x2C, 0x3C,
    0x88, 0x4D, 0x67, 0xB1, 0x6C, 0x8E, 0x59, 0x23, 0x31, 0x56, 0x22, 0x30, 0x61, 0x26, 0x35, 0x72,
    0x2D, 0x3D, 0x4C, 0x1E, 0x2B, 0x2A, 0x12, 0x1D, 0x4D, 0x1E, 0x2B, 0x0C, 0x0A, 0x15, 0x27, 0x11,
    0x1C, 0x4F, 0x1F, 0x2C, 0x27, 0x10, 0x1C, 0x53, 0x20, 0x2E, 0x0C, 0x0A, 0x15, 0x21, 0x0F, 0x1A,
    0x52, 0x20, 0x2E, 0x0B, 0x0A, 0x15, 0x0C, 0x0A, 0x15, 0x19, 0x0D, 0x18, 0x56, 0x22, 0x30, 0x58,
    0x22, 0x31, 0x0B, 0x0A, 0x15, 0x12, 0x0B, 0x16, 0x59, 0x23, 0x31, 0x0D, 0x0A, 0x15, 0x0C, 0x0A,
    0x15, 0x0C, 0x0A, 0x15, 0x0C, 0x0A, 0x15, 0x0C, 0x0A, 0x15, 0x0C, 0x0A, 0x15, 0x0B, 0x0A, 0x15,
    0x58, 0x22, 0x31, 0x1C, 0x0D, 0x19, 0x51, 0x20, 0x2D, 0x1E, 0x0E, 0x19, 0x50, 0x1F, 0x2D, 0x5A,
    0x23, 0x32, 0x26, 0x10, 0x1B, 0x4E, 0x1E, 0x2C, 0x5A, 0x23, 0x31, 0x5B, 0x24, 0x32, 0x74, 0x2E,
    0x3E, 0x62, 0x27, 0x36, 0x2D, 0x12, 0x1E, 0x6B, 0x2A, 0x3A, 0x79, 0x30, 0x41, 0x41, 0x19, 0x26,
    0x0C, 0x0A, 0x15, 0x68, 0x29, 0x38, 0x45, 0x1B, 0x28, 0x66, 0x28, 0x37, 0x62, 0x27, 0x36, 0x55,
    0x21, 0x2F, 0x6E, 0x2B, 0x3B, 0x4C, 0x1E, 0x2B, 0x44, 0x1B, 0x27, 0x59, 0x23, 0x31, 0x6E, 0x2B,
    0x3B, 0x69, 0x29, 0x39, 0x59, 0x23, 0x31, 0x57, 0x22, 0x30, 0x68, 0x29, 0x38, 0x79, 0x30, 0x41,
    0x79, 0x30, 0x41, 0x70, 0x2C, 0x3C, 0x66, 0x28, 0x37, 0x79, 0x30, 0x41, 0x79, 0x30, 0x41, 0x79,
    0x30, 0x41, 0x79, 0x30, 0x41, 0x99, 0x61, 0x6F, 0xD5, 0xA3, 0xB3, 0xD8, 0xAC, 0xB7, 0xDD, 0xB7,
    0xBC, 0xC9, 0x7D, 0xA4, 0xCC, 0x87, 0xA8, 0xD9, 0xAE, 0xB8, 0xE0, 0xBF, 0xC0, 0xD7, 0xA8, 0xB5,
    0xD7, 0xA8, 0xB5, 0xD7, 0xA8, 0xB5, 0xD7, 0xA8, 0xB5, 0xD7, 0xA8, 0xB5, 0xD8, 0xAB, 0xB6, 0xE2,
    0xC4, 0xC2, 0xE1, 0xC2, 0xC1, 0xD8, 0xAA, 0xB6, 0xE2, 0xC4, 0xC2, 0xE2, 0xC4, 0xC2, 0xE2, 0xC4,
    0xC2, 0xE2, 0xC4, 0xC2, 0xE2, 0xC4, 0xC2, 0xE2, 0xC4, 0xC2, 0xD5, 0xA3, 0xB3, 0xD5, 0xA3, 0xB3,
    0xD5, 0xA3, 0xB3, 0xD5, 0xA3, 0xB3, 0xD5, 0xA3, 0xB3, 0xCA, 0x80, 0xA5, 0xD4, 0xA0, 0xB2, 0xE1,
    0xC1, 0xC1, 0xD8, 0xAB, 0xB6, 0xCB, 0x83, 0xA6, 0xD5, 0xA3, 0xB3, 0xD7, 0xA8, 0xB5, 0xD7, 0xA8,
    0xB5, 0xD7, 0xA8, 0xB5, 0xCC, 0x86, 0xA7, 0xDD, 0xB9, 0xBD, 0xE2, 0xC4, 0xC2, 0xE2, 0xC4, 0xC2,
    0xD8, 0xAB, 0xB6, 0xD5, 0xA3, 0xB3, 0xCC, 0x88, 0xA8, 0xD3, 0x9E, 0xB1, 0xD7, 0xA8, 0xB5, 0xCD,
    0x8B, 0xA9, 0xC9, 0x7D, 0xA4, 0xC9, 0x7D, 0xA4, 0xC9, 0x7D, 0xA4, 0xC9, 0x7D, 0xA4, 0xC9, 0x7D,
    0xA4, 0x9D, 0x57, 0x73, 0xB0, 0x68, 0x89, 0x9F, 0x59, 0x75, 0x79, 0x30, 0x41, 0x90, 0x4A, 0x62,
    0xAA, 0x63, 0x82, 0x99, 0x53, 0x6E, 0x9D, 0x57, 0x74, 0xB1, 0x69, 0x8A, 0x6E, 0x2B, 0x3B, 0x57,
    0x22, 0x30, 0x66, 0x28, 0x37, 0x98, 0x52, 0x6D, 0xAC, 0x6A, 0x8C, 0x33, 0x14, 0x20, 0x64, 0x27,
    0x37, 0x72, 0x2D, 0x3D, 0x5B, 0x24, 0x32, 0x50, 0x1F, 0x2D, 0x3C, 0x18, 0x24, 0x6D, 0x2B, 0x3B,
    0x0C, 0x0A, 0x15, 0x2A, 0x11, 0x1D, 0x53, 0x20, 0x2E, 0x0C, 0x0A, 0x15, 0x0C, 0x0A, 0x15, 0x0C,
    0x0A, 0x15, 0x22, 0x0F, 0x1A, 0x5A, 0x23, 0x32, 0x51, 0x20, 0x2D, 0x0B, 0x0A, 0x15, 0x1B, 0x0D,
    0x18, 0x59, 0x23, 0x31, 0x0B, 0x0A, 0x15, 0x0C, 0x0A, 0x15, 0x0C, 0x0A, 0x15, 0x0C, 0x0A, 0x15,
    0x0C, 0x0A, 0x15, 0x0C, 0x0A, 0x15, 0x0C, 0x0A, 0x15, 0x0B, 0x0A, 0x15, 0x52, 0x20, 0x2E, 0x15,
    0x0C, 0x17, 0x0C, 0x0A, 0x15, 0x0C, 0x0A, 0x15, 0x0B, 0x0A, 0x15, 0x58, 0x22, 0x31, 0x21, 0x0F,
    0x1A, 0x57, 0x22, 0x30, 0x24, 0x10, 0x1B, 0x0C, 0x0A, 0x15, 0x6F, 0x2C, 0x3C, 0x36, 0x15, 0x21,
    0x4C, 0x1E, 0x2B, 0x5A, 0x23, 0x32, 0x55, 0x21, 0x2F, 0x29, 0x11, 0x1D, 0x51, 0x20, 0x2D, 0x73,
    0x2D, 0x3E, 0x5F, 0x25, 0x34, 0x54, 0x21, 0x2E, 0x70, 0x2C, 0x3C, 0x61, 0x26, 0x35, 0x59, 0x23,
    0x31, 0x71, 0x2C, 0x3D, 0x79, 0x30, 0x41, 0x67, 0x29, 0x38, 0x57, 0x22, 0x30, 0x6D, 0x2B, 0x3B,
    0x4E, 0x1F, 0x2C, 0x60, 0x26, 0x34, 0x65, 0x28, 0x37, 0x65, 0x28, 0x37, 0x6C, 0x2B, 0x3A, 0x57,
    0x22, 0x30, 0x68, 0x29, 0x38, 0x79, 0x30, 0x41, 0x6E, 0x2B, 0x3B, 0x57, 0x22, 0x30, 0x66, 0x28,
    0x38, 0x79, 0x30, 0x41, 0x79, 0x30, 0x41, 0x87, 0x40, 0x56, 0xB7, 0x83, 0x92, 0xDF, 0xBE, 0xBF,
    0xDA, 0xB0, 0xB8, 0xDF, 0xBD, 0xBF, 0xD5, 0xA2, 0xB2, 0xD5, 0xA2, 0xB2, 0xD5, 0xA3, 0xB3, 0xD5,
    0xA2, 0xB2, 0xCB, 0x84, 0xA7, 0xD3, 0x9D, 0xB0, 0xCB, 0x83, 0xA6, 0xD3, 0x9E, 0xB0, 0xC9, 0x7D,
    0xA4, 0xCB, 0x82, 0xA6, 0xD7, 0xA9, 0xB5, 0xD7, 0xA8, 0xB5, 0xD6, 0xA4, 0xB3, 0xE2, 0xC4, 0xC2,
    0xE2, 0xC3, 0xC2, 0xD8, 0xAA, 0xB6, 0xE2, 0xC4, 0xC2, 0xE2, 0xC4, 0xC2, 0xE2, 0xC4, 0xC2, 0xE2,
    0xC4, 0xC2, 0xE2, 0xC4, 0xC2, 0xE2, 0xC4, 0xC2, 0xE2, 0xC4, 0xC2, 0xE2, 0xC4, 0xC2, 0xD6, 0xA4,
    0xB3, 0xE1, 0xC2, 0xC1, 0xE2, 0xC4, 0xC2, 0xD6, 0xA6, 0xB4, 0xD5, 0xA2, 0xB2, 0xD5, 0xA2, 0xB2,
    0xCB, 0x83, 0xA6, 0xC9, 0x7D, 0xA4, 0xC9, 0x7D, 0xA4, 0xD3, 0x9C, 0xB0, 0xD7, 0xA8, 0xB5, 0xD7,
    0xA9, 0xB5, 0xD7, 0xA9, 0xB5, 0xD7, 0xA9, 0xB5, 0xD7, 0xA9, 0xB5, 0xD5, 0xA4, 0xB3, 0xCC, 0x88,
    0xA8, 0xC9, 0x7D, 0xA4, 0xC9, 0x7D, 0xA4, 0xC9, 0x7D, 0xA4, 0xD1, 0x97, 0xAE, 0xCD, 0x8B, 0xA9,
    0xC9, 0x7D, 0xA4, 0xB7, 0x6E, 0x90, 0x8E, 0x48, 0x60, 0xB9, 0x85, 0x94, 0xA5, 0x6F, 0x7E, 0x69,
    0x29, 0x39, 0x69, 0x29, 0x39, 0x8C, 0x46, 0x5D, 0x95, 0x4F, 0x69, 0x9D, 0x57, 0x74, 0xB1, 0x69,
    0x8A, 0x79, 0x30, 0x41, 0x64, 0x27, 0x36, 0x36, 0x16, 0x22, 0x7C, 0x40, 0x56, 0x92, 0x54, 0x70,
    0x0C, 0x0A, 0x15, 0x32, 0x14, 0x20, 0x50, 0x1F, 0x2D, 0x2B, 0x12, 0x1D, 0x4A, 0x1D, 0x2A, 0x2D,
    0x13, 0x1E, 0x5A, 0x23, 0x32, 0x4B, 0x1D, 0x2B, 0x0C, 0x0A, 0x15, 0x0C, 0x0A, 0x15, 0x24, 0x10,
    0x1B, 0x4D, 0x1E, 0x2C, 0x0C, 0x0A, 0x15, 0x0C, 0x0A, 0x15, 0x21, 0x0F, 0x1A, 0x58, 0x22, 0x31,
    0x1A, 0x0D, 0x18, 0x51, 0x20, 0x2D, 0x0B, 0x0A, 0x15, 0x0C, 0x0A, 0x15, 0x13, 0x0B, 0x16, 0x53,
    0x20, 0x2E, 0x0C, 0x0A, 0x15, 0x0C, 0x0A, 0x15, 0x0C, 0x0A, 0x15, 0x0C, 0x0A, 0x15, 0x0B, 0x0A,
    0x15, 0x5C, 0x24, 0x32, 0x53, 0x20, 0x2E, 0x16, 0x0C, 0x17, 0x0C, 0x0A, 0x15, 0x0B, 0x0A, 0x15,
    0x4F, 0x1F, 0x2C, 0x1E, 0x0E, 0x19, 0x0C, 0x0A, 0x15, 0x4D, 0x1E, 0x2B, 0x22, 0x0F, 0x1A, 0x56,
    0x21, 0x2F, 0x29, 0x11, 0x1D, 0x6E, 0x2B, 0x3B, 0x39, 0x17, 0x23, 0x6D, 0x2B, 0x3B, 0x5D, 0x24,
    0x33, 0x2A, 0x11, 0x1D, 0x6A, 0x2A, 0x3A, 0x79, 0x30, 0x41, 0x66, 0x28, 0x37, 0x5D, 0x24, 0x33,
    0x72, 0x2D, 0x3D, 0x47, 0x1C, 0x29, 0x4E, 0x1E, 0x2C, 0x5D, 0x24, 0x33, 0x56, 0x22, 0x30, 0x59,
    0x23, 0x31, 0x5D, 0x24, 0x33, 0x57, 0x22, 0x30, 0x59, 0x23, 0x31, 0x6F, 0x2C, 0x3C, 0x79, 0x30,
    0x41, 0x6F, 0x2C, 0x3C, 0x59, 0x23, 0x31, 0x57, 0x22, 0x30, 0x68, 0x29, 0x39, 0x79, 0x30, 0x41,
    0x6E, 0x2B, 0x3B, 0x61, 0x26, 0x35, 0x79, 0x30, 0x41, 0x79, 0x30, 0x41, 0x9A, 0x62, 0x70, 0xCF,
    0x9F, 0xAC, 0xBA, 0x8F, 0x96, 0xB8, 0x7A, 0x92, 0xD8, 0xAA, 0xB6, 0xDA, 0xB0, 0xB9, 0xE2, 0xC4,
    0xC2, 0xDF, 0xBE, 0xBF, 0xD4, 0xA1, 0xB2, 0xD7, 0xA8, 0xB5, 0xDE, 0xBB, 0xBE, 0xCB, 0x85, 0xA7,
    0xD7, 0xA9, 0xB5, 0xD4, 0xA1, 0xB2, 0xD4, 0xA1, 0xB2, 0xD4, 0xA1, 0xB2, 0xD5, 0xA4, 0xB3, 0xE2,
    0xC4, 0xC2, 0xE1, 0xC3, 0xC1, 0xD7, 0xA9, 0xB6, 0xD4, 0xA1, 0xB2, 0xD8, 0xAA, 0xB6, 0xD8, 0xAA,
    0xB6, 0xD8, 0xAA, 0xB6, 0xE2, 0xC4, 0xC2, 0xD8, 0xAA, 0xB6, 0xD8, 0xAA, 0xB6, 0xD8, 0xAA, 0xB6,
    0xE1, 0xC3, 0xC1, 0xE2, 0xC4, 0xC2, 0xE2, 0xC4, 0xC2, 0xE2, 0xC4, 0xC2, 0xE2, 0xC4, 0xC2, 0xE2,
    0xC4, 0xC2, 0xE2, 0xC4, 0xC2, 0xD6, 0xA7, 0xB4, 0xD4, 0xA1, 0xB2, 0xD4, 0xA1, 0xB2, 0xD7, 0xA8,
    0xB5, 0xD5, 0xA3, 0xB3, 0xCB, 0x85, 0xA7, 0xC9, 0x7D, 0xA4, 0xC9, 0x7D, 0xA4, 0xC9, 0x7D, 0xA4,
    0xDC, 0xB5, 0xBB, 0xD0, 0x94, 0xAD, 0xC9, 0x7D, 0xA4, 0xC9, 0x7D, 0xA4, 0xC9, 0x7D, 0xA4, 0xD3,
    0x9D, 0xB0, 0xCE, 0x8E, 0xAA, 0xC9, 0x7D, 0xA4, 0x9C, 0x56, 0x72, 0x79, 0x30, 0x41, 0xA8, 0x7F,
    0x82, 0x99, 0x6B, 0x70, 0x64, 0x27, 0x37, 0x7B, 0x40, 0x57, 0xA6, 0x5F, 0x7E, 0x9B, 0x55, 0x70,
    0x8F, 0x49, 0x62, 0x9C, 0x56, 0x72, 0x70, 0x2C, 0x3D, 0x5A, 0x23, 0x31, 0x52, 0x20, 0x2E, 0x61,
    0x26, 0x35, 0x6F, 0x2C, 0x3C, 0x52, 0x20, 0x2E, 0x47, 0x1C, 0x29, 0x2C, 0x12, 0x1D, 0x5E, 0x25,
    0x33, 0x6B, 0x2A, 0x3A, 0x0C, 0x0A, 0x15, 0x2D, 0x12, 0x1E, 0x54, 0x21, 0x2F, 0x0C, 0x0A, 0x15,
    0x25, 0x10, 0x1B, 0x54, 0x21, 0x2F, 0x56, 0x22, 0x30, 0x0C, 0x0A, 0x15, 0x0C, 0x0A, 0x15, 0x0C,
    0x0A, 0x15, 0x0C, 0x0A, 0x15, 0x1D, 0x0E, 0x19, 0x5A, 0x23, 0x32, 0x0B, 0x0A, 0x15, 0x0C, 0x0A,
    0x15, 0x14, 0x0C, 0x17, 0x5C, 0x24, 0x33, 0x0C, 0x0A, 0x15, 0x0C, 0x0A, 0x15, 0x0C, 0x0A, 0x15,
    0x0C, 0x0A, 0x15, 0x0C, 0x0A, 0x15, 0x0A, 0x0A, 0x15, 0x77, 0x2F, 0x40, 0x20, 0x0E, 0x1A, 0x0C,
    0x0A, 0x15, 0x0B, 0x0A, 0x15, 0x5A, 0x23, 0x31, 0x22, 0x0F, 0x1A, 0x0C, 0x0A, 0x15, 0x58, 0x22,
    0x31, 0x53, 0x21, 0x2E, 0x23, 0x0F, 0x1B, 0x4A, 0x1D, 0x2A, 0x73, 0x2D, 0x3E, 0x39, 0x17, 0x23,
    0x6D, 0x2B, 0x3B, 0x79, 0x30, 0x41, 0x3E, 0x18, 0x25, 0x6A, 0x2A, 0x3A, 0x66, 0x28, 0x37, 0x33,
    0x15, 0x20, 0x0C, 0x0A, 0x15, 0x67, 0x28, 0x38, 0x47, 0x1C, 0x29, 0x43, 0x1A, 0x27, 0x51, 0x20,
    0x2D, 0x5A, 0x23, 0x31, 0x3B, 0x17, 0x23, 0x41, 0x19, 0x26, 0x59, 0x23, 0x31, 0x57, 0x22, 0x30,
    0x6B, 0x2A, 0x3A, 0x6F, 0x2C, 0x3C, 0x59, 0x23, 0x31, 0x63, 0x27, 0x36, 0x6C, 0x2B, 0x3B, 0x62,
    0x26, 0x35, 0x71, 0x2C, 0x3D, 0x68, 0x29, 0x38, 0x79, 0x30, 0x41, 0x79, 0x30, 0x41, 0x79, 0x30,
    0x41, 0x9B, 0x67, 0x72, 0xCE, 0xA3, 0xAC, 0xAC, 0x7F, 0x86, 0xAC, 0x64, 0x84, 0xC9, 0x7D, 0xA4,
    0xCC, 0x89, 0xA8, 0xD3, 0xA8, 0xB1, 0xC4, 0x9F, 0xA2, 0xD8, 0xAB, 0xB6, 0xD8, 0xAB, 0xB6, 0xD7,
    0xA9, 0xB5, 0xD4, 0xA0, 0xB1, 0xD5, 0xA1, 0xB2, 0xD9, 0xAE, 0xB8, 0xE2, 0xC4, 0xC2, 0xE2, 0xC4,
    0xC2, 0xE2, 0xC4, 0xC2, 0xE2, 0xC4, 0xC2, 0xE1, 0xC2, 0xC1, 0xD4, 0xA1, 0xB2, 0xE2, 0xC3, 0xC2,
    0xD4, 0xA0, 0xB1, 0xD4, 0xA0, 0xB1, 0xD4, 0xA0, 0xB2, 0xE2, 0xC4, 0xC2, 0xD4, 0xA1, 0xB2, 0xD4,
    0xA0, 0xB1, 0xD4, 0xA0, 0xB1, 0xD8, 0xAA, 0xB6, 0xD8, 0xAB, 0xB6, 0xD8, 0xAB, 0xB6, 0xD8, 0xAB,
    0xB6, 0xD8, 0xAB, 0xB6, 0xD8, 0xAB, 0xB6, 0xE1, 0xC1, 0xC0, 0xE2, 0xC4, 0xC2, 0xE2, 0xC4, 0xC2,
    0xE2, 0xC4, 0xC2, 0xCE, 0x8E, 0xAA, 0xD5, 0xA3, 0xB3, 0xCC, 0x88, 0xA8, 0xC9, 0x7D, 0xA4, 0xD2,
    0x99, 0xAE, 0xCC, 0x86, 0xA7, 0xD4, 0xA1, 0xB2, 0xCD, 0x8B, 0xA9, 0xD1, 0x97, 0xAE, 0xD4, 0xA0,
    0xB1, 0xCC, 0x89, 0xA8, 0xC9, 0x7D, 0xA4, 0xC9, 0x7D, 0xA4, 0xC9, 0x7D, 0xA4, 0xB1, 0x68, 0x8A,
    0xA1, 0x5A, 0x78, 0x8A, 0x44, 0x5B, 0x93, 0x4D, 0x66, 0x8B, 0x45, 0x5C, 0x91, 0x4C, 0x64, 0x9B,
    0x55, 0x71, 0x8A, 0x44, 0x5B, 0x94, 0x4E, 0x67, 0x79, 0x30, 0x41, 0x6D, 0x2B, 0x3B, 0x56, 0x22,
    0x30, 0x68, 0x29, 0x38, 0x87, 0x41, 0x57, 0x91, 0x4F, 0x69, 0x5E, 0x25, 0x34, 0x51, 0x20, 0x2D,
    0x41, 0x19, 0x26, 0x73, 0x2E, 0x3E, 0x53, 0x20, 0x2E, 0x28, 0x11, 0x1C, 0x51, 0x20, 0x2D, 0x49,
    0x1D, 0x2A, 0x0C, 0x0A, 0x15, 0x36, 0x15, 0x21, 0x6F, 0x2C, 0x3C, 0x0C, 0x0A, 0x15, 0x20, 0x0F,
    0x1A, 0x4C, 0x1E, 0x2B, 0x1D, 0x0E, 0x19, 0x51, 0x20, 0x2D, 0x4E, 0x1E, 0x2C, 0x0B, 0x0A, 0x15,
    0x16, 0x0C, 0x17, 0x50, 0x1F, 0x2D, 0x0B, 0x0A, 0x15, 0x0C, 0x0A, 0x15, 0x0C, 0x0A, 0x15, 0x0C,
    0x0A, 0x15, 0x0C, 0x0A, 0x15, 0x0C, 0x0A, 0x15, 0x0C, 0x0A, 0x15, 0x0A, 0x0A, 0x15, 0x77, 0x2F,
    0x40, 0x20, 0x0E, 0x1A, 0x0B, 0x0A, 0x15, 0x4D, 0x1E, 0x2B, 0x1B, 0x0D, 0x18, 0x0C, 0x0A, 0x15,
    0x4B, 0x1D, 0x2B, 0x20, 0x0E, 0x1A, 0x58, 0x22, 0x31, 0x53, 0x20, 0x2E, 0x73, 0x2D, 0x3E, 0x65,
    0x28, 0x37, 0x2D, 0x12, 0x1E, 0x55, 0x21, 0x2F, 0x74, 0x2E, 0x3E, 0x5C, 0x24, 0x32, 0x5C, 0x24,
    0x32, 0x54, 0x21, 0x2F, 0x50, 0x1F, 0x2D, 0x50, 0x1F, 0x2D, 0x5B, 0x24, 0x32, 0x37, 0x16, 0x22,
    0x4F, 0x1F, 0x2C, 0x71, 0x2D, 0x3D, 0x4B, 0x1D, 0x2A, 0x41, 0x19, 0x26, 0x6C, 0x2A, 0x3A, 0x62,
    0x27, 0x36, 0x59, 0x23, 0x31, 0x6F, 0x2C, 0x3C, 0x6B, 0x2A, 0x3A, 0x63, 0x27, 0x36, 0x70, 0x2C,
    0x3C, 0x6A, 0x2A, 0x39, 0x79, 0x30, 0x41, 0x6D, 0x2B, 0x3B, 0x55, 0x21, 0x2F, 0x68, 0x29, 0x39,
    0x79, 0x30, 0x41, 0x79, 0x30, 0x41, 0x9A, 0x61, 0x70, 0xD5, 0xA2, 0xB3, 0xD7, 0xA9, 0xB5, 0xD1,
    0x98, 0xAE, 0xC9, 0x7D, 0xA4, 0xC9, 0x7D, 0xA4, 0xC1, 0x77, 0x9C, 0xA9, 0x62, 0x81, 0xC9, 0x7D,
    0xA4, 0xCB, 0x84, 0xA6, 0xD4, 0xA1, 0xB2, 0xD8, 0xAC, 0xB7, 0xD6, 0xA6, 0xB4, 0xCB, 0x84, 0xA6,
    0xD8, 0xAC, 0xB7, 0xD8, 0xAC, 0xB7, 0xD8, 0xAC, 0xB7, 0xD9, 0xAD, 0xB7, 0xE2, 0xC4, 0xC2, 0xE2,
    0xC4, 0xC2, 0xE2, 0xC4, 0xC2, 0xE2, 0xC4, 0xC2, 0xE2, 0xC4, 0xC2, 0xD8, 0xAC, 0xB7, 0xD8, 0xAC,
    0xB7, 0xE2, 0xC4, 0xC2, 0xE2, 0xC4, 0xC2, 0xD9, 0xAD, 0xB7, 0xD4, 0xA0, 0xB1, 0xD4, 0x9F, 0xB1,
    0xD4, 0x9F, 0xB1, 0xD4, 0x9F, 0xB1, 0xCA, 0x81, 0xA5, 0xD2, 0x9B, 0xB0, 0xD8, 0xAA, 0xB6, 0xD8,
    0xAC, 0xB7, 0xE0, 0xC0, 0xC0, 0xDA, 0xB0, 0xB9, 0xCC, 0x87, 0xA8, 0xC9, 0x7D, 0xA4, 0xD2, 0x99,
    0xAE, 0xCB, 0x85, 0xA7, 0xD5, 0xA2, 0xB3, 0xCD, 0x8A, 0xA9, 0xC9, 0x7D, 0xA4, 0xC9, 0x7D, 0xA4,
    0xD4, 0xA0, 0xB2, 0xDF, 0xBD, 0xBF, 0xD1, 0x97, 0xAE, 0xC9, 0x7D, 0xA4, 0xC9, 0x7D, 0xA4, 0xC9,
    0x7D, 0xA4, 0xC9, 0x7D, 0xA4, 0xC9, 0x7D, 0xA4, 0x9E, 0x58, 0x74, 0x9C, 0x56, 0x72, 0xA6, 0x5F,
    0x7D, 0x92, 0x4C, 0x65, 0x79, 0x30, 0x41, 0x9E, 0x58, 0x75, 0xB0, 0x68, 0x89, 0x79, 0x30, 0x41,
    0x79, 0x30, 0x41, 0x6D, 0x2B, 0x3B, 0x55, 0x21, 0x2F, 0x7F, 0x42, 0x59, 0x99, 0x58, 0x75, 0x44,
    0x1B, 0x27, 0x0C, 0x0A, 0x15, 0x33, 0x14, 0x20, 0x53, 0x21, 0x2E, 0x0C, 0x0A, 0x15, 0x2F, 0x13,
    0x1F, 0x5F, 0x25, 0x34, 0x56, 0x22, 0x30, 0x0C, 0x0A, 0x15, 0x2A, 0x12, 0x1D, 0x57, 0x22, 0x30,
    0x0C, 0x0A, 0x15, 0x26, 0x10, 0x1B, 0x59, 0x23, 0x31, 0x2B, 0x12, 0x1D, 0x77, 0x2F, 0x40, 0x5B,
    0x24, 0x32, 0x0B, 0x0A, 0x15, 0x19, 0x0D, 0x18, 0x5D, 0x25, 0x33, 0x0B, 0x0A, 0x15, 0x11, 0x0B,
    0x16, 0x4F, 0x1F, 0x2C, 0x0D, 0x0A, 0x15, 0x0C, 0x0A, 0x15, 0x0C, 0x0A, 0x15, 0x0C, 0x0A, 0x15,
    0x0B, 0x0A, 0x15, 0x5E, 0x25, 0x34, 0x1A, 0x0D, 0x18, 0x0B, 0x0A, 0x15, 0x5C, 0x24, 0x33, 0x20,
    0x0F, 0x1A, 0x0C, 0x0A, 0x15, 0x5A, 0x23, 0x32, 0x26, 0x10, 0x1C, 0x0C, 0x0A, 0x15, 0x6F, 0x2C,
    0x3C, 0x79, 0x30, 0x41, 0x38, 0x16, 0x22, 0x47, 0x1C, 0x29, 0x4F, 0x1F, 0x2C, 0x5D, 0x24, 0x33,
    0x60, 0x26, 0x34, 0x53, 0x21, 0x2E, 0x70, 0x2C, 0x3C, 0x68, 0x29, 0x38, 0x73, 0x2D, 0x3E, 0x5E,
    0x25, 0x33, 0x2E, 0x13, 0x1E, 0x41, 0x1A, 0x26, 0x6D, 0x2B, 0x3B, 0x4B, 0x1D, 0x2A, 0x4E, 0x1E,
    0x2C, 0x70, 0x2C, 0x3D, 0x6B, 0x2A, 0x3A, 0x56, 0x22, 0x30, 0x6A, 0x2A, 0x39, 0x70, 0x2C, 0x3C,
    0x6B, 0x2A, 0x3A, 0x61, 0x26, 0x35, 0x4D, 0x1E, 0x2B, 0x71, 0x2D, 0x3D, 0x6A, 0x2A, 0x39, 0x6D,
    0x2B, 0x3B, 0x5F, 0x25, 0x34, 0x79, 0x30, 0x41, 0x79, 0x30, 0x41, 0x9C, 0x68, 0x73, 0xD7, 0xA9,
    0xB5, 0xD5, 0xA2, 0xB2, 0xD5, 0xA3, 0xB3, 0xCB, 0x85, 0xA7, 0xD3, 0x9E, 0xB1, 0xD3, 0x9E, 0xB1,
    0xD3, 0x9E, 0xB1, 0xD3, 0x9E, 0xB1, 0xD6, 0xA5, 0xB4, 0xDE, 0xBB, 0xBE, 0xC9, 0x7D, 0xA4, 0xC9,
    0x7D, 0xA4, 0xCA, 0x81, 0xA6, 0xD3, 0x9E, 0xB1, 0xD2, 0x9B, 0xB0, 0xCA, 0x80, 0xA5, 0xD4, 0x9F,
    0xB1, 0xD9, 0xAD, 0xB7, 0xD9, 0xAC, 0xB7, 0xD9, 0xAC, 0xB7, 0xD9, 0xAC, 0xB7, 0xD9, 0xAC, 0xB7,
    0xD3, 0x9E, 0xB1, 0xD3, 0x9E, 0xB1, 0xD8, 0xAC, 0xB7, 0xD9, 0xAC, 0xB7, 0xD3, 0x9E, 0xB1, 0xE1,
    0xC2, 0xC1, 0xE2, 0xC4, 0xC2, 0xE2, 0xC4, 0xC2, 0xE2, 0xC4, 0xC2, 0xCC, 0x87, 0xA7, 0xDF, 0xBD,
    0xBF, 0xCD, 0x89, 0xA8, 0xC9, 0x7D, 0xA4, 0xD6, 0xA6, 0xB4, 0xD4, 0xA1, 0xB2, 0xD3, 0x9E, 0xB1,
    0xD3, 0x9E, 0xB1, 0xDF, 0xBD, 0xBF, 0xCF, 0x90, 0xAB, 0xD1, 0x97, 0xAE, 0xCC, 0x86, 0xA7, 0xC9,
    0x7D, 0xA4, 0xC9, 0x7D, 0xA4, 0xC9, 0x7D, 0xA4, 0xDB, 0xB3, 0xBA, 0xD1, 0x97, 0xAE, 0xC9, 0x7D,
    0xA4, 0xC9, 0x7D, 0xA4, 0xC9, 0x7D, 0xA4, 0xC9, 0x7D, 0xA4, 0xB9, 0x70, 0x93, 0x91, 0x4B, 0x64,
    0x79, 0x30, 0x41, 0x9C, 0x56, 0x72, 0x9C, 0x56, 0x71, 0x79, 0x30, 0x41, 0x91, 0x4B, 0x64, 0x9D,
    0x57, 0x73, 0x79, 0x30, 0x41, 0x79, 0x30, 0x41, 0x71, 0x2D, 0x3D, 0x6E, 0x38, 0x4C, 0x7B, 0x47,
    0x5F, 0x60, 0x26, 0x34, 0x5C, 0x24, 0x32, 0x44, 0x1B, 0x27, 0x0C, 0x0A, 0x15, 0x29, 0x11, 0x1C,
    0x45, 0x1B, 0x28, 0x0C, 0x0A, 0x15, 0x26, 0x10, 0x1B, 0x47, 0x1C, 0x29, 0x0C, 0x0A, 0x15, 0x23,
    0x0F, 0x1B, 0x48, 0x1C, 0x29, 0x0C, 0x0A, 0x15, 0x0C, 0x0A, 0x15, 0x0C, 0x0A, 0x15, 0x2B, 0x12,
    0x1D, 0x74, 0x2E, 0x3E, 0x0A, 0x0A, 0x15, 0x0C, 0x0A, 0x15, 0x0C, 0x0A, 0x15, 0x0C, 0x0A, 0x15,
    0x0C, 0x0A, 0x15, 0x12, 0x0B, 0x16, 0x5F, 0x25, 0x34, 0x0D, 0x0A, 0x15, 0x0C, 0x0A, 0x15, 0x0C,
    0x0A, 0x15, 0x4D, 0x1E, 0x2B, 0x12, 0x0B, 0x16, 0x0C, 0x0A, 0x15, 0x0C, 0x0A, 0x15, 0x0B, 0x0A,
    0x15, 0x4B, 0x1D, 0x2A, 0x1B, 0x0D, 0x18, 0x0C, 0x0A, 0x15, 0x0C, 0x0A, 0x15, 0x48, 0x1C, 0x29,
    0x20, 0x0E, 0x1A, 0x59, 0x23, 0x31, 0x61, 0x26, 0x35, 0x2C, 0x12, 0x1E, 0x6D, 0x2B, 0x3B, 0x79,
    0x30, 0x41, 0x3C, 0x18, 0x24, 0x44, 0x1B, 0x28, 0x5D, 0x24, 0x33, 0x61, 0x26, 0x35, 0x53, 0x21,
    0x2E, 0x5C, 0x24, 0x32, 0x72, 0x2D, 0x3E, 0x5E, 0x25, 0x33, 0x6D, 0x2B, 0x3B, 0x79, 0x30, 0x41,
    0x4B, 0x1D, 0x2A, 0x0C, 0x0A, 0x15, 0x61, 0x26, 0x35, 0x61, 0x26, 0x35, 0x5A, 0x23, 0x31, 0x70,
    0x2C, 0x3C, 0x6A, 0x2A, 0x39, 0x62, 0x26, 0x35, 0x6B, 0x2A, 0x3A, 0x61, 0x26, 0x35, 0x6C, 0x2B,
    0x3A, 0x5F, 0x25, 0x34, 0x79, 0x30, 0x41, 0x79, 0x30, 0x41, 0x79, 0x30, 0x41, 0x85, 0x3F, 0x54,
    0xAB, 0x64, 0x84, 0xCD, 0x8C, 0xA9, 0xD7, 0xA9, 0xB6, 0xD1, 0x96, 0xAD, 0xCD, 0x8A, 0xA9, 0xD9,
    0xAD, 0xB7, 0xDB, 0xB2, 0xBA, 0xE2, 0xC4, 0xC2, 0xE2, 0xC4, 0xC2, 0xE0, 0xC0, 0xC0, 0xD8, 0xAB,
    0xB6, 0xD3, 0x9D, 0xB0, 0xD3, 0x9D, 0xB0, 0xD5, 0xA2, 0xB2, 0xE2, 0xC4, 0xC2, 0xE1, 0xC1, 0xC0,
    0xD4, 0xA0, 0xB2, 0xE1, 0xC2, 0xC1, 0xD3, 0x9D, 0xB0, 0xD3, 0x9D, 0xB0, 0xD3, 0x9D, 0xB0, 0xD3,
    0x9D, 0xB0, 0xD3, 0x9E, 0xB0, 0xE2, 0xC4, 0xC2, 0xE2, 0xC4, 0xC2, 0xC9, 0x7F, 0xA5, 0xD3, 0x9C,
    0xB0, 0xD9, 0xAD, 0xB7, 0xD9, 0xAD, 0xB7, 0xE1, 0xC3, 0xC1, 0xE2, 0xC4, 0xC2, 0xE2, 0xC4, 0xC2,
    0xD5, 0xA2, 0xB2, 0xE0, 0xC0, 0xC0, 0xD5, 0xA3, 0xB3, 0xD3, 0x9D, 0xB0, 0xD3, 0x9D, 0xB0, 0xE0,
    0xBE, 0xBF, 0xE2, 0xC4, 0xC2, 0xE2, 0xC4, 0xC2, 0xE2, 0xC4, 0xC2, 0xD6, 0xA7, 0xB4, 0xDF, 0xBC,
    0xBE, 0xCF, 0x92, 0xAC, 0xC9, 0x7D, 0xA4, 0xD0, 0x95, 0xAD, 0xD3, 0x9D, 0xB0, 0xD7, 0xA9, 0xB5,
    0xCE, 0x8E, 0xAA, 0xC9, 0x7D, 0xA4, 0xC9, 0x7D, 0xA4, 0xC9, 0x7D, 0xA4, 0xC9, 0x7D, 0xA4, 0x9D,
    0x57, 0x73, 0x79, 0x30, 0x41, 0x79, 0x30, 0x41, 0x90, 0x4B, 0x63, 0x89, 0x48, 0x60, 0x6B, 0x2A,
    0x3A, 0x79, 0x30, 0x41, 0x88, 0x42, 0x59, 0x92, 0x4C, 0x65, 0x79, 0x30, 0x41, 0x6D, 0x2B, 0x3B,
    0x79, 0x42, 0x58, 0xA3, 0x61, 0x80, 0x6F, 0x44, 0x5B, 0x36, 0x15, 0x21, 0x5C, 0x24, 0x33, 0x43,
    0x1A, 0x27, 0x3F, 0x19, 0x25, 0x71, 0x2D, 0x3D, 0x45, 0x1B, 0x28, 0x3B, 0x17, 0x23, 0x6D, 0x2B,
    0x3B, 0x0C, 0x0A, 0x15, 0x2B, 0x12, 0x1D, 0x59, 0x23, 0x31, 0x20, 0x0E, 0x1A, 0x48, 0x1C, 0x29,
    0x0C, 0x0A, 0x15, 0x23, 0x0F, 0x1A, 0x5D, 0x24, 0x33, 0x0B, 0x0A, 0x15, 0x0C, 0x0A, 0x15, 0x0C,
    0x0A, 0x15, 0x0C, 0x0A, 0x15, 0x0C, 0x0A, 0x15, 0x0C, 0x0A, 0x15, 0x0C, 0x0A, 0x15, 0x0C, 0x0A,
    0x15, 0x0C, 0x0A, 0x15, 0x0C, 0x0A, 0x15, 0x61, 0x26, 0x35, 0x15, 0x0C, 0x17, 0x0C, 0x0A, 0x15,
    0x0C, 0x0A, 0x15, 0x08, 0x09, 0x14, 0x97, 0x53, 0x6E, 0x35, 0x1C, 0x2A, 0x0C, 0x0A, 0x15, 0x0C,
    0x0A, 0x15, 0x5B, 0x24, 0x32, 0x50, 0x1F, 0x2D, 0x4C, 0x1E, 0x2B, 0x4C, 0x1E, 0x2B, 0x23, 0x0F,
    0x1B, 0x58, 0x23, 0x31, 0x62, 0x26, 0x35, 0x52, 0x20, 0x2E, 0x5D, 0x25, 0x33, 0x33, 0x14, 0x20,
    0x42, 0x1A, 0x27, 0x5D, 0x24, 0x33, 0x37, 0x16, 0x22, 0x67, 0x28, 0x38, 0x6A, 0x2A, 0x39, 0x72,
    0x2D, 0x3D, 0x79, 0x30, 0x41, 0x5F, 0x25, 0x34, 0x2F, 0x13, 0x1F, 0x4F, 0x1F, 0x2C, 0x71, 0x2D,
    0x3D, 0x61, 0x26, 0x35, 0x69, 0x2A, 0x39, 0x70, 0x2C, 0x3D, 0x62, 0x26, 0x35, 0x62, 0x26, 0x35,
    0x6B, 0x2A, 0x3A, 0x71, 0x2D, 0x3D, 0x6B, 0x2A, 0x3A, 0x79, 0x30, 0x41, 0x79, 0x30, 0x41, 0x79,
    0x30, 0x41, 0x8C, 0x46, 0x5E, 0xBB, 0x7A, 0x96, 0xD0, 0x95, 0xAD, 0xCD, 0x8C, 0xA9, 0xD5, 0xA4,
    0xB3, 0xCB, 0x85, 0xA7, 0xD1, 0x96, 0xAD, 0xCC, 0x89, 0xA8, 0xD9, 0xAE, 0xB8, 0xD9, 0xAE, 0xB8,
    0xD8, 0xAB, 0xB6, 0xD5, 0xA3, 0xB3, 0xE2, 0xC4, 0xC2, 0xE1, 0xC1, 0xC1, 0xDA, 0xB1, 0xB9, 0xE1,
    0xC2, 0xC1, 0xDA, 0xB0, 0xB9, 0xE2, 0xC4, 0xC2, 0xE1, 0xC3, 0xC1, 0xDA, 0xAF, 0xB8, 0xE2, 0xC4,
    0xC2, 0xE2, 0xC4, 0xC2, 0xE2, 0xC4, 0xC2, 0xE2, 0xC4, 0xC2, 0xE2, 0xC4, 0xC2, 0xE2, 0xC4, 0xC2,
    0xD3, 0x9D, 0xB0, 0xE2, 0xC3, 0xC2, 0xD3, 0x9E, 0xB1, 0xD3, 0x9C, 0xB0, 0xE1, 0xC2, 0xC1, 0xE2,
    0xC4, 0xC2, 0xDA, 0xB0, 0xB9, 0xE1, 0xC2, 0xC1, 0xE2, 0xC4, 0xC2, 0xE2, 0xC4, 0xC2, 0xDB, 0xB2,
    0xB9, 0xD9, 0xAE, 0xB8, 0xD9, 0xAE, 0xB8, 0xD9, 0xAE, 0xB8, 0xE0, 0xC0, 0xC0, 0xE2, 0xC4, 0xC2,
    0xE2, 0xC4, 0xC2, 0xDB, 0xB3, 0xBA, 0xCD, 0x8B, 0xA9, 0xC9, 0x7D, 0xA4, 0xD5, 0xA3, 0xB3, 0xD9,
    0xAE, 0xB8, 0xCE, 0x8E, 0xAA, 0xC9, 0x7D, 0xA4, 0xC9, 0x7D, 0xA4, 0xD0, 0x93, 0xAC, 0xD3, 0x9C,
    0xB0, 0xBE, 0x7E, 0x99, 0x91, 0x4B, 0x64, 0x90, 0x4B, 0x63, 0x7D, 0x3F, 0x54, 0x97, 0x55, 0x71,
    0x92, 0x54, 0x6F, 0x61, 0x26, 0x35, 0x79, 0x30, 0x41, 0x91, 0x4C, 0x64, 0x9A, 0x57, 0x74, 0x81,
    0x55, 0x5B, 0x9B, 0x6E, 0x73, 0x72, 0x2D, 0x3D, 0x7B, 0x42, 0x59, 0x8B, 0x56, 0x72, 0x0C, 0x0A,
    0x15, 0x42, 0x1A, 0x27, 0x69, 0x29, 0x39, 0x33, 0x14, 0x20, 0x68, 0x29, 0x38, 0x6C, 0x2B, 0x3A,
    0x2F, 0x13, 0x1F, 0x5E, 0x25, 0x34, 0x45, 0x1B, 0x28, 0x0C, 0x0A, 0x15, 0x0C, 0x0A, 0x15, 0x29,
    0x11, 0x1C, 0x5F, 0x25, 0x34, 0x48, 0x1C, 0x29, 0x0C, 0x0A, 0x15, 0x1A, 0x0D, 0x18, 0x49, 0x1D,
    0x2A, 0x0B, 0x0A, 0x15, 0x0C, 0x0A, 0x15, 0x0C, 0x0A, 0x15, 0x12, 0x0B, 0x16, 0x4C, 0x1D, 0x2B,
    0x0C, 0x0A, 0x15, 0x0C, 0x0A, 0x15, 0x0C, 0x0A, 0x15, 0x0C, 0x0A, 0x15, 0x0C, 0x0A, 0x15, 0x0B,
    0x0A, 0x15, 0x49, 0x1D, 0x2A, 0x15, 0x0C, 0x17, 0x05, 0x08, 0x12, 0xC2, 0x78, 0x9E, 0x45, 0x29,
    0x3A, 0x0C, 0x0A, 0x15, 0x0C, 0x0A, 0x15, 0x0C, 0x0A, 0x15, 0x70, 0x2C, 0x3D, 0x79, 0x30, 0x41,
    0x79, 0x30, 0x41, 0x38, 0x16, 0x22, 0x43, 0x1A, 0x27, 0x24, 0x10, 0x1B, 0x6C, 0x2B, 0x3A, 0x58,
    0x23, 0x31, 0x4B, 0x1D, 0x2A, 0x6F, 0x2C, 0x3C, 0x5A, 0x23, 0x32, 0x2A, 0x11, 0x1D, 0x54, 0x21,
    0x2F, 0x39, 0x17, 0x23, 0x65, 0x28, 0x37, 0x79, 0x30, 0x41, 0x6B, 0x2A, 0x3A, 0x3E, 0x18, 0x25,
    0x3C, 0x18, 0x24, 0x6A, 0x2A, 0x39, 0x6C, 0x2B, 0x3B, 0x71, 0x2C, 0x3D, 0x5F, 0x25, 0x34, 0x30,
    0x13, 0x1F, 0x4B, 0x1D, 0x2A, 0x55, 0x21, 0x2F, 0x5B, 0x24, 0x32, 0x5E, 0x25, 0x33, 0x79, 0x30,
    0x41, 0x79, 0x30, 0x41, 0x79, 0x30, 0x41, 0x84, 0x3E, 0x53, 0xB0, 0x78, 0x8A, 0xD5, 0xA4, 0xB3,
    0xC9, 0x7D, 0xA4, 0xC9, 0x7D, 0xA4, 0xCD, 0x8B, 0xA9, 0xD6, 0xA6, 0xB4, 0xC9, 0x7D, 0xA4, 0xC9,
    0x7D, 0xA4, 0xC9, 0x7D, 0xA4, 0xCE, 0x8D, 0xAA, 0xE1, 0xC1, 0xC0, 0xDA, 0xAF, 0xB8, 0xD7, 0xAA,
    0xB6, 0xCC, 0x88, 0xA8, 0xE0, 0xC0, 0xC0, 0xD3, 0x9D, 0xB0, 0xDA, 0xB1, 0xB9, 0xE1, 0xC1, 0xC0,
    0xCA, 0x81, 0xA6, 0xE2, 0xC3, 0xC2, 0xDA, 0xAF, 0xB8, 0xDA, 0xAF, 0xB8, 0xDA, 0xAF, 0xB8, 0xE2,
    0xC4, 0xC2, 0xDA, 0xAF, 0xB8, 0xDA, 0xAF, 0xB8, 0xE2, 0xC4, 0xC2, 0xDA, 0xB0, 0xB8, 0xDA, 0xAF,
    0xB8, 0xDA, 0xAF, 0xB8, 0xE1, 0xC3, 0xC1, 0xCB, 0x85, 0xA7, 0xD8, 0xAB, 0xB6, 0xDA, 0xAF, 0xB8,
    0xE1, 0xC1, 0xC1, 0xCD, 0x8A, 0xA9, 0xD1, 0x97, 0xAE, 0xD2, 0x9B, 0xAF, 0xCB, 0x83, 0xA6, 0xD6,
    0xA7, 0xB4, 0xDA, 0xAF, 0xB8, 0xDA, 0xAF, 0xB8, 0xCD, 0x8B, 0xA9, 0xC9, 0x7D, 0xA4, 0xC9, 0x7D,
    0xA4, 0xC9, 0x7D, 0xA4, 0xC9, 0x7D, 0xA4, 0xC9, 0x7D, 0xA4, 0xC9, 0x7D, 0xA4, 0xC9, 0x7D, 0xA4,
    0xD4, 0xA1, 0xB2, 0xDA, 0xAF, 0xB8, 0xA4, 0x73, 0x7D, 0x79, 0x30, 0x41, 0xB0, 0x68, 0x89, 0x8F,
    0x54, 0x70, 0x69, 0x29, 0x39, 0x79, 0x30, 0x41, 0x79, 0x30, 0x41, 0x79, 0x30, 0x41, 0x79, 0x30,
    0x41, 0x6B, 0x2A, 0x3A, 0x87, 0x68, 0x6A, 0xB8, 0x8F, 0x95, 0x88, 0x49, 0x61, 0x3F, 0x19, 0x25,
    0x0C, 0x0A, 0x15, 0x2A, 0x11, 0x1D, 0x52, 0x20, 0x2E, 0x5D, 0x25, 0x33, 0x4B, 0x1D, 0x2A, 0x58,
    0x23, 0x31, 0x6C, 0x2B, 0x3A, 0x0C, 0x0A, 0x15, 0x2F, 0x13, 0x1F, 0x5A, 0x23, 0x31, 0x21, 0x0F,
    0x1A, 0x45, 0x1B, 0x28, 0x0C, 0x0A, 0x15, 0x27, 0x11, 0x1C, 0x5D, 0x24, 0x33, 0x0C, 0x0A, 0x15,
    0x21, 0x0F, 0x1A, 0x5F, 0x25, 0x34, 0x0B, 0x0A, 0x15, 0x15, 0x0C, 0x17, 0x49, 0x1D, 0x2A, 0x15,
    0x0C, 0x17, 0x62, 0x26, 0x35, 0x0C, 0x0A, 0x15, 0x0C, 0x0A, 0x15, 0x0C, 0x0A, 0x15, 0x0C, 0x0A,
    0x15, 0x0C, 0x0A, 0x15, 0x0B, 0x0A, 0x15, 0x62, 0x27, 0x36, 0x1B, 0x0D, 0x18, 0x08, 0x08, 0x13,
    0xA1, 0x63, 0x83, 0x39, 0x22, 0x31, 0x0C, 0x0A, 0x15, 0x45, 0x1B, 0x28, 0x1D, 0x0E, 0x19, 0x70,
    0x2C, 0x3D, 0x68, 0x29, 0x38, 0x76, 0x2F, 0x3F, 0x38, 0x16, 0x22, 0x6D, 0x2B, 0x3B, 0x3B, 0x17,
    0x23, 0x59, 0x23, 0x31, 0x74, 0x2E, 0x3F, 0x6A, 0x2A, 0x39, 0x74, 0x2E, 0x3E, 0x79, 0x30, 0x41,
    0x5A, 0x23, 0x32, 0x2A, 0x11, 0x1D, 0x3E, 0x18, 0x25, 0x5C, 0x24, 0x33, 0x72, 0x2D, 0x3E, 0x5E,
    0x25, 0x33, 0x2E, 0x13, 0x1E, 0x50, 0x1F, 0x2D, 0x71, 0x2D, 0x3D, 0x4F, 0x1F, 0x2C, 0x5F, 0x25,
    0x34, 0x69, 0x29, 0x39, 0x60, 0x26, 0x34, 0x72, 0x2D, 0x3D, 0x5B, 0x24, 0x32, 0x5E, 0x25, 0x33,
    0x72, 0x2D, 0x3E, 0x6C, 0x2A, 0x3A, 0x79, 0x30, 0x41, 0x79, 0x30, 0x41, 0x96, 0x50, 0x6B, 0xC9,
    0x7D, 0xA4, 0xC9, 0x7D, 0xA4, 0xC9, 0x7D, 0xA4, 0xC9, 0x7D, 0xA4, 0xC9, 0x7D, 0xA4, 0xC9, 0x7D,
    0xA4, 0xC9, 0x7D, 0xA4, 0xCB, 0x83, 0xA6, 0xD0, 0x95, 0xAD, 0xCE, 0x8D, 0xAA, 0xDE, 0xBB, 0xBE,
    0xC9, 0x7D, 0xA4, 0xC9, 0x7D, 0xA4, 0xCB, 0x84, 0xA7, 0xDA, 0xB0, 0xB9, 0xD8, 0xAC, 0xB7, 0xCB,
    0x84, 0xA6, 0xE1, 0xC1, 0xC0, 0xCA, 0x80, 0xA5, 0xDA, 0xAF, 0xB8, 0xD2, 0x99, 0xAF, 0xC9, 0x7D,
    0xA4, 0xC9, 0x7E, 0xA4, 0xE2, 0xC3, 0xC2, 0xD2, 0x9B, 0xAF, 0xD2, 0x9A, 0xAF, 0xE2, 0xC3, 0xC2,
    0xD3, 0x9C, 0xB0, 0xC9, 0x7F, 0xA5, 0xD1, 0x98, 0xAE, 0xD9, 0xAF, 0xB8, 0xD3, 0x9C, 0xB0, 0xD2,
    0x9A, 0xAF, 0xCA, 0x81, 0xA5, 0xD8, 0xAA, 0xB6, 0xCC, 0x86, 0xA7, 0xDE, 0xBB, 0xBE, 0xE2, 0xC4,
    0xC2, 0xCE, 0x8E, 0xAA, 0xD0, 0x95, 0xAD, 0xCB, 0x84, 0xA6, 0xC9, 0x7D, 0xA4, 0xC9, 0x7D, 0xA4,
    0xC9, 0x7D, 0xA4, 0xC9, 0x7D, 0xA4, 0xC9, 0x7D, 0xA4, 0xC9, 0x7D, 0xA4, 0xC9, 0x7D, 0xA4, 0xCF,
    0x92, 0xAC, 0xD2, 0x9A, 0xAF, 0xD2, 0x9A, 0xAF, 0xCC, 0x88, 0xA8, 0xAD, 0x65, 0x86, 0x9A, 0x54,
    0x70, 0xB9, 0x70, 0x93, 0x9F, 0x59, 0x75, 0x8E, 0x48, 0x60, 0x9A, 0x54, 0x70, 0x8E, 0x48, 0x60,
    0x79, 0x30, 0x41, 0x79, 0x30, 0x41, 0x79, 0x30, 0x41, 0x79, 0x30, 0x41, 0x8B, 0x49, 0x61, 0x9A,
    0x5A, 0x77, 0x66, 0x28, 0x37, 0x0C, 0x0A, 0x15, 0x38, 0x16, 0x22, 0x56, 0x22, 0x30, 0x35, 0x15,
    0x21, 0x6A, 0x2A, 0x39, 0x82, 0x3B, 0x4F, 0x8A, 0x4B, 0x64, 0x0C, 0x0A, 0x15, 0x0C, 0x0A, 0x15,
    0x0C, 0x0A, 0x15, 0x36, 0x15, 0x21, 0x6F, 0x2C, 0x3C, 0x0C, 0x0A, 0x15, 0x0C, 0x0A, 0x15, 0x0C,
    0x0A, 0x15, 0x0C, 0x0A, 0x15, 0x0C, 0x0A, 0x15, 0x0C, 0x0A, 0x15, 0x0C, 0x0A, 0x15, 0x1B, 0x0D,
    0x18, 0x62, 0x27, 0x36, 0x0B, 0x0A, 0x15, 0x0C, 0x0A, 0x15, 0x0C, 0x0A, 0x15, 0x0C, 0x0A, 0x15,
    0x0C, 0x0A, 0x15, 0x0C, 0x0A, 0x15, 0x0C, 0x0A, 0x15, 0x0C, 0x0A, 0x15, 0x0C, 0x0A, 0x15, 0x0C,
    0x0A, 0x15, 0x0C, 0x0A, 0x15, 0x0C, 0x0A, 0x15, 0x0C, 0x0A, 0x15, 0x0B, 0x0A, 0x15, 0x72, 0x2D,
    0x3D, 0x30, 0x13, 0x1F, 0x70, 0x2C, 0x3D, 0x53, 0x20, 0x2E, 0x61, 0x26, 0x35, 0x4E, 0x1F, 0x2C,
    0x60, 0x26, 0x34, 0x31, 0x14, 0x1F, 0x40, 0x19, 0x26, 0x5F, 0x25, 0x34, 0x35, 0x15, 0x21, 0x58,
    0x22, 0x31, 0x65, 0x28, 0x37, 0x74, 0x2E, 0x3E, 0x5A, 0x23, 0x32, 0x5D, 0x24, 0x33, 0x3C, 0x18,
    0x24, 0x53, 0x21, 0x2E, 0x72, 0x2D, 0x3E, 0x5E, 0x25, 0x33, 0x48, 0x1C, 0x29, 0x69, 0x29, 0x39,
    0x4F, 0x1F, 0x2C, 0x4F, 0x1F, 0x2C, 0x6E, 0x2B, 0x3B, 0x72, 0x2D, 0x3D, 0x51, 0x20, 0x2D, 0x4D,
    0x1E, 0x2B, 0x79, 0x30, 0x41, 0x6B, 0x2A, 0x3A, 0x5C, 0x24, 0x32, 0x79, 0x30, 0x41, 0x79, 0x30,
    0x41, 0x8E, 0x48, 0x60, 0xB4, 0x6B, 0x8D, 0xBA, 0x70, 0x94, 0xC9, 0x7D, 0xA4, 0xC9, 0x7D, 0xA4,
    0xC9, 0x7D, 0xA4, 0xCB, 0x84, 0xA6, 0xD0, 0x94, 0xAC, 0xCD, 0x89, 0xA8, 0xD7, 0xA9, 0xB5, 0xCC,
    0x88, 0xA8, 0xD9, 0xAD, 0xB7, 0xD0, 0x95, 0xAD, 0xCA, 0x81, 0xA5, 0xD1, 0x96, 0xAD, 0xCA, 0x80,
    0xA5, 0xD1, 0x97, 0xAE, 0xCB, 0x84, 0xA7, 0xE1, 0xC1, 0xC0, 0xC9, 0x7D, 0xA4, 0xCA, 0x81, 0xA5,
    0xE2, 0xC3, 0xC2, 0xD1, 0x98, 0xAE, 0xC9, 0x7E, 0xA4, 0xE2, 0xC4, 0xC2, 0xE2, 0xC4, 0xC2, 0xDA,
    0xB1, 0xB9, 0xDA, 0xB1, 0xB9, 0xDA, 0xB1, 0xB9, 0xCA, 0x80, 0xA5, 0xE1, 0xC1, 0xC0, 0xD3, 0x9D,
    0xB0, 0xDA, 0xAF, 0xB8, 0xDA, 0xB1, 0xB9, 0xD3, 0x9C, 0xB0, 0xCA, 0x81, 0xA5, 0xD0, 0x95, 0xAD,
    0xDF, 0xBE, 0xBF, 0xDC, 0xB4, 0xBB, 0xCC, 0x88, 0xA8, 0xDD, 0xB9, 0xBD, 0xCE, 0x8F, 0xAB, 0xC9,
    0x7D, 0xA4, 0xC9, 0x7D, 0xA4, 0xC9, 0x7D, 0xA4, 0xC9, 0x7D, 0xA4, 0xC9, 0x7D, 0xA4, 0xC9, 0x7D,
    0xA4, 0xC9, 0x7D, 0xA4, 0xD5, 0xA3, 0xB3, 0xDA, 0xB1, 0xB9, 0xDA, 0xB1, 0xB9, 0xCF, 0x92, 0xAC,
    0xC9, 0x7D, 0xA4, 0xC9, 0x7D, 0xA4, 0xBC, 0x73, 0x97, 0x94, 0x4E, 0x68, 0x9F, 0x59, 0x76, 0xB4,
    0x6B, 0x8D, 0xAA, 0x63, 0x82, 0x8E, 0x48, 0x60, 0x79, 0x30, 0x41, 0x79, 0x30, 0x41, 0x79, 0x30,
    0x41, 0x64, 0x27, 0x36, 0x3C, 0x18, 0x24, 0x5D, 0x24, 0x33, 0x48, 0x1C, 0x29, 0x48, 0x1C, 0x29,
    0x48, 0x1C, 0x29, 0x48, 0x1C, 0x29, 0x57, 0x22, 0x30, 0x86, 0x43, 0x59, 0x97, 0x5D, 0x7B, 0x23,
    0x0F, 0x1A, 0x41, 0x19, 0x26, 0x0C, 0x0A, 0x15, 0x2D, 0x12, 0x1E, 0x5D, 0x24, 0x33, 0x0C, 0x0A,
    0x15, 0x1D, 0x0E, 0x19, 0x44, 0x1A, 0x27, 0x0C, 0x0A, 0x15, 0x19, 0x0D, 0x18, 0x45, 0x1B, 0x28,
    0x0B, 0x0A, 0x15, 0x0C, 0x0A, 0x15, 0x0C, 0x0A, 0x15, 0x0C, 0x0A, 0x15, 0x0C, 0x0A, 0x15, 0x0C,
    0x0A, 0x15, 0x0C, 0x0A, 0x15, 0x0C, 0x0A, 0x15, 0x0C, 0x0A, 0x15, 0x0C, 0x0A, 0x15, 0x0C, 0x0A,
    0x15, 0x0C, 0x0A, 0x15, 0x0C, 0x0A, 0x15, 0x0C, 0x0A, 0x15, 0x0C, 0x0A, 0x15, 0x0C, 0x0A, 0x15,
    0x0C, 0x0A, 0x15, 0x60, 0x26, 0x34, 0x28, 0x11, 0x1C, 0x8D, 0x4C, 0x65, 0x70, 0x32, 0x44, 0x4D,
    0x1E, 0x2B, 0x72, 0x2D, 0x3D, 0x54, 0x21, 0x2E, 0x22, 0x0F, 0x1A, 0x5B, 0x24, 0x32, 0x4F, 0x1F,
    0x2C, 0x46, 0x1B, 0x28, 0x46, 0x1B, 0x28, 0x46, 0x1B, 0x28, 0x5E, 0x25, 0x34, 0x74, 0x2E, 0x3E,
    0x5A, 0x23, 0x32, 0x46, 0x1B, 0x28, 0x46, 0x1B, 0x28, 0x6B, 0x2A, 0x3A, 0x79, 0x30, 0x41, 0x79,
    0x30, 0x41, 0x79, 0x30, 0x41, 0x4F, 0x1F, 0x2C, 0x37, 0x16, 0x22, 0x5F, 0x25, 0x34, 0x69, 0x29,
    0x39, 0x46, 0x1B, 0x28, 0x5D, 0x24, 0x33, 0x79, 0x30, 0x41, 0x79, 0x30, 0x41, 0x73, 0x2E, 0x3E,
    0x6D, 0x2B, 0x3B, 0x79, 0x30, 0x41, 0x79, 0x30, 0x41, 0x79, 0x30, 0x41, 0x94, 0x4E, 0x68, 0xC9,
    0x7D, 0xA4, 0xC9, 0x7D, 0xA4, 0xC9, 0x7D, 0xA4, 0xCD, 0x8B, 0xA9, 0xD9, 0xAD, 0xB7, 0xD0, 0x93,
    0xAC, 0xCB, 0x82, 0xA6, 0xD0, 0x94, 0xAC, 0xCC, 0x87, 0xA8, 0xD9, 0xAE, 0xB8, 0xD2, 0x9B, 0xB0,
    0xDA, 0xAF, 0xB8, 0xD2, 0x9B, 0xAF, 0xDA, 0xB0, 0xB8, 0xD2, 0x9C, 0xB0, 0xE1, 0xC2, 0xC1, 0xD1,
    0x98, 0xAE, 0xD2, 0x9A, 0xAF, 0xE2, 0xC4, 0xC2, 0xE2, 0xC3, 0xC2, 0xD1, 0x98, 0xAE, 0xE2, 0xC4,
    0xC2, 0xE2, 0xC4, 0xC2, 0xC9, 0x7F, 0xA5, 0xD1, 0x97, 0xAE, 0xC9, 0x7E, 0xA4, 0xD1, 0x96, 0xAD,
    0xE1, 0xC2, 0xC1, 0xE2, 0xC4, 0xC2, 0xCB, 0x85, 0xA7, 0xC9, 0x7D, 0xA4, 0xDF, 0xBD, 0xBF, 0xD3,
    0x9E, 0xB1, 0xE0, 0xBE, 0xBF, 0xE2, 0xC4, 0xC2, 0xD4, 0xA0, 0xB2, 0xD1, 0x98, 0xAE, 0xD9, 0xAD,
    0xB7, 0xCD, 0x8A, 0xA9, 0xCF, 0x92, 0xAC, 0xCB, 0x84, 0xA6, 0xC9, 0x7D, 0xA4, 0xC9, 0x7D, 0xA4,
    0xC9, 0x7D, 0xA4, 0xC9, 0x7D, 0xA4, 0xC9, 0x7D, 0xA4, 0xC9, 0x7D, 0xA4, 0xBC, 0x72, 0x96, 0xB5,
    0x6C, 0x8E, 0xB5, 0x6C, 0x8E, 0xB5, 0x6C, 0x8E, 0xC2, 0x77, 0x9C, 0xAD, 0x65, 0x85, 0x98, 0x52,
    0x6D, 0x87, 0x40, 0x56, 0x79, 0x30, 0x41, 0x95, 0x4F, 0x69, 0xA1, 0x5B, 0x78, 0x79, 0x30, 0x41,
    0x85, 0x3F, 0x54, 0x8E, 0x48, 0x60, 0x64, 0x27, 0x36, 0x29, 0x11, 0x1D, 0x52, 0x20, 0x2E, 0x66,
    0x28, 0x37, 0x6C, 0x2B, 0x3A, 0x79, 0x30, 0x41, 0x79, 0x30, 0x41, 0x79, 0x30, 0x41, 0x6B, 0x2A,
    0x3A, 0x23, 0x0F, 0x1A, 0x54, 0x21, 0x2F, 0x6D, 0x2B, 0x3B, 0x0C, 0x0A, 0x15, 0x1F, 0x0E, 0x19,
    0x41, 0x19, 0x26, 0x1D, 0x0E, 0x19, 0x4C, 0x1E, 0x2B, 0x60, 0x26, 0x34, 0x0C, 0x0A, 0x15, 0x22,
    0x0F, 0x1A, 0x62, 0x27, 0x36, 0x0B, 0x0A, 0x15, 0x14, 0x0B, 0x17, 0x46, 0x1C, 0x28, 0x45, 0x1B,
    0x28, 0x0F, 0x0B, 0x16, 0x46, 0x1B, 0x28, 0x46, 0x1B, 0x28, 0x0D, 0x0A, 0x15, 0x44, 0x1B, 0x27,
    0x0F, 0x0B, 0x16, 0x44, 0x1B, 0x27, 0x12, 0x0B, 0x16, 0x0B, 0x0A, 0x15, 0x43, 0x1A, 0x27, 0x16,
    0x0C, 0x17, 0x0C, 0x0A, 0x15, 0x0C, 0x0A, 0x15, 0x0C, 0x0A, 0x15, 0x0C, 0x0A, 0x15, 0xA0, 0x63,
    0x82, 0x60, 0x33, 0x46, 0x62, 0x26, 0x35, 0x76, 0x2F, 0x3F, 0x79, 0x30, 0x41, 0x53, 0x20, 0x2E,
    0x22, 0x0F, 0x1A, 0x6B, 0x2A, 0x3A, 0x6C, 0x2B, 0x3A, 0x67, 0x29, 0x38, 0x67, 0x29, 0x38, 0x39,
    0x17, 0x23, 0x67, 0x28, 0x38, 0x6D, 0x2B, 0x3B, 0x67, 0x29, 0x38, 0x67, 0x29, 0x38, 0x67, 0x29,
    0x38, 0x67, 0x29, 0x38, 0x73, 0x2D, 0x3E, 0x6E, 0x2C, 0x3C, 0x55, 0x21, 0x2F, 0x5B, 0x24, 0x32,
    0x6F, 0x2C, 0x3C, 0x79, 0x30, 0x41, 0x79, 0x30, 0x41, 0x73, 0x2D, 0x3E, 0x6E, 0x2B, 0x3B, 0x79,
    0x30, 0x41, 0x6B, 0x2A, 0x3A, 0x5A, 0x23, 0x31, 0x83, 0x3C, 0x51, 0x97, 0x51, 0x6B, 0x9A, 0x5D,
    0x70, 0xB3, 0x8A, 0x91, 0xDB, 0xB1, 0xC0, 0xDB, 0xB1, 0xC0, 0xDB, 0xB1, 0xC0, 0xD9, 0xAC, 0xBC,
    0xD4, 0xA1, 0xB2, 0xDF, 0xBC, 0xBE, 0xD4, 0xA0, 0xB2, 0xDF, 0xBD, 0xBF, 0xD0, 0x93, 0xAC, 0xCD,
    0x8A, 0xA9, 0xE0, 0xBF, 0xBF, 0xD2, 0x9A, 0xAF, 0xDA, 0xB0, 0xB9, 0xD2, 0x9B, 0xB0, 0xE2, 0xC4,
    0xC2, 0xE2, 0xC3, 0xC1, 0xDB, 0xB4, 0xBA, 0xE2, 0xC4, 0xC2, 0xE2, 0xC4, 0xC2, 0xDB, 0xB3, 0xBA,
    0xE2, 0xC4, 0xC2, 0xE2, 0xC4, 0xC2, 0xDB, 0xB3, 0xBA, 0xD1, 0x97, 0xAE, 0xE2, 0xC3, 0xC2, 0xD1,
    0x98, 0xAE, 0xE1, 0xC2, 0xC1, 0xE2, 0xC4, 0xC2, 0xDC, 0xB4, 0xBA, 0xD2, 0x99, 0xAF, 0xCA, 0x80,
    0xA5, 0xD9, 0xAE, 0xB7, 0xDB, 0xB3, 0xBA, 0xE1, 0xC2, 0xC1, 0xE2, 0xC4, 0xC2, 0xE2, 0xC4, 0xC2,
    0xDC, 0xB6, 0xBB, 0xD3, 0x9D, 0xB0, 0xCB, 0x83, 0xA6, 0xDD, 0xB8, 0xBC, 0xCF, 0x91, 0xAB, 0xC9,
    0x7D, 0xA4, 0xCF, 0x91, 0xAB, 0xCB, 0x84, 0xA7, 0xC9, 0x7D, 0xA4, 0xC9, 0x7D, 0xA4, 0xC9, 0x7D,
    0xA4, 0xA9, 0x62, 0x81, 0x97, 0x51, 0x6B, 0x84, 0x3E, 0x52, 0x8D, 0x47, 0x5F, 0xB8, 0x6F, 0x92,
    0xC9, 0x7D, 0xA4, 0xBE, 0x74, 0x98, 0xA4, 0x5D, 0x7B, 0x8B, 0x45, 0x5D, 0x79, 0x30, 0x41, 0x79,
    0x30, 0x41, 0x85, 0x3F, 0x54, 0xAB, 0x64, 0x84, 0xB2, 0x6A, 0x8B, 0x64, 0x27, 0x36, 0x48, 0x1C,
    0x29, 0x6C, 0x2B, 0x3A, 0x3A, 0x17, 0x23, 0x39, 0x17, 0x23, 0x6C, 0x2B, 0x3B, 0x79, 0x30, 0x41,
    0x75, 0x2E, 0x3F, 0x5B, 0x24, 0x32, 0x33, 0x14, 0x20, 0x67, 0x29, 0x38, 0x5D, 0x24, 0x33, 0x0C,
    0x0A, 0x15, 0x2E, 0x13, 0x1E, 0x5F, 0x25, 0x34, 0x2B, 0x12, 0x1D, 0x63, 0x27, 0x36, 0x45, 0x1B,
    0x28, 0x41, 0x19, 0x26, 0x18, 0x0C, 0x17, 0x42, 0x1A, 0x26, 0x0B, 0x0A, 0x15, 0x1B, 0x0D, 0x18,
    0x67, 0x29, 0x38, 0x65, 0x28, 0x37, 0x13, 0x0B, 0x16, 0x67, 0x29, 0x38, 0x79, 0x30, 0x41, 0x0D,
    0x0A, 0x15, 0x67, 0x29, 0x38, 0x13, 0x0B, 0x16, 0x67, 0x28, 0x38, 0x19, 0x0D, 0x18, 0x0A, 0x0A,
    0x15, 0x65, 0x28, 0x37, 0x21, 0x0F, 0x1A, 0x0C, 0x0A, 0x15, 0x40, 0x19, 0x25, 0x1A, 0x0D, 0x18,
    0x0C, 0x0A, 0x15, 0x0C, 0x0A, 0x15, 0x6F, 0x2C, 0x3C, 0x50, 0x1F, 0x2D, 0x62, 0x27, 0x36, 0x76,
    0x2F, 0x3F, 0x6C, 0x2B, 0x3A, 0x4D, 0x1E, 0x2B, 0x61, 0x26, 0x35, 0x4E, 0x1F, 0x2C, 0x43, 0x1A,
    0x27, 0x25, 0x10, 0x1B, 0x39, 0x17, 0x23, 0x5F, 0x25, 0x34, 0x3C, 0x18, 0x24, 0x0C, 0x0A, 0x15,
    0x37, 0x16, 0x22, 0x43, 0x1A, 0x27, 0x2A, 0x11, 0x1D, 0x61, 0x26, 0x35, 0x4E, 0x1F, 0x2C, 0x60,
    0x26, 0x34, 0x5E, 0x25, 0x33, 0x54, 0x21, 0x2F, 0x6F, 0x2C, 0x3C, 0x79, 0x30, 0x41, 0x69, 0x29,
    0x39, 0x5B, 0x24, 0x32, 0x79, 0x30, 0x41, 0x79, 0x30, 0x41, 0x83, 0x3C, 0x51, 0xA7, 0x60, 0x7F,
    0xCB, 0x85, 0xA7, 0xD4, 0x9F, 0xB1, 0xE6, 0xCB, 0xCB, 0xFD, 0xFB, 0xF0, 0xF9, 0xF4, 0xEA, 0xFF,
    0xFF, 0xF3, 0xFB, 0xF7, 0xEC, 0xEB, 0xD7, 0xD1, 0xE9, 0xD3, 0xCE, 0xE4, 0xC8, 0xC5, 0xEB, 0xD7,
    0xD1, 0xE7, 0xCE, 0xCC, 0xD3, 0x9D, 0xB0, 0xE2, 0xC4, 0xC2, 0xE0, 0xBF, 0xC0, 0xD2, 0x9B, 0xAF,
    0xE2, 0xC4, 0xC2, 0xE2, 0xC3, 0xC1, 0xDB, 0xB2, 0xB9, 0xD1, 0x98, 0xAE, 0xE2, 0xC4, 0xC2, 0xE1,
    0xC2, 0xC1, 0xC9, 0x7F, 0xA5, 0xE2, 0xC4, 0xC2, 0xE2, 0xC4, 0xC2, 0xD1, 0x96, 0xAD, 0xE2, 0xC3,
    0xC2, 0xDC, 0xB4, 0xBA, 0xE2, 0xC3, 0xC2, 0xE2, 0xC4, 0xC2, 0xE2, 0xC4, 0xC2, 0xD2, 0x99, 0xAF,
    0xE8, 0xD2, 0xCE, 0xDC, 0xB4, 0xC1, 0xDA, 0xAF, 0xBF, 0xDA, 0xAF, 0xBF, 0xE1, 0xC1, 0xC2, 0xE9,
    0xD4, 0xCF, 0xE4, 0xC7, 0xC5, 0xD4, 0x9F, 0xB1, 0xDF, 0xBC, 0xBE, 0xD4, 0xA0, 0xB2, 0xDE, 0xBB,
    0xBE, 0xD5, 0xA2, 0xB2, 0xCB, 0x83, 0xA6, 0xD7, 0xA8, 0xB5, 0xCE, 0x8E, 0xAA, 0xC9, 0x7D, 0xA4,
    0xC9, 0x7D, 0xA4, 0xC9, 0x7D, 0xA4, 0xCE, 0x8E, 0xAA, 0xCC, 0x86, 0xA7, 0xA9, 0x62, 0x82, 0xB9,
    0x6F, 0x92, 0xBE, 0x74, 0x98, 0xB7, 0x6E, 0x91, 0x95, 0x50, 0x6A, 0xA2, 0x5B, 0x78, 0xA1, 0x5B,
    0x78, 0x85, 0x3F, 0x54, 0x8B, 0x45, 0x5C, 0x94, 0x4F, 0x68, 0xB7, 0x6E, 0x91, 0xA5, 0x5E, 0x7C,
    0x6A, 0x2A, 0x3A, 0x59, 0x23, 0x31, 0x79, 0x30, 0x41, 0x6C, 0x2B, 0x3B, 0x39, 0x17, 0x23, 0x52,
    0x2B, 0x3B, 0x8B, 0x48, 0x5F, 0x5B, 0x24, 0x32, 0x22, 0x0F, 0x1A, 0x43, 0x1A, 0x27, 0x3C, 0x18,
    0x24, 0x0C, 0x0A, 0x15, 0x1F, 0x0E, 0x19, 0x3D, 0x18, 0x24, 0x0C, 0x0A, 0x15, 0x0C, 0x0A, 0x15,
    0x29, 0x11, 0x1D, 0x68, 0x29, 0x38, 0x63, 0x27, 0x36, 0x23, 0x0F, 0x1A, 0x64, 0x27, 0x36, 0x0A,
    0x0A, 0x15, 0x0C, 0x0A, 0x15, 0x0C, 0x0A, 0x15, 0x0C, 0x0A, 0x15, 0x0F, 0x0B, 0x16, 0x44, 0x1B,
    0x27, 0x68, 0x29, 0x38, 0x0C, 0x0A, 0x15, 0x0C, 0x0A, 0x15, 0x0C, 0x0A, 0x15, 0x0C, 0x0A, 0x15,
    0x0C, 0x0A, 0x15, 0x0C, 0x0A, 0x15, 0x0C, 0x0A, 0x15, 0x0C, 0x0A, 0x15, 0x3E, 0x18, 0x25, 0x66,
    0x28, 0x37, 0x28, 0x11, 0x1C, 0x3D, 0x18, 0x24, 0x1B, 0x0D, 0x18, 0x6F, 0x2C, 0x3C, 0x79, 0x30,
    0x41, 0x50, 0x1F, 0x2D, 0x71, 0x2C, 0x3D, 0x3B, 0x17, 0x23, 0x6C, 0x2B, 0x3A, 0x3E, 0x18, 0x25,
    0x6A, 0x2A, 0x3A, 0x79, 0x30, 0x41, 0x42, 0x1A, 0x27, 0x68, 0x29, 0x38, 0x45, 0x1B, 0x28, 0x37,
    0x16, 0x22, 0x27, 0x10, 0x1C, 0x64, 0x27, 0x36, 0x79, 0x30, 0x41, 0x4C, 0x1E, 0x2B, 0x54, 0x21,
    0x2F, 0x54, 0x21, 0x2E, 0x5C, 0x24, 0x32, 0x69, 0x29, 0x39, 0x53, 0x20, 0x2E, 0x4F, 0x1F, 0x2C,
    0x79, 0x30, 0x41, 0x79, 0x30, 0x41, 0x74, 0x2E, 0x3E, 0x6F, 0x2C, 0x3C, 0x79, 0x30, 0x41, 0x99,
    0x53, 0x6E, 0xC9, 0x7D, 0xA4, 0xCF, 0x90, 0xAB, 0xD7, 0xA7, 0xB5, 0xD7, 0xA7, 0xB9, 0xF4, 0xEB,
    0xE2, 0xEE, 0xDD, 0xD6, 0xF8, 0xF1, 0xE7, 0xF9, 0xF4, 0xEA, 0xFF, 0xFF, 0xF3, 0xFA, 0xF5, 0xEB,
    0xE8, 0xD0, 0xCC, 0xFF, 0xFF, 0xF3, 0xFC, 0xF9, 0xEE, 0xEA, 0xD6, 0xD1, 0xE9, 0xD4, 0xCF, 0xE2,
    0xC4, 0xC2, 0xE2, 0xC4, 0xC2, 0xE2, 0xC4, 0xC2, 0xE1, 0xC1, 0xC0, 0xD1, 0x98, 0xAE, 0xE2, 0xC4,
    0xC2, 0xE2, 0xC4, 0xC2, 0xE2, 0xC3, 0xC1, 0xD0, 0x95, 0xAD, 0xE2, 0xC4, 0xC2, 0xDC, 0xB5, 0xBB,
    0xE2, 0xC4, 0xC2, 0xE2, 0xC4, 0xC2, 0xCA, 0x7F, 0xA5, 0xE1, 0xC2, 0xC1, 0xE2, 0xC4, 0xC2, 0xE2,
    0xC4, 0xC2, 0xE2, 0xC4, 0xC2, 0xF6, 0xED, 0xE4, 0xFE, 0xFE, 0xF2, 0xF9, 0xF3, 0xE9, 0xFE, 0xFD,
    0xF2, 0xED, 0xDC, 0xD6, 0xFC, 0xF9, 0xEE, 0xEE, 0xDE, 0xD7, 0xEA, 0xD6, 0xD1, 0xEA, 0xD6, 0xD1,
    0xEA, 0xD6, 0xD1, 0xEA, 0xD6, 0xD1, 0xEA, 0xD6, 0xD1, 0xD7, 0xA7, 0xB6, 0xD0, 0x94, 0xAD, 0xD0,
    0x94, 0xAD, 0xD0, 0x94, 0xAD, 0xD0, 0x94, 0xAD, 0xCB, 0x85, 0xA7, 0xCC, 0x9F, 0xA9, 0xCA, 0x8F,
    0xA7, 0xC9, 0x7D, 0xA4, 0xCE, 0x8C, 0xAA, 0xA1, 0x65, 0x78, 0x79, 0x30, 0x41, 0x8A, 0x44, 0x5B,
    0x94, 0x4E, 0x68, 0x8A, 0x44, 0x5A, 0x96, 0x50, 0x6B, 0xAB, 0x64, 0x83, 0x94, 0x4E, 0x68, 0x8B,
    0x45, 0x5C, 0x74, 0x2E, 0x3E, 0x6F, 0x2C, 0x3C, 0x79, 0x30, 0x41, 0x79, 0x30, 0x41, 0x74, 0x2E,
    0x3F, 0x6B, 0x32, 0x45, 0x8F, 0x58, 0x75, 0xB2, 0x6D, 0x90, 0x39, 0x17, 0x23, 0x35, 0x15, 0x21,
    0x69, 0x29, 0x39, 0x62, 0x27, 0x36, 0x3B, 0x17, 0x23, 0x38, 0x16, 0x22, 0x6F, 0x2C, 0x3C, 0x0C,
    0x0A, 0x15, 0x0C, 0x0A, 0x15, 0x0C, 0x0A, 0x15, 0x0C, 0x0A, 0x15, 0x0C, 0x0A, 0x15, 0x17, 0x0C,
    0x17, 0x42, 0x1A, 0x26, 0x3F, 0x19, 0x25, 0x13, 0x0B, 0x16, 0x40, 0x19, 0x26, 0x10, 0x0B, 0x16,
    0x43, 0x1A, 0x27, 0x68, 0x29, 0x39, 0x0E, 0x0A, 0x15, 0x0C, 0x0A, 0x15, 0x0C, 0x0A, 0x15, 0x0C,
    0x0A, 0x15, 0x3F, 0x19, 0x25, 0x11, 0x0B, 0x16, 0x0C, 0x0A, 0x15, 0x0C, 0x0A, 0x15, 0x0A, 0x0A,
    0x15, 0x74, 0x2E, 0x3E, 0x2B, 0x12, 0x1D, 0x3C, 0x18, 0x24, 0x65, 0x28, 0x37, 0x48, 0x1C, 0x29,
    0x72, 0x2D, 0x3D, 0x79, 0x30, 0x41, 0x79, 0x30, 0x41, 0x79, 0x30, 0x41, 0x3B, 0x17, 0x23, 0x6C,
    0x2B, 0x3A, 0x52, 0x20, 0x2E, 0x62, 0x26, 0x35, 0x75, 0x2E, 0x3F, 0x54, 0x21, 0x2F, 0x60, 0x26,
    0x35, 0x4F, 0x1F, 0x2C, 0x6B, 0x2A, 0x3A, 0x58, 0x22, 0x30, 0x5E, 0x25, 0x34, 0x6A, 0x2A, 0x39,
    0x52, 0x20, 0x2E, 0x40, 0x19, 0x25, 0x67, 0x29, 0x38, 0x5C, 0x24, 0x32, 0x2A, 0x11, 0x1D, 0x2A,
    0x11, 0x1D, 0x54, 0x21, 0x2E, 0x70, 0x2C, 0x3C, 0x74, 0x2E, 0x3E, 0x5D, 0x25, 0x33, 0x59, 0x23,
    0x31, 0x79, 0x30, 0x41, 0x91, 0x4C, 0x65, 0xB9, 0x70, 0x93, 0xC0, 0x7B, 0x9B, 0xD0, 0x93, 0xAC,
    0xD7, 0xA8, 0xB7, 0xEF, 0xE1, 0xD9, 0xFA, 0xF6, 0xEB, 0xEA, 0xD5, 0xD0, 0xEF, 0xDF, 0xD8, 0xFF,
    0xFF, 0xF3, 0xFB, 0xF8, 0xED, 0xEE, 0xDD, 0xD7, 0xFE, 0xFD, 0xF1, 0xF9, 0xF4, 0xEA, 0xFF, 0xFF,
    0xF3, 0xFB, 0xF8, 0xED, 0xE2, 0xC4, 0xC2, 0xE2, 0xC4, 0xC2, 0xE2, 0xC4, 0xC2, 0xE2, 0xC4, 0xC2,
    0xE2, 0xC4, 0xC2, 0xE2, 0xC4, 0xC2, 0xE2, 0xC3, 0xC2, 0xDC, 0xB6, 0xBB, 0xE2, 0xC4, 0xC2, 0xE2,
    0xC3, 0xC2, 0xC9, 0x7E, 0xA4, 0xE2, 0xC3, 0xC2, 0xE2, 0xC4, 0xC2, 0xD0, 0x95, 0xAD, 0xE1, 0xC2,
    0xC1, 0xE2, 0xC4, 0xC2, 0xE2, 0xC4, 0xC2, 0xE2, 0xC4, 0xC2, 0xE2, 0xC4, 0xC2, 0xF6, 0xEE, 0xE4,
    0xEB, 0xD9, 0xD3, 0xF6, 0xEE, 0xE5, 0xFE, 0xFD, 0xF1, 0xFF, 0xFF, 0xF3, 0xFF, 0xFF, 0xF3, 0xF9,
    0xF4, 0xEA, 0xFE, 0xFD, 0xF1, 0xFF, 0xFF, 0xF3, 0xFF, 0xFF, 0xF3, 0xFF, 0xFF, 0xF3, 0xEF, 0xE0,
    0xD9, 0xEA, 0xD5, 0xD0, 0xE4, 0xC9, 0xC6, 0xE2, 0xC4, 0xC2, 0xE2, 0xC4, 0xC2, 0xD6, 0xA4, 0xB3,
    0xA9, 0x6A, 0x82, 0xB9, 0x70, 0x93, 0xCD, 0x8C, 0xA9, 0xCF, 0xA5, 0xAD, 0xA0, 0x74, 0x78, 0x89,
    0x43, 0x5A, 0xB6, 0x6D, 0x90, 0xC0, 0x75, 0x9A, 0xAB, 0x63, 0x83, 0x89, 0x43, 0x59, 0x96, 0x50,
    0x6B, 0xB9, 0x70, 0x93, 0xAF, 0x70, 0x89, 0x85, 0x5C, 0x61, 0x58, 0x23, 0x31, 0x79, 0x30, 0x41,
    0x75, 0x2E, 0x3F, 0x5A, 0x23, 0x31, 0x73, 0x46, 0x5E, 0xC9, 0x7D, 0xA4, 0xB6, 0x6F, 0x91, 0x5D,
    0x24, 0x33, 0x0C, 0x0A, 0x15, 0x0C, 0x0A, 0x15, 0x3B, 0x17, 0x23, 0x6D, 0x2B, 0x3B, 0x31, 0x14,
    0x1F, 0x61, 0x26, 0x35, 0x1C, 0x0D, 0x18, 0x3B, 0x17, 0x23, 0x0C, 0x0A, 0x15, 0x0C, 0x0A, 0x15,
    0x0C, 0x0A, 0x15, 0x24, 0x0F, 0x1B, 0x6A, 0x2A, 0x39, 0x67, 0x28, 0x38, 0x1B, 0x0D, 0x18, 0x68,
    0x29, 0x38, 0x18, 0x0C, 0x18, 0x78, 0x30, 0x40, 0x0C, 0x0A, 0x15, 0x0C, 0x0A, 0x15, 0x0C, 0x0A,
    0x15, 0x0C, 0x0A, 0x15, 0x3D, 0x18, 0x24, 0x6A, 0x2A, 0x39, 0x19, 0x0D, 0x18, 0x0B, 0x0A, 0x15,
    0x3C, 0x18, 0x24, 0x14, 0x0B, 0x17, 0x66, 0x28, 0x37, 0x45, 0x1B, 0x28, 0x74, 0x2E, 0x3E, 0x30,
    0x13, 0x1F, 0x63, 0x27, 0x36, 0x6B, 0x2A, 0x3A, 0x6B, 0x2A, 0x3A, 0x6B, 0x2A, 0x3A, 0x76, 0x2F,
    0x40, 0x3B, 0x17, 0x23, 0x6C, 0x2B, 0x3A, 0x79, 0x30, 0x41, 0x3F, 0x19, 0x25, 0x69, 0x29, 0x39,
    0x6F, 0x2C, 0x3C, 0x3C, 0x17, 0x24, 0x67, 0x28, 0x38, 0x70, 0x2C, 0x3C, 0x75, 0x2E, 0x3F, 0x49,
    0x1D, 0x2A, 0x32, 0x14, 0x20, 0x68, 0x29, 0x38, 0x70, 0x2C, 0x3D, 0x74, 0x2E, 0x3E, 0x79, 0x30,
    0x41, 0x50, 0x1F, 0x2D, 0x50, 0x1F, 0x2D, 0x67, 0x28, 0x38, 0x5A, 0x23, 0x32, 0x68, 0x29, 0x38,
    0x59, 0x23, 0x31, 0x79, 0x30, 0x41, 0x79, 0x30, 0x41, 0x81, 0x3A, 0x4E, 0x94, 0x57, 0x69, 0xB1,
    0x88, 0x8D, 0xDE, 0xBA, 0xBD, 0xE8, 0xD2, 0xCD, 0xF9, 0xF3, 0xE9, 0xF9, 0xF3, 0xE9, 0xF9, 0xF3,
    0xE9, 0xF9, 0xF3, 0xE9, 0xF9, 0xF3, 0xE9, 0xFA, 0xF5, 0xEB, 0xFF, 0xFF, 0xF3, 0xFB, 0xF8, 0xED,
    0xEC, 0xD9, 0xD3, 0xF9, 0xF5, 0xEA, 0xFC, 0xFA, 0xEF, 0xE8, 0xD2, 0xCD, 0xE2, 0xC4, 0xC2, 0xE2,
    0xC4, 0xC2, 0xE2, 0xC4, 0xC2, 0xE2, 0xC4, 0xC2, 0xE2, 0xC4, 0xC2, 0xE1, 0xC2, 0xC1, 0xCA, 0x7F,
    0xA5, 0xE2, 0xC4, 0xC2, 0xE2, 0xC4, 0xC2, 0xD0, 0x93, 0xAC, 0xE2, 0xC4, 0xC2, 0xE2, 0xC4, 0xC2,
    0xDD, 0xB7, 0xBC, 0xE2, 0xC4, 0xC2, 0xE2, 0xC4, 0xC2, 0xE2, 0xC4, 0xC2, 0xE2, 0xC4, 0xC2, 0xE2,
    0xC4, 0xC2, 0xE2, 0xC4, 0xC2, 0xF6, 0xEE, 0xE5, 0xEB, 0xD8, 0xD3, 0xF6, 0xEF, 0xE5, 0xF9, 0xF3,
    0xE9, 0xFE, 0xFD, 0xF1, 0xED, 0xDD, 0xD6, 0xF6, 0xED, 0xE4, 0xFE, 0xFD, 0xF1, 0xFA, 0xF5, 0xEB,
    0xF9, 0xF3, 0xE9, 0xFD, 0xFC, 0xF1, 0xFF, 0xFF, 0xF3, 0xEF, 0xE1, 0xD9, 0xE4, 0xC9, 0xC6, 0xE2,
    0xC4, 0xC2, 0xE2, 0xC4, 0xC2, 0xD1, 0x98, 0xAE, 0xC9, 0x7D, 0xA4, 0xDA, 0xB0, 0xB8, 0xB4, 0x87,
    0x8F, 0x83, 0x3C, 0x50, 0xA5, 0x5E, 0x7C, 0xC3, 0x78, 0x9E, 0xA0, 0x59, 0x76, 0x98, 0x52, 0x6D,
    0xA4, 0x5D, 0x7B, 0x83, 0x3C, 0x51, 0x89, 0x43, 0x59, 0x9C, 0x73, 0x77, 0xB2, 0x91, 0x92, 0x79,
    0x30, 0x41, 0x79, 0x30, 0x41, 0x6B, 0x2A, 0x3A, 0x4E, 0x29, 0x39, 0x87, 0x51, 0x6D, 0xB8, 0x70,
    0x93, 0x9C, 0x60, 0x7F, 0x20, 0x0F, 0x1A, 0x37, 0x16, 0x22, 0x1F, 0x0E, 0x19, 0x4F, 0x1F, 0x2C,
    0x6D, 0x2B, 0x3B, 0x0C, 0x0A, 0x15, 0x0C, 0x0A, 0x15, 0x2E, 0x13, 0x1E, 0x66, 0x28, 0x37, 0x3A,
    0x17, 0x23, 0x0C, 0x0A, 0x15, 0x17, 0x0C, 0x17, 0x3B, 0x17, 0x23, 0x0C, 0x0A, 0x15, 0x0C, 0x0A,
    0x15, 0x0C, 0x0A, 0x15, 0x11, 0x0B, 0x16, 0x40, 0x19, 0x26, 0x6A, 0x2A, 0x39, 0x0C, 0x0A, 0x15,
    0x0C, 0x0A, 0x15, 0x0C, 0x0A, 0x15, 0x0C, 0x0A, 0x15, 0x78, 0x30, 0x40, 0x19, 0x0D, 0x18, 0x0C,
    0x0A, 0x15, 0x0A, 0x0A, 0x15, 0x68, 0x29, 0x39, 0x42, 0x1A, 0x26, 0x15, 0x0C, 0x17, 0x66, 0x28,
    0x37, 0x77, 0x2F, 0x40, 0x48, 0x1C, 0x29, 0x1A, 0x0D, 0x18, 0x0C, 0x0A, 0x15, 0x37, 0x16, 0x22,
    0x3C, 0x18, 0x24, 0x70, 0x2C, 0x3C, 0x3B, 0x17, 0x23, 0x6C, 0x2B, 0x3A, 0x6F, 0x2C, 0x3C, 0x4B,
    0x1D, 0x2B, 0x6D, 0x2B, 0x3B, 0x42, 0x1A, 0x27, 0x0C, 0x0A, 0x15, 0x67, 0x28, 0x38, 0x55, 0x21,
    0x2F, 0x6A, 0x2A, 0x39, 0x57, 0x22, 0x30, 0x69, 0x29, 0x39, 0x71, 0x2D, 0x3D, 0x45, 0x1B, 0x28,
    0x61, 0x26, 0x35, 0x71, 0x2D, 0x3D, 0x47, 0x1C, 0x29, 0x50, 0x1F, 0x2D, 0x79, 0x30, 0x41, 0x74,
    0x2E, 0x3F, 0x6C, 0x2A, 0x3A, 0x71, 0x2D, 0x3D, 0x79, 0x30, 0x41, 0x79, 0x30, 0x41, 0x8F, 0x4B,
    0x64, 0xC2, 0x8B, 0xA1, 0xD7, 0xA9, 0xB5, 0xCF, 0x90, 0xAB, 0xDD, 0xB7, 0xBC, 0xDE, 0xBB, 0xBD,
    0xE2, 0xC4, 0xC2, 0xE2, 0xC4, 0xC2, 0xE4, 0xC7, 0xC5, 0xE9, 0xD3, 0xCE, 0xED, 0xDD, 0xD6, 0xFF,
    0xFF, 0xF3, 0xFF, 0xFF, 0xF3, 0xFC, 0xF9, 0xEE, 0xEB, 0xD8, 0xD2, 0xFA, 0xF5, 0xEB, 0xFD, 0xFA,
    0xEF, 0xE9, 0xD3, 0xCE, 0xE9, 0xD3, 0xCE, 0xE8, 0xD2, 0xCD, 0xE2, 0xC4, 0xC2, 0xE2, 0xC4, 0xC2,
    0xE1, 0xC2, 0xC1, 0xCF, 0x92, 0xAC, 0xE2, 0xC4, 0xC2, 0xE2, 0xC4, 0xC2, 0xE2, 0xC4, 0xC2, 0xE2,
    0xC4, 0xC2, 0xE2, 0xC4, 0xC2, 0xCF, 0x92, 0xAC, 0xE1, 0xC2, 0xC1, 0xE2, 0xC4, 0xC2, 0xE2, 0xC4,
    0xC2, 0xE2, 0xC4, 0xC2, 0xE2, 0xC4, 0xC2, 0xE2, 0xC4, 0xC2, 0xE2, 0xC4, 0xC2, 0xF6, 0xEE, 0xE5,
    0xE6, 0xCC, 0xC8, 0xE2, 0xC4, 0xC2, 0xF5, 0xEC, 0xE3, 0xF9, 0xF3, 0xE9, 0xE7, 0xCE, 0xCA, 0xF9,
    0xF4, 0xEA, 0xEE, 0xDE, 0xD7, 0xE9, 0xD3, 0xCE, 0xFA, 0xF5, 0xEB, 0xFF, 0xFF, 0xF3, 0xFF, 0xFF,
    0xF3, 0xEF, 0xE1, 0xD9, 0xE9, 0xD3, 0xCE, 0xD8, 0xBC, 0xBA, 0xCB, 0x90, 0xA8, 0xC0, 0x75, 0x9A,
    0xD2, 0xA3, 0xB0, 0xC8, 0x8F, 0xA4, 0x96, 0x50, 0x6A, 0x8E, 0x5A, 0x61, 0xAF, 0x6F, 0x88, 0xA3,
    0x5C, 0x7A, 0x87, 0x41, 0x57, 0x79, 0x30, 0x41, 0x97, 0x51, 0x6C, 0xB3, 0x7A, 0x90, 0x86, 0x6E,
    0x6E, 0x42, 0x1A, 0x27, 0x71, 0x2C, 0x3D, 0x79, 0x30, 0x41, 0x75, 0x2E, 0x3F, 0x90, 0x4F, 0x69,
    0xBD, 0x78, 0x97, 0x84, 0x5C, 0x61, 0x0C, 0x0A, 0x15, 0x3F, 0x19, 0x25, 0x6E, 0x2C, 0x3C, 0x4A,
    0x1D, 0x2A, 0x6C, 0x2A, 0x3A, 0x64, 0x27, 0x37, 0x37, 0x16, 0x22, 0x0C, 0x0A, 0x15, 0x1A, 0x0D,
    0x18, 0x46, 0x1B, 0x28, 0x65, 0x28, 0x37, 0x0C, 0x0A, 0x15, 0x27, 0x10, 0x1C, 0x67, 0x28, 0x38,
    0x0B, 0x0A, 0x15, 0x13, 0x0B, 0x16, 0x3C, 0x18, 0x24, 0x40, 0x19, 0x26, 0x77, 0x2F, 0x40, 0x0B,
    0x0A, 0x15, 0x0C, 0x0A, 0x15, 0x0C, 0x0A, 0x15, 0x0C, 0x0A, 0x15, 0x0C, 0x0A, 0x15, 0x78, 0x30,
    0x40, 0x19, 0x0D, 0x18, 0x0C, 0x0A, 0x15, 0x39, 0x17, 0x23, 0x12, 0x0B, 0x16, 0x69, 0x29, 0x39,
    0x24, 0x10, 0x1B, 0x0B, 0x0A, 0x15, 0x72, 0x2D, 0x3D, 0x6E, 0x2C, 0x3C, 0x2D, 0x12, 0x1E, 0x36,
    0x15, 0x21, 0x71, 0x2D, 0x3D, 0x6F, 0x2C, 0x3C, 0x77, 0x2F, 0x40, 0x4D, 0x1E, 0x2B, 0x64, 0x27,
    0x36, 0x4A, 0x1D, 0x2A, 0x63, 0x27, 0x36, 0x76, 0x2F, 0x3F, 0x42, 0x1A, 0x27, 0x0C, 0x0A, 0x15,
    0x67, 0x28, 0x38, 0x71, 0x2D, 0x3D, 0x6D, 0x2B, 0x3B, 0x6D, 0x2B, 0x3B, 0x75, 0x2E, 0x3F, 0x58,
    0x22, 0x30, 0x25, 0x10, 0x1B, 0x57, 0x22, 0x30, 0x53, 0x20, 0x2E, 0x3B, 0x17, 0x23, 0x53, 0x21,
    0x2E, 0x72, 0x2D, 0x3D, 0x67, 0x28, 0x38, 0x3B, 0x17, 0x23, 0x57, 0x22, 0x30, 0x79, 0x30, 0x41,
    0x79, 0x30, 0x41, 0x73, 0x34, 0x47, 0x90, 0x60, 0x76, 0xCF, 0x90, 0xAB, 0xCD, 0x8B, 0xA9, 0xCB,
    0x82, 0xA6, 0xD4, 0x9F, 0xB1, 0xE2, 0xC4, 0xC2, 0xE2, 0xC4, 0xC2, 0xE7, 0xD0, 0xCC, 0xF9, 0xF4,
    0xEA, 0xFA, 0xF6, 0xEC, 0xFE, 0xFD, 0xF1, 0xFA, 0xF6, 0xEB, 0xFF, 0xFF, 0xF3, 0xFC, 0xF9, 0xEE,
    0xEB, 0xD7, 0xD2, 0xFA, 0xF5, 0xEB, 0xFF, 0xFF, 0xF3, 0xFF, 0xFF, 0xF3, 0xFD, 0xFC, 0xF0, 0xE8,
    0xD2, 0xCD, 0xE8, 0xD2, 0xCD, 0xE2, 0xC5, 0xC2, 0xE8, 0xD2, 0xCD, 0xE2, 0xC4, 0xC2, 0xE2, 0xC4,
    0xC2, 0xE2, 0xC4, 0xC2, 0xE2, 0xC4, 0xC2, 0xE2, 0xC4, 0xC2, 0xDD, 0xB8, 0xBC, 0xE2, 0xC4, 0xC2,
    0xE2, 0xC4, 0xC2, 0xE2, 0xC4, 0xC2, 0xDD, 0xB9, 0xBD, 0xE2, 0xC3, 0xC1, 0xE2, 0xC4, 0xC2, 0xE2,
    0xC4, 0xC2, 0xE2, 0xC4, 0xC2, 0xE2, 0xC4, 0xC2, 0xE2, 0xC4, 0xC2, 0xE2, 0xC4, 0xC2, 0xE2, 0xC4,
    0xC2, 0xE2, 0xC4, 0xC2, 0xF9, 0xF4, 0xEA, 0xFF, 0xFF, 0xF3, 0xFF, 0xFF, 0xF3, 0xFB, 0xF7, 0xEC,
    0xF9, 0xF4, 0xEA, 0xFD, 0xFC, 0xF1, 0xFF, 0xFF, 0xF3, 0xFB, 0xF7, 0xED, 0xB8, 0x9A, 0x9C, 0xB9,
    0x70, 0x93, 0xAA, 0x70, 0x83, 0xBA, 0x76, 0x94, 0xAB, 0x70, 0x84, 0x92, 0x56, 0x66, 0xC7, 0xA3,
    0xA5, 0xAD, 0x85, 0x88, 0xA5, 0x5E, 0x7C, 0xAB, 0x64, 0x83, 0x87, 0x40, 0x56, 0x79, 0x30, 0x41,
    0xB0, 0x99, 0x96, 0xC3, 0xBD, 0xB5, 0x3B, 0x17, 0x23, 0x56, 0x22, 0x30, 0x79, 0x30, 0x41, 0x73,
    0x34, 0x47, 0x8C, 0x56, 0x73, 0xCA, 0x8E, 0xA7, 0xB1, 0x99, 0x98, 0x0C, 0x0A, 0x15, 0x3F, 0x19,
    0x25, 0x76, 0x2F, 0x40, 0x61, 0x26, 0x35, 0x0C, 0x0A, 0x15, 0x39, 0x17, 0x23, 0x6E, 0x2B, 0x3B,
    0x0C, 0x0A, 0x15, 0x34, 0x15, 0x21, 0x70, 0x2C, 0x3D, 0x0C, 0x0A, 0x15, 0x17, 0x0C, 0x17, 0x37,
    0x16, 0x22, 0x0C, 0x0A, 0x15, 0x0C, 0x0A, 0x15, 0x1F, 0x0E, 0x19, 0x6E, 0x2B, 0x3B, 0x79, 0x30,
    0x41, 0x6B, 0x2A, 0x3A, 0x0B, 0x0A, 0x15, 0x0C, 0x0A, 0x15, 0x0C, 0x0A, 0x15, 0x0C, 0x0A, 0x15,
    0x0C, 0x0A, 0x15, 0x78, 0x30, 0x40, 0x19, 0x0D, 0x18, 0x0A, 0x0A, 0x15, 0x6B, 0x2A, 0x3A, 0x20,
    0x0E, 0x1A, 0x0C, 0x0A, 0x15, 0x0C, 0x0A, 0x15, 0x0C, 0x0A, 0x15, 0x67, 0x28, 0x38, 0x2B, 0x12,
    0x1D, 0x35, 0x15, 0x21, 0x71, 0x2D, 0x3D, 0x70, 0x2C, 0x3C, 0x32, 0x14, 0x20, 0x6D, 0x2B, 0x3B,
    0x79, 0x30, 0x41, 0x3C, 0x18, 0x24, 0x61, 0x26, 0x35, 0x4A, 0x1D, 0x2A, 0x63, 0x27, 0x36, 0x4C,
    0x1E, 0x2B, 0x20, 0x0E, 0x1A, 0x67, 0x28, 0x38, 0x54, 0x21, 0x2E, 0x22, 0x0F, 0x1A, 0x2F, 0x13,
    0x1F, 0x68, 0x29, 0x38, 0x72, 0x2D, 0x3D, 0x52, 0x20, 0x2E, 0x39, 0x16, 0x23, 0x65, 0x28, 0x37,
    0x72, 0x2D, 0x3E, 0x5C, 0x24, 0x33, 0x59, 0x23, 0x31, 0x79, 0x30, 0x41, 0x79, 0x30, 0x41, 0x79,
    0x30, 0x41, 0x79, 0x30, 0x41, 0x80, 0x39, 0x4D, 0x9F, 0x58, 0x75, 0xC7, 0x8D, 0xA4, 0xDF, 0xBC,
    0xBE, 0xDB, 0xB4, 0xBA, 0xCF, 0x90, 0xAB, 0xDF, 0xBC, 0xBE, 0xE1, 0xC1, 0xC1, 0xDE, 0xBB, 0xBE,
    0xE2, 0xC4, 0xC2, 0xE2, 0xC4, 0xC2, 0xE7, 0xCF, 0xCB, 0xF6, 0xED, 0xE4, 0xE7, 0xD0, 0xCC, 0xFF,
    0xFF, 0xF3, 0xFF, 0xFF, 0xF3, 0xFB, 0xF8, 0xED, 0xE5, 0xCB, 0xC7, 0xFA, 0xF6, 0xEB, 0xFF, 0xFF,
    0xF3, 0xFF, 0xFF, 0xF3, 0xFF, 0xFF, 0xF3, 0xFE, 0xFC, 0xF1, 0xE3, 0xC6, 0xC4, 0xFE, 0xFE, 0xF2,
    0xE2, 0xC4, 0xC2, 0xE2, 0xC4, 0xC2, 0xE2, 0xC4, 0xC2, 0xE2, 0xC4, 0xC2, 0xE2, 0xC4, 0xC2, 0xCF,
    0x90, 0xAB, 0xE1, 0xC2, 0xC1, 0xE2, 0xC4, 0xC2, 0xE2, 0xC4, 0xC2, 0xD0, 0x94, 0xAC, 0xE0, 0xC0,
    0xC0, 0xE2, 0xC4, 0xC2, 0xE2, 0xC4, 0xC2, 0xE2, 0xC4, 0xC2, 0xE2, 0xC4, 0xC2, 0xE2, 0xC4, 0xC2,
    0xE2, 0xC4, 0xC2, 0xE2, 0xC4, 0xC2, 0xE2, 0xC4, 0xC2, 0xF9, 0xF4, 0xEA, 0xFB, 0xF7, 0xEC, 0xFA,
    0xF5, 0xEA, 0xEC, 0xDB, 0xD5, 0xE8, 0xD1, 0xCD, 0xF5, 0xEC, 0xE3, 0xFE, 0xFC, 0xF1, 0xE8, 0xD1,
    0xCF, 0xD0, 0x93, 0xAC, 0xC9, 0x7D, 0xA4, 0xDA, 0xB0, 0xB9, 0xD2, 0x9A, 0xAF, 0xCF, 0xA2, 0xAD,
    0xD0, 0x9D, 0xAD, 0xD8, 0xAA, 0xB6, 0xAA, 0x7E, 0x84, 0x79, 0x30, 0x41, 0x99, 0x53, 0x6F, 0xAC,
    0x64, 0x84, 0x91, 0x55, 0x64, 0x8C, 0x56, 0x5E, 0x79, 0x30, 0x41, 0x79, 0x30, 0x41, 0x79, 0x30,
    0x41, 0x75, 0x2E, 0x3F, 0x8D, 0x4B, 0x64, 0xC0, 0x76, 0x9B, 0xAD, 0x6B, 0x8D, 0x0C, 0x0A, 0x15,
    0x1E, 0x0E, 0x19, 0x4A, 0x1D, 0x2A, 0x61, 0x26, 0x35, 0x1C, 0x0D, 0x19, 0x33, 0x14, 0x20, 0x34,
    0x15, 0x20, 0x66, 0x28, 0x37, 0x34, 0x15, 0x21, 0x2F, 0x13, 0x1F, 0x65, 0x28, 0x37, 0x0C, 0x0A,
    0x15, 0x29, 0x11, 0x1D, 0x68, 0x29, 0x38, 0x0B, 0x0A, 0x15, 0x14, 0x0B, 0x16, 0x3D, 0x1B, 0x28,
    0x61, 0x3A, 0x4F, 0x6B, 0x2A, 0x3A, 0x0A, 0x0A, 0x15, 0x0E, 0x0A, 0x15, 0x38, 0x16, 0x22, 0x0C,
    0x0A, 0x15, 0x0C, 0x0A, 0x15, 0x0C, 0x0A, 0x15, 0x6D, 0x2B, 0x3B, 0x17, 0x0C, 0x17, 0x0C, 0x0A,
    0x15, 0x36, 0x15, 0x21, 0x12, 0x0B, 0x16, 0x0C, 0x0A, 0x15, 0x0C, 0x0A, 0x15, 0x0C, 0x0A, 0x15,
    0x0C, 0x0A, 0x15, 0x0C, 0x0A, 0x15, 0x70, 0x2C, 0x3D, 0x79, 0x30, 0x41, 0x48, 0x1C, 0x29, 0x37,
    0x16, 0x22, 0x70, 0x2C, 0x3C, 0x79, 0x30, 0x41, 0x3C, 0x18, 0x24, 0x31, 0x14, 0x1F, 0x6D, 0x2B,
    0x3B, 0x4F, 0x1F, 0x2C, 0x63, 0x27, 0x36, 0x3E, 0x18, 0x25, 0x67, 0x28, 0x38, 0x79, 0x30, 0x41,
    0x48, 0x1C, 0x29, 0x5B, 0x24, 0x32, 0x6E, 0x2B, 0x3C, 0x51, 0x1F, 0x2D, 0x66, 0x28, 0x38, 0x73,
    0x2D, 0x3E, 0x6E, 0x2B, 0x3C, 0x53, 0x20, 0x2E, 0x59, 0x23, 0x31, 0x79, 0x30, 0x41, 0x79, 0x30,
    0x41, 0x79, 0x30, 0x41, 0x79, 0x30, 0x41, 0x80, 0x39, 0x4C, 0x9F, 0x59, 0x75, 0xAB, 0x64, 0x84,
    0x9A, 0x5A, 0x6F, 0xD4, 0xA0, 0xB2, 0xDD, 0xB7, 0xBC, 0xCD, 0x89, 0xA8, 0xD0, 0x93, 0xAC, 0xDD,
    0xB9, 0xBD, 0xD3, 0x9C, 0xB0, 0xE2, 0xC4, 0xC2, 0xE2, 0xC4, 0xC2, 0xE3, 0xC7, 0xC4, 0xE8, 0xD1,
    0xCC, 0xEB, 0xD8, 0xD2, 0xFB, 0xF7, 0xEC, 0xFF, 0xFF, 0xF3, 0xFC, 0xFA, 0xEE, 0xE8, 0xD1, 0xCC,
    0xEA, 0xD6, 0xD1, 0xFF, 0xFE, 0xF2, 0xFA, 0xF6, 0xEC, 0xFF, 0xFF, 0xF3, 0xFE, 0xFD, 0xF1, 0xE9,
    0xD2, 0xCE, 0xFE, 0xFE, 0xF2, 0xE8, 0xD0, 0xCC, 0xE2, 0xC4, 0xC2, 0xE2, 0xC4, 0xC2, 0xE2, 0xC4,
    0xC2, 0xE2, 0xC4, 0xC2, 0xE2, 0xC4, 0xC2, 0xE2, 0xC4, 0xC2, 0xE2, 0xC4, 0xC2, 0xE2, 0xC4, 0xC2,
    0xE2, 0xC4, 0xC2, 0xE2, 0xC4, 0xC2, 0xE2, 0xC4, 0xC2, 0xDE, 0xBB, 0xBE, 0xE1, 0xC3, 0xC1, 0xE2,
    0xC4, 0xC2, 0xDE, 0xBB, 0xBE, 0xE1, 0xC2, 0xC1, 0xE2, 0xC4, 0xC2, 0xE2, 0xC4, 0xC2, 0xF5, 0xEC,
    0xE3, 0xE7, 0xD0, 0xCC, 0xE2, 0xC4, 0xC2, 0xF8, 0xF2, 0xE8, 0xFF, 0xFF, 0xF3, 0xEE, 0xDE, 0xD8,
    0xF5, 0xEC, 0xE3, 0xD9, 0xAC, 0xBD, 0xCC, 0x89, 0xA8, 0xCE, 0x8E, 0xAA, 0xD2, 0xA8, 0xB0, 0xCD,
    0x93, 0xA9, 0xA6, 0x5F, 0x7D, 0xC8, 0xA4, 0xA6, 0xCC, 0x99, 0xAA, 0xA2, 0x5B, 0x79, 0x8C, 0x46,
    0x5E, 0x85, 0x3E, 0x53, 0x99, 0x53, 0x6E, 0xC4, 0x90, 0xA2, 0xB2, 0x93, 0x93, 0x6E, 0x2B, 0x3C,
    0x72, 0x2D, 0x3E, 0x79, 0x30, 0x41, 0x71, 0x33, 0x45, 0x63, 0x35, 0x48, 0x8A, 0x4A, 0x62, 0x9E,
    0x61, 0x81, 0x0C, 0x0A, 0x15, 0x3B, 0x17, 0x23, 0x61, 0x26, 0x35, 0x1C, 0x0D, 0x19, 0x48, 0x1C,
    0x29, 0x63, 0x27, 0x36, 0x0C, 0x0A, 0x15, 0x33, 0x14, 0x20, 0x67, 0x28, 0x38, 0x33, 0x14, 0x20,
    0x18, 0x0C, 0x17, 0x37, 0x16, 0x22, 0x34, 0x15, 0x21, 0x0C, 0x0A, 0x15, 0x14, 0x0C, 0x17, 0x3E,
    0x18, 0x25, 0x76, 0x35, 0x47, 0xB9, 0x71, 0x94, 0x05, 0x08, 0x12, 0x0C, 0x0A, 0x15, 0x14, 0x0C,
    0x17, 0x6D, 0x2B, 0x3B, 0x0E, 0x0A, 0x15, 0x0C, 0x0A, 0x15, 0x0C, 0x0A, 0x15, 0x0C, 0x0A, 0x15,
    0x0C, 0x0A, 0x15, 0x0A, 0x0A, 0x15, 0x76, 0x2F, 0x3F, 0x23, 0x0F, 0x1B, 0x0C, 0x0A, 0x15, 0x33,
    0x14, 0x20, 0x15, 0x0C, 0x17, 0x0C, 0x0A, 0x15, 0x32, 0x14, 0x20, 0x72, 0x2D, 0x3D, 0x71, 0x2D,
    0x3D, 0x77, 0x2F, 0x40, 0x79, 0x30, 0x41, 0x71, 0x2D, 0x3D, 0x77, 0x2F, 0x40, 0x4B, 0x1D, 0x2A,
    0x65, 0x28, 0x37, 0x77, 0x2F, 0x40, 0x72, 0x2D, 0x3D, 0x3D, 0x18, 0x24, 0x2D, 0x13, 0x1E, 0x6A,
    0x2A, 0x39, 0x72, 0x2D, 0x3E, 0x4E, 0x1E, 0x2C, 0x35, 0x15, 0x21, 0x21, 0x0F, 0x1A, 0x62, 0x27,
    0x36, 0x79, 0x30, 0x41, 0x4E, 0x1F, 0x2C, 0x2A, 0x11, 0x1D, 0x77, 0x4D, 0x53, 0x85, 0x50, 0x59,
    0x73, 0x2E, 0x3E, 0x80, 0x39, 0x4D, 0x85, 0x3E, 0x53, 0x79, 0x30, 0x41, 0x9B, 0x55, 0x70, 0xB3,
    0x6B, 0x8D, 0x82, 0x44, 0x50, 0xAE, 0x85, 0x89, 0xDE, 0xBA, 0xBD, 0xDF, 0xBD, 0xBF, 0xDD, 0xB7,
    0xBC, 0xD3, 0x9D, 0xB0, 0xE2, 0xC4, 0xC2, 0xE2, 0xC4, 0xC2, 0xE2, 0xC4, 0xC2, 0xE2, 0xC4, 0xC2,
    0xE8, 0xD1, 0xCD, 0xFE, 0xFD, 0xF2, 0xF6, 0xEF, 0xE5, 0xE7, 0xCF, 0xCB, 0xFF, 0xFF, 0xF3, 0xFF,
    0xFF, 0xF3, 0xFE, 0xFE, 0xF2, 0xFB, 0xF7, 0xEC, 0xFD, 0xFB, 0xF0, 0xE9, 0xD3, 0xCE, 0xFB, 0xF7,
    0xEC, 0xFF, 0xFF, 0xF3, 0xFF, 0xFF, 0xF3, 0xFF, 0xFF, 0xF3, 0xFF, 0xFE, 0xF2, 0xE7, 0xD0, 0xCC,
    0xE2, 0xC4, 0xC2, 0xE2, 0xC4, 0xC2, 0xE2, 0xC4, 0xC2, 0xE2, 0xC4, 0xC2, 0xE2, 0xC4, 0xC2, 0xE2,
    0xC4, 0xC2, 0xE2, 0xC4, 0xC2, 0xE2, 0xC4, 0xC2, 0xE2, 0xC4, 0xC2, 0xE2, 0xC4, 0xC2, 0xD0, 0x95,
    0xAD, 0xDF, 0xBE, 0xBF, 0xE2, 0xC4, 0xC2, 0xD1, 0x97, 0xAE, 0xDF, 0xBC, 0xBE, 0xE2, 0xC4, 0xC2,
    0xE2, 0xC4, 0xC2, 0xE2, 0xC4, 0xC2, 0xE2, 0xC4, 0xC2, 0xE2, 0xC4, 0xC2, 0xF5, 0xEB, 0xE2, 0xFE,
    0xFD, 0xF1, 0xFF, 0xFF, 0xF3, 0xEB, 0xD7, 0xD1, 0xD1, 0x96, 0xAE, 0xD8, 0xAA, 0xB6, 0xE1, 0xC1,
    0xC1, 0xAE, 0x82, 0x89, 0xAF, 0x67, 0x88, 0xC8, 0x84, 0xA4, 0xD2, 0xA7, 0xB0, 0xA4, 0x7A, 0x7E,
    0xA7, 0x60, 0x7F, 0xBE, 0x74, 0x99, 0xA6, 0x5F, 0x7E, 0x79, 0x30, 0x41, 0x65, 0x28, 0x37, 0x35,
    0x15, 0x21, 0x35, 0x15, 0x21, 0x55, 0x21, 0x2F, 0x79, 0x30, 0x41, 0x9B, 0x5C, 0x71, 0xB5, 0x7F,
    0x96, 0x57, 0x4A, 0x4C, 0x1E, 0x0E, 0x19, 0x35, 0x15, 0x21, 0x2E, 0x13, 0x1E, 0x1C, 0x0D, 0x19,
    0x4C, 0x1E, 0x2B, 0x6C, 0x2B, 0x3A, 0x1A, 0x0D, 0x18, 0x30, 0x13, 0x1F, 0x0C, 0x0A, 0x15, 0x36,
    0x15, 0x21, 0x6F, 0x2C, 0x3C, 0x2E, 0x13, 0x1E, 0x6F, 0x2C, 0x3C, 0x68, 0x29, 0x39, 0x0B, 0x0A,
    0x15, 0x25, 0x10, 0x1B, 0x6C, 0x2A, 0x3A, 0x3B, 0x17, 0x24, 0x6C, 0x2B, 0x3B, 0x0A, 0x0A, 0x15,
    0x0C, 0x0A, 0x15, 0x0C, 0x0A, 0x15, 0x0C, 0x0A, 0x15, 0x0C, 0x0A, 0x15, 0x0C, 0x0A, 0x15, 0x0C,
    0x0A, 0x15, 0x47, 0x1C, 0x29, 0x11, 0x0B, 0x16, 0x0A, 0x0A, 0x15, 0x63, 0x27, 0x36, 0x1D, 0x0E,
    0x19, 0x0B, 0x0A, 0x15, 0x60, 0x26, 0x35, 0x24, 0x10, 0x1B, 0x0C, 0x0A, 0x15, 0x71, 0x2D, 0x3D,
    0x68, 0x29, 0x39, 0x2B, 0x12, 0x1D, 0x6F, 0x2C, 0x3C, 0x79, 0x30, 0x41, 0x39, 0x17, 0x23, 0x6D,
    0x2B, 0x3B, 0x6A, 0x2A, 0x39, 0x50, 0x1F, 0x2D, 0x5F, 0x25, 0x34, 0x36, 0x15, 0x21, 0x3E, 0x18,
    0x25, 0x5E, 0x25, 0x33, 0x73, 0x2E, 0x3E, 0x5B, 0x24, 0x32, 0x5D, 0x24, 0x33, 0x65, 0x28, 0x37,
    0x54, 0x21, 0x2E, 0x5C, 0x24, 0x32, 0x72, 0x2D, 0x3D, 0x5F, 0x25, 0x34, 0x5B, 0x24, 0x32, 0xA8,
    0x85, 0x86, 0xA3, 0x84, 0x85, 0x5F, 0x25, 0x34, 0x93, 0x4D, 0x67, 0xA1, 0x5B, 0x78, 0x79, 0x30,
    0x41, 0x91, 0x4B, 0x64, 0xA3, 0x5D, 0x7A, 0xA4, 0x7B, 0x7E, 0xDD, 0xB8, 0xBC, 0xD2, 0x99, 0xAE,
    0xD6, 0xA6, 0xB4, 0xE2, 0xC4, 0xC2, 0xE2, 0xC4, 0xC2, 0xE2, 0xC4, 0xC2, 0xE2, 0xC4, 0xC2, 0xE2,
    0xC4, 0xC2, 0xE2, 0xC4, 0xC2, 0xE6, 0xCD, 0xC9, 0xF4, 0xEA, 0xE2, 0xEA, 0xD6, 0xD1, 0xE7, 0xCF,
    0xCB, 0xFE, 0xFD, 0xF1, 0xF7, 0xF0, 0xE7, 0xFD, 0xFB, 0xF0, 0xEE, 0xDE, 0xD7, 0xFF, 0xFF, 0xF3,
    0xFE, 0xFC, 0xF1, 0xED, 0xDC, 0xD6, 0xFF, 0xFE, 0xF2, 0xF6, 0xEF, 0xE5, 0xFF, 0xFF, 0xF3, 0xFF,
    0xFF, 0xF3, 0xFF, 0xFF, 0xF3, 0xEC, 0xDA, 0xD4, 0xE2, 0xC4, 0xC2, 0xE2, 0xC4, 0xC2, 0xE2, 0xC4,
    0xC2, 0xE2, 0xC4, 0xC2, 0xE2, 0xC4, 0xC2, 0xE2, 0xC4, 0xC2, 0xE2, 0xC4, 0xC2, 0xE2, 0xC4, 0xC2,
    0xE2, 0xC4, 0xC2, 0xE2, 0xC4, 0xC2, 0xE2, 0xC4, 0xC2, 0xE2, 0xC4, 0xC2, 0xE2, 0xC4, 0xC2, 0xE2,
    0xC4, 0xC2, 0xE2, 0xC4, 0xC2, 0xE2, 0xC4, 0xC2, 0xE2, 0xC4, 0xC2, 0xE2, 0xC4, 0xC2, 0xE2, 0xC4,
    0xC2, 0xE2, 0xC4, 0xC2, 0xF1, 0xE4, 0xDC, 0xF6, 0xEE, 0xE5, 0xE8, 0xD1, 0xCC, 0xD1, 0x96, 0xAE,
    0xC9, 0x7D, 0xA4, 0xD5, 0xA3, 0xB3, 0xCF, 0x91, 0xAB, 0x9B, 0x55, 0x70, 0xCC, 0xB4, 0xB1, 0xB0,
    0x90, 0x8F, 0x8E, 0x48, 0x60, 0x87, 0x41, 0x56, 0x8D, 0x47, 0x5F, 0x99, 0x53, 0x6E, 0x8D, 0x47,
    0x5F, 0x79, 0x30, 0x41, 0x79, 0x30, 0x41, 0x79, 0x30, 0x41, 0x79, 0x30, 0x41, 0x85, 0x3E, 0x54,
    0xB5, 0x86, 0x91, 0xD8, 0xBB, 0xB9, 0xA2, 0x8C, 0x8B, 0x44, 0x1B, 0x27, 0x74, 0x2E, 0x3E, 0x5E,
    0x25, 0x34, 0x57, 0x22, 0x30, 0x81, 0x3A, 0x4E, 0x89, 0x4A, 0x62, 0x31, 0x14, 0x1F, 0x5B, 0x24,
    0x32, 0x0C, 0x0A, 0x15, 0x2D, 0x12, 0x1E, 0x61, 0x26, 0x35, 0x43, 0x1A, 0x27, 0x0C, 0x0A, 0x15,
    0x0C, 0x0A, 0x15, 0x0C, 0x0A, 0x15, 0x19, 0x0D, 0x18, 0x53, 0x24, 0x33, 0x94, 0x50, 0x6B, 0x08,
    0x09, 0x14, 0x0C, 0x0A, 0x15, 0x11, 0x0B, 0x16, 0x47, 0x1C, 0x29, 0x0C, 0x0A, 0x15, 0x0C, 0x0A,
    0x15, 0x0C, 0x0A, 0x15, 0x0C, 0x0A, 0x15, 0x78, 0x30, 0x40, 0x49, 0x1C, 0x29, 0x12, 0x0B, 0x16,
    0x0C, 0x0A, 0x15, 0x0C, 0x0A, 0x15, 0x0B, 0x0A, 0x15, 0x43, 0x1A, 0x27, 0x1A, 0x0D, 0x18, 0x0C,
    0x0A, 0x15, 0x5F, 0x25, 0x34, 0x4C, 0x1E, 0x2B, 0x1E, 0x0E, 0x19, 0x6F, 0x2C, 0x3C, 0x79, 0x30,
    0x41, 0x39, 0x17, 0x23, 0x5B, 0x24, 0x32, 0x4F, 0x1F, 0x2C, 0x70, 0x2C, 0x3C, 0x56, 0x22, 0x30,
    0x46, 0x1B, 0x28, 0x6E, 0x2B, 0x3B, 0x44, 0x1B, 0x27, 0x67, 0x28, 0x38, 0x6C, 0x2B, 0x3B, 0x52,
    0x20, 0x2E, 0x46, 0x1B, 0x28, 0x5C, 0x24, 0x33, 0x40, 0x19, 0x25, 0x52, 0x20, 0x2E, 0x66, 0x28,
    0x37, 0x55, 0x21, 0x2F, 0x68, 0x29, 0x38, 0x72, 0x2D, 0x3D, 0x6E, 0x2B, 0x3B, 0x86, 0x3F, 0x55,
    0x8D, 0x47, 0x5F, 0x85, 0x3F, 0x54, 0x98, 0x52, 0x6D, 0x98, 0x52, 0x6D, 0xB4, 0x85, 0x8F, 0xE2,
    0xC4, 0xC2, 0xE0, 0xBF, 0xC0, 0xDD, 0xB7, 0xBC, 0xE2, 0xC4, 0xC2, 0xE2, 0xC4, 0xC2, 0xE2, 0xC4,
    0xC2, 0xE2, 0xC4, 0xC2, 0xE2, 0xC4, 0xC2, 0xE2, 0xC4, 0xC2, 0xE2, 0xC4, 0xC2, 0xE8, 0xD0, 0xCC,
    0xFA, 0xF6, 0xEC, 0xE5, 0xCC, 0xC8, 0xF5, 0xEC, 0xE3, 0xED, 0xDC, 0xD5, 0xF8, 0xF1, 0xE7, 0xFE,
    0xFD, 0xF2, 0xF7, 0xF0, 0xE7, 0xFF, 0xFF, 0xF3, 0xFF, 0xFF, 0xF3, 0xFE, 0xFD, 0xF2, 0xEC, 0xD9,
    0xD3, 0xF7, 0xEF, 0xE5, 0xF6, 0xEF, 0xE5, 0xF6, 0xEF, 0xE5, 0xF6, 0xEF, 0xE5, 0xEC, 0xD9, 0xD3,
    0xE2, 0xC4, 0xC2, 0xE2, 0xC4, 0xC2, 0xE2, 0xC4, 0xC2, 0xE2, 0xC4, 0xC2, 0xE2, 0xC4, 0xC2, 0xE2,
    0xC4, 0xC2, 0xE2, 0xC4, 0xC2, 0xE2, 0xC4, 0xC2, 0xE2, 0xC4, 0xC2, 0xE2, 0xC4, 0xC2, 0xE2, 0xC4,
    0xC2, 0xE2, 0xC4, 0xC2, 0xE2, 0xC4, 0xC2, 0xE2, 0xC4, 0xC2, 0xE2, 0xC4, 0xC2, 0xDC, 0xB6, 0xBB,
    0xDB, 0xB2, 0xB9, 0xE0, 0xC0, 0xC0, 0xE2, 0xC4, 0xC2, 0xE2, 0xC4, 0xC2, 0xE2, 0xC4, 0xC2, 0xDD,
    0xB7, 0xBC, 0xCE, 0x8F, 0xAB, 0xCF, 0x90, 0xAB, 0xCC, 0x86, 0xA7, 0xCF, 0x90, 0xAB, 0x9F, 0x64,
    0x76, 0xD5, 0xC6, 0xBF, 0xB5, 0x9D, 0x9A, 0xA1, 0x5B, 0x78, 0xAB, 0x74, 0x84, 0xBB, 0x7B, 0x96,
    0xC1, 0x76, 0x9C, 0x9C, 0x59, 0x75, 0x6E, 0x2B, 0x3B, 0x79, 0x30, 0x41, 0x79, 0x30, 0x41, 0x79,
    0x30, 0x41, 0x9A, 0x54, 0x70, 0xD2, 0x99, 0xAF, 0xBF, 0xA6, 0xA4, 0x0C, 0x0A, 0x15, 0x39, 0x16,
    0x23, 0x58, 0x22, 0x31, 0x36, 0x16, 0x22, 0x66, 0x28, 0x37, 0x86, 0x48, 0x60, 0xB6, 0x70, 0x93,
    0x3F, 0x19, 0x25, 0x0C, 0x0A, 0x15, 0x20, 0x0F, 0x1A, 0x40, 0x19, 0x26, 0x2C, 0x12, 0x1E, 0x5F,
    0x25, 0x34, 0x0C, 0x0A, 0x15, 0x1B, 0x0D, 0x18, 0x43, 0x1A, 0x27, 0x29, 0x11, 0x1C, 0x7E, 0x38,
    0x4B, 0xA5, 0x66, 0x87, 0x07, 0x08, 0x13, 0x0C, 0x0A, 0x15, 0x16, 0x0C, 0x17, 0x65, 0x28, 0x37,
    0x0C, 0x0A, 0x15, 0x0C, 0x0A, 0x15, 0x0C, 0x0A, 0x15, 0x0C, 0x0A, 0x15, 0x66, 0x28, 0x37, 0x79,
    0x30, 0x41, 0x1D, 0x0E, 0x19, 0x0C, 0x0A, 0x15, 0x0C, 0x0A, 0x15, 0x0A, 0x0A, 0x15, 0x74, 0x2E,
    0x3E, 0x2B, 0x12, 0x1D, 0x0C, 0x0A, 0x15, 0x40, 0x19, 0x26, 0x73, 0x2D, 0x3E, 0x34, 0x15, 0x21,
    0x6F, 0x2C, 0x3C, 0x79, 0x30, 0x41, 0x39, 0x17, 0x23, 0x3D, 0x18, 0x25, 0x61, 0x26, 0x35, 0x75,
    0x2E, 0x3F, 0x79, 0x30, 0x41, 0x6C, 0x2B, 0x3A, 0x74, 0x2E, 0x3F, 0x58, 0x22, 0x30, 0x5E, 0x25,
    0x34, 0x3C, 0x18, 0x24, 0x65, 0x28, 0x37, 0x79, 0x30, 0x41, 0x5B, 0x24, 0x32, 0x2B, 0x12, 0x1D,
    0x0C, 0x0A, 0x15, 0x37, 0x16, 0x22, 0x5B, 0x24, 0x32, 0x67, 0x29, 0x38, 0x5B, 0x24, 0x32, 0x54,
    0x21, 0x2F, 0x8C, 0x4C, 0x65, 0xA3, 0x5C, 0x7A, 0x93, 0x4D, 0x66, 0xB6, 0x6D, 0x90, 0xBF, 0x7D,
    0x9A, 0xD4, 0xA0, 0xB2, 0xDB, 0xB3, 0xBA, 0xD6, 0xA5, 0xB4, 0xD0, 0x95, 0xAD, 0xE2, 0xC4, 0xC2,
    0xE2, 0xC4, 0xC2, 0xE2, 0xC4, 0xC2, 0xE0, 0xC0, 0xC0, 0xDD, 0xB7, 0xBC, 0xE2, 0xC4, 0xC2, 0xE2,
    0xC4, 0xC2, 0xE6, 0xCD, 0xC9, 0xF3, 0xE9, 0xE0, 0xE3, 0xC7, 0xC5, 0xEE, 0xDE, 0xD7, 0xFC, 0xFA,
    0xEF, 0xEC, 0xDB, 0xD5, 0xF6, 0xED, 0xE4, 0xED, 0xDC, 0xD5, 0xFF, 0xFF, 0xF3, 0xFF, 0xFF, 0xF3,
    0xFF, 0xFF, 0xF3, 0xFE, 0xFE, 0xF2, 0xEB, 0xD8, 0xD2, 0xEB, 0xD8, 0xD2, 0xEB, 0xD8, 0xD2, 0xEB,
    0xD8, 0xD2, 0xFF, 0xFE, 0xF3, 0xE3, 0xC5, 0xC3, 0xE2, 0xC4, 0xC2, 0xE2, 0xC4, 0xC2, 0xE2, 0xC4,
    0xC2, 0xE2, 0xC4, 0xC2, 0xE2, 0xC4, 0xC2, 0xE2, 0xC4, 0xC2, 0xE2, 0xC4, 0xC2, 0xE2, 0xC4, 0xC2,
    0xE2, 0xC4, 0xC2, 0xE2, 0xC4, 0xC2, 0xE2, 0xC4, 0xC2, 0xE2, 0xC4, 0xC2, 0xE2, 0xC4, 0xC2, 0xE2,
    0xC4, 0xC2, 0xCE, 0x8F, 0xAB, 0xC9, 0x7D, 0xA4, 0xDD, 0xB7, 0xBC, 0xDD, 0xB7, 0xBC, 0xE0, 0xC0,
    0xC0, 0xDD, 0xB8, 0xBC, 0xCE, 0x8F, 0xAA, 0xC9, 0x7D, 0xA4, 0xDB, 0xB2, 0xB9, 0xC5, 0x90, 0xA2,
    0xD5, 0xAD, 0xB3, 0xBB, 0x97, 0x98, 0xBD, 0x9A, 0x9A, 0xAC, 0x7B, 0x86, 0x85, 0x3F, 0x54, 0xC8,
    0xAF, 0xAC, 0xCE, 0xA3, 0xAF, 0xAA, 0x63, 0x82, 0x7E, 0x41, 0x58, 0x5D, 0x25, 0x33, 0x79, 0x30,
    0x41, 0x73, 0x2D, 0x3E, 0x7A, 0x3A, 0x4F, 0xAA, 0x62, 0x82, 0xC7, 0x8D, 0xA5, 0xA4, 0x8E, 0x8D,
    0x27, 0x10, 0x1C, 0x3B, 0x17, 0x23, 0x25, 0x10, 0x1B, 0x45, 0x1B, 0x28, 0x54, 0x2B, 0x3B, 0x8E,
    0x57, 0x74, 0xB9, 0x71, 0x94, 0x5C, 0x24, 0x33, 0x0C, 0x0A, 0x15, 0x2F, 0x13, 0x1F, 0x62, 0x26,
    0x35, 0x3F, 0x19, 0x25, 0x0C, 0x0A, 0x15, 0x0C, 0x0A, 0x15, 0x27, 0x10, 0x1C, 0x64, 0x27, 0x36,
    0x49, 0x1C, 0x2A, 0x63, 0x27, 0x36, 0x0B, 0x0A, 0x15, 0x0C, 0x0A, 0x15, 0x0C, 0x0A, 0x15, 0x0C,
    0x0A, 0x15, 0x0C, 0x0A, 0x15, 0x0C, 0x0A, 0x15, 0x0C, 0x0A, 0x15, 0x43, 0x1A, 0x27, 0x0E, 0x0A,
    0x15, 0x0B, 0x0A, 0x15, 0x77, 0x2F, 0x40, 0x1D, 0x0E, 0x19, 0x0C, 0x0A, 0x15, 0x0C, 0x0A, 0x15,
    0x0B, 0x0A, 0x15, 0x63, 0x27, 0x36, 0x25, 0x10, 0x1B, 0x0C, 0x0A, 0x15, 0x71, 0x2D, 0x3D, 0x79,
    0x30, 0x41, 0x34, 0x15, 0x21, 0x5F, 0x25, 0x34, 0x68, 0x29, 0x38, 0x4C, 0x1E, 0x2B, 0x62, 0x26,
    0x35, 0x4D, 0x1E, 0x2B, 0x6F, 0x2C, 0x3C, 0x6D, 0x2B, 0x3B, 0x4F, 0x1F, 0x2C, 0x6D, 0x2B, 0x3B,
    0x6D, 0x2B, 0x3B, 0x3B, 0x17, 0x24, 0x0C, 0x0A, 0x15, 0x57, 0x22, 0x30, 0x74, 0x2E, 0x3E, 0x79,
    0x30, 0x41, 0x4C, 0x1E, 0x2B, 0x0C, 0x0A, 0x15, 0x61, 0x26, 0x35, 0x5D, 0x25, 0x33, 0x43, 0x1A,
    0x27, 0x5E, 0x25, 0x33, 0x68, 0x29, 0x38, 0x5C, 0x24, 0x33, 0x73, 0x2E, 0x3E, 0x68, 0x29, 0x38,
    0x6E, 0x2C, 0x3C, 0xA6, 0x7D, 0x80, 0xDA, 0xB1, 0xB9, 0xCB, 0x85, 0xA7, 0xCE, 0x8F, 0xAB, 0xD0,
    0x95, 0xAD, 0xE2, 0xC4, 0xC2, 0xE2, 0xC4, 0xC2, 0xE2, 0xC4, 0xC2, 0xDE, 0xBB, 0xBD, 0xD4, 0xA1,
    0xB2, 0xE2, 0xC4, 0xC2, 0xE2, 0xC4, 0xC2, 0xE2, 0xC4, 0xC2, 0xE2, 0xC4, 0xC2, 0xE6, 0xCC, 0xC8,
    0xF7, 0xF0, 0xE7, 0xF8, 0xF2, 0xE8, 0xFD, 0xFB, 0xEF, 0xEC, 0xDA, 0xD4, 0xF8, 0xF2, 0xE8, 0xFF,
    0xFF, 0xF3, 0xFF, 0xFE, 0xF2, 0xF8, 0xF1, 0xE7, 0xFF, 0xFF, 0xF3, 0xF8, 0xF1, 0xE7, 0xFF, 0xFF,
    0xF3, 0xFF, 0xFF, 0xF3, 0xF7, 0xF1, 0xE7, 0xFF, 0xFF, 0xF3, 0xE3, 0xC5, 0xC3, 0xE2, 0xC4, 0xC2,
    0xE2, 0xC4, 0xC2, 0xE2, 0xC4, 0xC2, 0xE2, 0xC4, 0xC2, 0xE2, 0xC4, 0xC2, 0xE2, 0xC4, 0xC2, 0xE2,
    0xC4, 0xC2, 0xE2, 0xC4, 0xC2, 0xE2, 0xC4, 0xC2, 0xE2, 0xC4, 0xC2, 0xE2, 0xC4, 0xC2, 0xE2, 0xC4,
    0xC2, 0xE2, 0xC4, 0xC2, 0xE2, 0xC4, 0xC2, 0xCE, 0x8F, 0xAB, 0xC9, 0x7D, 0xA4, 0xD7, 0xA9, 0xB5,
    0xCE, 0x8D, 0xAA, 0xD7, 0xA8, 0xB5, 0xD3, 0x9E, 0xB1, 0xD0, 0x95, 0xAD, 0xD0, 0x95, 0xAD, 0xD8,
    0xAB, 0xB6, 0xB0, 0x7B, 0x8A, 0xC8, 0x9B, 0xA5, 0xE0, 0xBF, 0xBF, 0xA9, 0x80, 0x83, 0xB1, 0x69,
    0x8A, 0xAB, 0x64, 0x84, 0xDD, 0xD1, 0xCB, 0xB9, 0xAD, 0xA7, 0x8A, 0x4D, 0x66, 0x9B, 0x59, 0x76,
    0x79, 0x30, 0x41, 0x79, 0x30, 0x41, 0x69, 0x29, 0x39, 0x87, 0x4F, 0x6A, 0xC3, 0x78, 0x9E, 0x99,
    0x5C, 0x79, 0x27, 0x10, 0x1C, 0x58, 0x22, 0x30, 0x68, 0x29, 0x38, 0x39, 0x16, 0x23, 0x68, 0x29,
    0x38, 0x89, 0x49, 0x62, 0xC9, 0x7D, 0xA4, 0xB4, 0x6F, 0x93, 0x0C, 0x0A, 0x15, 0x20, 0x0E, 0x1A,
    0x3D, 0x18, 0x24, 0x2E, 0x13, 0x1E, 0x60, 0x26, 0x34, 0x1C, 0x0D, 0x19, 0x3F, 0x19, 0x25, 0x0C,
    0x0A, 0x15, 0x25, 0x10, 0x1B, 0x63, 0x27, 0x36, 0x0B, 0x0A, 0x15, 0x0C, 0x0A, 0x15, 0x13, 0x0B,
    0x16, 0x43, 0x1A, 0x27, 0x42, 0x1A, 0x26, 0x0C, 0x0A, 0x15, 0x0C, 0x0A, 0x15, 0x0C, 0x0A, 0x15,
    0x69, 0x29, 0x39, 0x11, 0x0B, 0x16, 0x0B, 0x0A, 0x15, 0x77, 0x2F, 0x40, 0x1D, 0x0E, 0x19, 0x0B,
    0x0A, 0x15, 0x3F, 0x19, 0x25, 0x42, 0x1A, 0x26, 0x17, 0x0C, 0x17, 0x3E, 0x18, 0x25, 0x19, 0x0D,
    0x18, 0x62, 0x26, 0x35, 0x77, 0x2F, 0x40, 0x34, 0x15, 0x21, 0x0C, 0x0A, 0x15, 0x3B, 0x17, 0x24,
    0x63, 0x27, 0x36, 0x4C, 0x1E, 0x2B, 0x70, 0x2C, 0x3C, 0x79, 0x30, 0x41, 0x3F, 0x19, 0x25, 0x5B,
    0x24, 0x32, 0x75, 0x2E, 0x3F, 0x56, 0x22, 0x30, 0x25, 0x10, 0x1B, 0x37, 0x16, 0x22, 0x27, 0x10,
    0x1C, 0x57, 0x22, 0x30, 0x69, 0x29, 0x39, 0x53, 0x20, 0x2E, 0x41, 0x1A, 0x26, 0x5C, 0x24, 0x33,
    0x69, 0x29, 0x39, 0x69, 0x29, 0x39, 0x70, 0x2C, 0x3C, 0x73, 0x2D, 0x3E, 0x6F, 0x2C, 0x3C, 0x69,
    0x29, 0x39, 0x41, 0x1A, 0x26, 0x68, 0x33, 0x46, 0xB0, 0x7D, 0x8B, 0xD8, 0xAB, 0xB6, 0xD6, 0xA5,
    0xB4, 0xDD, 0xB8, 0xBC, 0xD5, 0xA4, 0xB3, 0xE2, 0xC4, 0xC2, 0xE2, 0xC4, 0xC2, 0xE2, 0xC4, 0xC2,
    0xE2, 0xC4, 0xC2, 0xE2, 0xC4, 0xC2, 0xE2, 0xC4, 0xC2, 0xE2, 0xC4, 0xC2, 0xE2, 0xC4, 0xC2, 0xE2,
    0xC4, 0xC2, 0xE2, 0xC4, 0xC2, 0xE2, 0xC4, 0xC2, 0xE5, 0xCB, 0xC7, 0xF9, 0xF3, 0xE9, 0xFC, 0xFA,
    0xEF, 0xE5, 0xCA, 0xC7, 0xFF, 0xFF, 0xF3, 0xFE, 0xFD, 0xF1, 0xEB, 0xD8, 0xD2, 0xFE, 0xFE, 0xF2,
    0xEB, 0xD7, 0xD1, 0xFF, 0xFF, 0xF3, 0xF8, 0xF1, 0xE7, 0xEA, 0xD6, 0xD1, 0xFF, 0xFF, 0xF3, 0xEB,
    0xD7, 0xD1, 0xE2, 0xC5, 0xC2, 0xE2, 0xC4, 0xC2, 0xE2, 0xC4, 0xC2, 0xE2, 0xC4, 0xC2, 0xE2, 0xC4,
    0xC2, 0xE2, 0xC4, 0xC2, 0xDC, 0xB6, 0xBB, 0xDC, 0xB5, 0xBB, 0xE1, 0xC2, 0xC1, 0xE2, 0xC4, 0xC2,
    0xE2, 0xC4, 0xC2, 0xE2, 0xC4, 0xC2, 0xE2, 0xC4, 0xC2, 0xE2, 0xC4, 0xC2, 0xD4, 0xA0, 0xB1, 0xCB,
    0x82, 0xA6, 0xC9, 0x7D, 0xA4, 0xC9, 0x7D, 0xA4, 0xC9, 0x7D, 0xA4, 0xD7, 0xA8, 0xB5, 0xDC, 0xB5,
    0xBB, 0xE0, 0xC0, 0xC0, 0xD1, 0x97, 0xAE, 0xBE, 0x74, 0x98, 0xC8, 0x89, 0xA4, 0xD8, 0xAA, 0xB6,
    0xA5, 0x77, 0x7F, 0xA4, 0x5D, 0x7B, 0xCD, 0x99, 0xAE, 0xE1, 0xCD, 0xCD, 0xB8, 0xB5, 0xAD, 0x76,
    0x70, 0x6D, 0x5D, 0x24, 0x33, 0x79, 0x30, 0x41, 0x73, 0x2E, 0x3E, 0x7B, 0x3A, 0x4E, 0xA9, 0x62,
    0x81, 0xB0, 0x6A, 0x8B, 0x5E, 0x25, 0x34, 0x58, 0x22, 0x30, 0x79, 0x30, 0x41, 0x68, 0x29, 0x38,
    0x0C, 0x0A, 0x15, 0x23, 0x0F, 0x1B, 0x6F, 0x3D, 0x53, 0xB6, 0x6E, 0x91, 0x9D, 0x61, 0x80, 0x0C,
    0x0A, 0x15, 0x39, 0x17, 0x23, 0x6E, 0x2B, 0x3B, 0x0C, 0x0A, 0x15, 0x0C, 0x0A, 0x15, 0x2B, 0x12,
    0x1D, 0x62, 0x26, 0x35, 0x0C, 0x0A, 0x15, 0x0C, 0x0A, 0x15, 0x0C, 0x0A, 0x15, 0x16, 0x0C, 0x17,
    0x3F, 0x19, 0x25, 0x1B, 0x0D, 0x18, 0x69, 0x29, 0x39, 0x68, 0x29, 0x38, 0x41, 0x19, 0x26, 0x0C,
    0x0A, 0x15, 0x0C, 0x0A, 0x15, 0x0C, 0x0A, 0x15, 0x0C, 0x0A, 0x15, 0x3F, 0x19, 0x25, 0x69, 0x29,
    0x39, 0x19, 0x0D, 0x18, 0x0A, 0x0A, 0x15, 0x75, 0x2E, 0x3F, 0x6B, 0x2A, 0x3A, 0x23, 0x0F, 0x1B,
    0x64, 0x27, 0x37, 0x28, 0x11, 0x1C, 0x0C, 0x0A, 0x15, 0x62, 0x27, 0x36, 0x49, 0x1C, 0x29, 0x1D,
    0x0E, 0x19, 0x6E, 0x2B, 0x3B, 0x4F, 0x1F, 0x2C, 0x63, 0x27, 0x36, 0x76, 0x2F, 0x3F, 0x6E, 0x2B,
    0x3B, 0x37, 0x16, 0x22, 0x37, 0x16, 0x22, 0x6D, 0x2B, 0x3B, 0x6F, 0x2C, 0x3C, 0x4F, 0x1F, 0x2C,
    0x6B, 0x2A, 0x3A, 0x58, 0x22, 0x30, 0x26, 0x10, 0x1C, 0x0C, 0x0A, 0x15, 0x62, 0x27, 0x36, 0x79,
    0x30, 0x41, 0x5B, 0x24, 0x32, 0x29, 0x11, 0x1D, 0x32, 0x14, 0x20, 0x5C, 0x24, 0x33, 0x67, 0x29,
    0x38, 0x5B, 0x24, 0x32, 0x83, 0x3D, 0x51, 0x93, 0x4D, 0x66, 0xA8, 0x61, 0x80, 0xC9, 0x7D, 0xA4,
    0xD1, 0x98, 0xAE, 0xE2, 0xC4, 0xC2, 0xE2, 0xC4, 0xC2, 0xE0, 0xC0, 0xC0, 0xDE, 0xBA, 0xBD, 0xE2,
    0xC4, 0xC2, 0xE2, 0xC4, 0xC2, 0xE2, 0xC4, 0xC2, 0xE2, 0xC4, 0xC2, 0xE2, 0xC4, 0xC2, 0xE2, 0xC4,
    0xC2, 0xE2, 0xC4, 0xC2, 0xE2, 0xC4, 0xC2, 0xE2, 0xC4, 0xC2, 0xE2, 0xC4, 0xC2, 0xE2, 0xC4, 0xC2,
    0xE6, 0xCC, 0xC9, 0xFD, 0xFB, 0xF0, 0xEB, 0xD8, 0xD2, 0xF8, 0xF2, 0xE8, 0xF9, 0xF3, 0xE9, 0xFF,
    0xFE, 0xF3, 0xF8, 0xF2, 0xE8, 0xFF, 0xFF, 0xF3, 0xF8, 0xF1, 0xE8, 0xEA, 0xD5, 0xD0, 0xF8, 0xF2,
    0xE8, 0xFF, 0xFF, 0xF3, 0xFF, 0xFF, 0xF3, 0xEA, 0xD6, 0xD1, 0xEA, 0xD5, 0xD0, 0xEA, 0xD5, 0xD0,
    0xE2, 0xC5, 0xC3, 0xE2, 0xC4, 0xC2, 0xE2, 0xC4, 0xC2, 0xD2, 0x99, 0xAF, 0xD0, 0x93, 0xAC, 0xE0,
    0xBE, 0xBF, 0xE2, 0xC4, 0xC2, 0xE2, 0xC4, 0xC2, 0xE2, 0xC4, 0xC2, 0xE2, 0xC4, 0xC2, 0xE2, 0xC4,
    0xC2, 0xDD, 0xB9, 0xBC, 0xCD, 0x8C, 0xA9, 0xC9, 0x7D, 0xA4, 0xC9, 0x7D, 0xA4, 0xC9, 0x7D, 0xA4,
    0xC9, 0x7D, 0xA4, 0xC9, 0x7D, 0xA4, 0xD7, 0xA7, 0xB5, 0xCF, 0x91, 0xAB, 0x99, 0x53, 0x6E, 0xC7,
    0xA5, 0xA5, 0xD2, 0x9A, 0xAF, 0xA9, 0x62, 0x81, 0x83, 0x3D, 0x51, 0xD3, 0xC5, 0xBE, 0xB9, 0xA3,
    0xA0, 0xC4, 0xB5, 0xAF, 0xC3, 0xB4, 0xAE, 0x79, 0x30, 0x41, 0x79, 0x30, 0x41, 0x61, 0x26, 0x35,
    0x84, 0x5D, 0x6E, 0xCD, 0x8C, 0xA9, 0xA7, 0x67, 0x88, 0x3F, 0x19, 0x25, 0x6A, 0x2A, 0x39, 0x6A,
    0x2A, 0x39, 0x60, 0x26, 0x35, 0x40, 0x19, 0x25, 0x53, 0x21, 0x2E, 0x79, 0x30, 0x41, 0x6B, 0x2A,
    0x3A, 0x0C, 0x0A, 0x15, 0x1F, 0x0E, 0x19, 0x4B, 0x1D, 0x2A, 0x60, 0x26, 0x35, 0x0C, 0x0A, 0x15,
    0x1C, 0x0D, 0x18, 0x3B, 0x17, 0x23, 0x0C, 0x0A, 0x15, 0x0C, 0x0A, 0x15, 0x18, 0x0C, 0x17, 0x3D,
    0x18, 0x24, 0x21, 0x0F, 0x1A, 0x67, 0x28, 0x38, 0x0A, 0x0A, 0x15, 0x0C, 0x0A, 0x15, 0x19, 0x0D,
    0x18, 0x78, 0x30, 0x40, 0x0C, 0x0A, 0x15, 0x0C, 0x0A, 0x15, 0x0C, 0x0A, 0x15, 0x0C, 0x0A, 0x15,
    0x78, 0x30, 0x40, 0x19, 0x0D, 0x18, 0x0C, 0x0A, 0x15, 0x0A, 0x0A, 0x15, 0x68, 0x29, 0x38, 0x21,
    0x0F, 0x1A, 0x0C, 0x0A, 0x15, 0x0C, 0x0A, 0x15, 0x3A, 0x17, 0x23, 0x3E, 0x18, 0x25, 0x3E, 0x18,
    0x25, 0x72, 0x2D, 0x3D, 0x4D, 0x1E, 0x2B, 0x64, 0x27, 0x37, 0x76, 0x2F, 0x40, 0x3B, 0x17, 0x23,
    0x6C, 0x2B, 0x3A, 0x51, 0x1F, 0x2D, 0x3E, 0x18, 0x25, 0x62, 0x26, 0x35, 0x75, 0x2E, 0x3F, 0x44,
    0x1B, 0x27, 0x5B, 0x23, 0x32, 0x75, 0x2E, 0x3F, 0x70, 0x2C, 0x3C, 0x51, 0x1F, 0x2D, 0x26, 0x10,
    0x1B, 0x57, 0x22, 0x30, 0x74, 0x2E, 0x3E, 0x79, 0x30, 0x41, 0x5B, 0x24, 0x32, 0x5C, 0x24, 0x32,
    0x71, 0x2D, 0x3D, 0x74, 0x2E, 0x3E, 0x71, 0x2C, 0x3D, 0x95, 0x50, 0x6A, 0xC0, 0x75, 0x9A, 0xC4,
    0x79, 0x9F, 0xC1, 0x7D, 0x9C, 0xD5, 0xA4, 0xB3, 0xE2, 0xC4, 0xC2, 0xE0, 0xC0, 0xC0, 0xD9, 0xAD,
    0xB7, 0xD4, 0xA1, 0xB2, 0xE2, 0xC4, 0xC2, 0xE2, 0xC4, 0xC2, 0xE2, 0xC4, 0xC2, 0xE2, 0xC4, 0xC2,
    0xE2, 0xC4, 0xC2, 0xE2, 0xC4, 0xC2, 0xE2, 0xC4, 0xC2, 0xE2, 0xC4, 0xC2, 0xE2, 0xC4, 0xC2, 0xE2,
    0xC4, 0xC2, 0xE2, 0xC4, 0xC2, 0xE5, 0xCA, 0xC7, 0xF9, 0xF3, 0xE9, 0xF7, 0xF0, 0xE6, 0xE9, 0xD3,
    0xCE, 0xE4, 0xC8, 0xC6, 0xFE, 0xFD, 0xF1, 0xE3, 0xC6, 0xC4, 0xFE, 0xFE, 0xF2, 0xE3, 0xC5, 0xC3,
    0xFF, 0xFE, 0xF3, 0xEA, 0xD4, 0xCF, 0xF8, 0xF2, 0xE8, 0xFF, 0xFF, 0xF3, 0xF9, 0xF3, 0xE9, 0xFF,
    0xFF, 0xF3, 0xF9, 0xF4, 0xE9, 0xE4, 0xC7, 0xC5, 0xE2, 0xC4, 0xC2, 0xE2, 0xC4, 0xC2, 0xE2, 0xC4,
    0xC2, 0xE2, 0xC4, 0xC2, 0xDD, 0xB8, 0xBC, 0xDC, 0xB6, 0xBB, 0xDC, 0xB6, 0xBB, 0xDC, 0xB6, 0xBB,
    0xE1, 0xC2, 0xC1, 0xDE, 0xB9, 0xBD, 0xCD, 0x8B, 0xA9, 0xCE, 0x8E, 0xAA, 0xCA, 0x82, 0xA6, 0xC9,
    0x7D, 0xA4, 0xC9, 0x7D, 0xA4, 0xC9, 0x7D, 0xA4, 0xCE, 0x8C, 0xAA, 0xCB, 0x84, 0xA6, 0xCD, 0x8C,
    0xA9, 0x9C, 0x5E, 0x72, 0xB8, 0x94, 0x95, 0xCB, 0x91, 0xA8, 0xC0, 0x75, 0x9A, 0xA7, 0x6E, 0x80,
    0xC7, 0x9F, 0xA4, 0xBE, 0x9E, 0xA0, 0x8E, 0x62, 0x66, 0x79, 0x30, 0x41, 0x79, 0x30, 0x41, 0x74,
    0x2E, 0x3E, 0x6A, 0x33, 0x46, 0xA3, 0x85, 0x8B, 0xD3, 0xAC, 0xB3, 0x94, 0x5B, 0x79, 0x3E, 0x25,
    0x35, 0x58, 0x35, 0x49, 0x23, 0x0F, 0x1B, 0x54, 0x21, 0x2F, 0x79, 0x30, 0x41, 0x80, 0x39, 0x4C,
    0x89, 0x45, 0x5C, 0x5F, 0x25, 0x34, 0x0C, 0x0A, 0x15, 0x34, 0x15, 0x20, 0x60, 0x26, 0x35, 0x0C,
    0x0A, 0x15, 0x1C, 0x0D, 0x18, 0x48, 0x1C, 0x29, 0x63, 0x27, 0x36, 0x0C, 0x0A, 0x15, 0x0C, 0x0A,
    0x15, 0x26, 0x10, 0x1C, 0x66, 0x28, 0x37, 0x0B, 0x0A, 0x15, 0x0C, 0x0A, 0x15, 0x12, 0x0B, 0x16,
    0x3D, 0x18, 0x24, 0x16, 0x0C, 0x17, 0x6A, 0x2A, 0x39, 0x0C, 0x0A, 0x15, 0x0C, 0x0A, 0x15, 0x0C,
    0x0A, 0x15, 0x0C, 0x0A, 0x15, 0x6B, 0x2A, 0x3A, 0x17, 0x0C, 0x17, 0x3B, 0x17, 0x23, 0x12, 0x0B,
    0x16, 0x3A, 0x17, 0x23, 0x14, 0x0C, 0x17, 0x0C, 0x0A, 0x15, 0x0B, 0x0A, 0x15, 0x72, 0x2D, 0x3D,
    0x79, 0x30, 0x41, 0x79, 0x30, 0x41, 0x79, 0x30, 0x41, 0x6E, 0x2C, 0x3C, 0x48, 0x1C, 0x29, 0x64,
    0x27, 0x37, 0x49, 0x1D, 0x2A, 0x64, 0x27, 0x36, 0x6C, 0x2A, 0x3A, 0x76, 0x2F, 0x3F, 0x41, 0x19,
    0x26, 0x5D, 0x24, 0x33, 0x4E, 0x1E, 0x2C, 0x3C, 0x18, 0x24, 0x60, 0x26, 0x34, 0x40, 0x19, 0x26,
    0x59, 0x23, 0x31, 0x51, 0x20, 0x2D, 0x26, 0x10, 0x1B, 0x61, 0x26, 0x35, 0x79, 0x30, 0x41, 0x71,
    0x2D, 0x3D, 0x54, 0x21, 0x2F, 0x5B, 0x24, 0x32, 0x66, 0x28, 0x38, 0x67, 0x32, 0x44, 0x90, 0x4A,
    0x63, 0xA7, 0x60, 0x7F, 0xB8, 0x6F, 0x92, 0xB1, 0x84, 0x8C, 0xE2, 0xC4, 0xC2, 0xE2, 0xC4, 0xC2,
    0xDD, 0xB7, 0xBC, 0xD4, 0xA1, 0xB2, 0xE2, 0xC4, 0xC2, 0xE1, 0xC1, 0xC0, 0xDE, 0xBA, 0xBD, 0xE2,
    0xC4, 0xC2, 0xE2, 0xC4, 0xC2, 0xE2, 0xC4, 0xC2, 0xE2, 0xC4, 0xC2, 0xE2, 0xC4, 0xC2, 0xE2, 0xC4,
    0xC2, 0xE2, 0xC4, 0xC2, 0xE2, 0xC4, 0xC2, 0xE2, 0xC4, 0xC2, 0xE2, 0xC4, 0xC2, 0xE2, 0xC4, 0xC2,
    0xE5, 0xCA, 0xC7, 0xFD, 0xFB, 0xF0, 0xE4, 0xC8, 0xC5, 0xFE, 0xFD, 0xF2, 0xE9, 0xD4, 0xCF, 0xF9,
    0xF3, 0xE9, 0xE9, 0xD4, 0xCF, 0xF9, 0xF4, 0xE9, 0xFF, 0xFF, 0xF3, 0xE9, 0xD4, 0xCF, 0xF9, 0xF3,
    0xE9, 0xE9, 0xD4, 0xCF, 0xF8, 0xF2, 0xE8, 0xEA, 0xD5, 0xD0, 0xE2, 0xC5, 0xC3, 0xE2, 0xC4, 0xC2,
    0xE2, 0xC4, 0xC2, 0xE2, 0xC4, 0xC2, 0xE2, 0xC4, 0xC2, 0xD2, 0x99, 0xAF, 0xCF, 0x91, 0xAB, 0xCF,
    0x91, 0xAB, 0xCA, 0x81, 0xA5, 0xDE, 0xBA, 0xBD, 0xD3, 0x9D, 0xB0, 0xCA, 0x81, 0xA6, 0xDD, 0xB8,
    0xBC, 0xCF, 0x91, 0xAB, 0xCE, 0x8C, 0xAA, 0xCB, 0x82, 0xA6, 0xC9, 0x7D, 0xA4, 0xDB, 0xB4, 0xBA,
    0xD1, 0x96, 0xAE, 0xD7, 0xA8, 0xB5, 0xB2, 0x89, 0x8E, 0x85, 0x4A, 0x54, 0xB3, 0x6A, 0x8C, 0x9C,
    0x56, 0x72, 0xC4, 0xA1, 0xA1, 0xCB, 0x98, 0xA8, 0xD9, 0xC2, 0xC3, 0xAE, 0x9C, 0x98, 0x71, 0x2D,
    0x3D, 0x79, 0x30, 0x41, 0x61, 0x26, 0x35, 0x86, 0x5D, 0x6F, 0xD6, 0xA6, 0xB4, 0xBA, 0xA1, 0xA0,
    0x0C, 0x0A, 0x15, 0x71, 0x43, 0x5A, 0x9E, 0x5F, 0x7E, 0x45, 0x1B, 0x28, 0x79, 0x30, 0x41, 0x79,
    0x30, 0x41, 0x8B, 0x47, 0x5F, 0x9E, 0x62, 0x81, 0x1F, 0x0E, 0x19, 0x3C, 0x18, 0x24, 0x3C, 0x18,
    0x24, 0x36, 0x16, 0x21, 0x1C, 0x0D, 0x18, 0x48, 0x1C, 0x29, 0x63, 0x27, 0x36, 0x0C, 0x0A, 0x15,
    0x19, 0x0D, 0x18, 0x39, 0x16, 0x22, 0x0C, 0x0A, 0x15, 0x0C, 0x0A, 0x15, 0x0C, 0x0A, 0x15, 0x0C,
    0x0A, 0x15, 0x1C, 0x0D, 0x19, 0x6A, 0x2A, 0x39, 0x0E, 0x0A, 0x15, 0x3C, 0x17, 0x24, 0x0C, 0x0A,
    0x15, 0x0C, 0x0A, 0x15, 0x0C, 0x0A, 0x15, 0x0C, 0x0A, 0x15, 0x0C, 0x0A, 0x15, 0x0A, 0x0A, 0x15,
    0x77, 0x2F, 0x40, 0x1F, 0x0E, 0x19, 0x69, 0x29, 0x39, 0x41, 0x19, 0x26, 0x15, 0x0C, 0x17, 0x0C,
    0x0A, 0x15, 0x66, 0x28, 0x37, 0x6D, 0x2B, 0x3B, 0x6D, 0x2B, 0x3B, 0x6D, 0x2B, 0x3B, 0x30, 0x14,
    0x1F, 0x6E, 0x2B, 0x3B, 0x4C, 0x1E, 0x2B, 0x65, 0x27, 0x37, 0x49, 0x1D, 0x2A, 0x3B, 0x17, 0x23,
    0x6E, 0x2B, 0x3B, 0x51, 0x1F, 0x2D, 0x3B, 0x17, 0x23, 0x61, 0x26, 0x35, 0x75, 0x2F, 0x3F, 0x47,
    0x1C, 0x29, 0x0C, 0x0A, 0x15, 0x30, 0x13, 0x1F, 0x68, 0x29, 0x39, 0x4C, 0x1E, 0x2B, 0x57, 0x22,
    0x30, 0x74, 0x2E, 0x3F, 0x4F, 0x1F, 0x2C, 0x55, 0x21, 0x2F, 0x72, 0x2D, 0x3D, 0x79, 0x30, 0x41,
    0x9E, 0x58, 0x74, 0xC9, 0x7D, 0xA4, 0xC9, 0x7D, 0xA4, 0xC9, 0x7D, 0xA4, 0xD2, 0x99, 0xAF, 0xE2,
    0xC4, 0xC2, 0xE2, 0xC4, 0xC2, 0xE2, 0xC4, 0xC2, 0xE2, 0xC4, 0xC2, 0xE2, 0xC4, 0xC2, 0xDD, 0xB9,
    0xBC, 0xD3, 0x9E, 0xB1, 0xE2, 0xC4, 0xC2, 0xE2, 0xC4, 0xC2, 0xE2, 0xC4, 0xC2, 0xE2, 0xC4, 0xC2,
    0xE2, 0xC4, 0xC2, 0xE1, 0xC2, 0xC1, 0xDE, 0xBA, 0xBD, 0xE2, 0xC4, 0xC2, 0xE2, 0xC4, 0xC2, 0xE2,
    0xC4, 0xC2, 0xE2, 0xC4, 0xC2, 0xE4, 0xC9, 0xC6, 0xF8, 0xF1, 0xE7, 0xE3, 0xC7, 0xC5, 0xFA, 0xF5,
    0xEA, 0xFE, 0xFE, 0xF2, 0xE9, 0xD3, 0xCE, 0xF9, 0xF3, 0xE9, 0xE2, 0xC5, 0xC3, 0xFF, 0xFF, 0xF3,
    0xFF, 0xFF, 0xF3, 0xE9, 0xD3, 0xCE, 0xFE, 0xFE, 0xF2, 0xE3, 0xC6, 0xC4, 0xF8, 0xF2, 0xE8, 0xE4,
    0xC7, 0xC5, 0xE8, 0xD1, 0xCD, 0xE3, 0xC5, 0xC3, 0xE2, 0xC4, 0xC2, 0xE2, 0xC4, 0xC2, 0xE2, 0xC4,
    0xC2, 0xE2, 0xC4, 0xC2, 0xE2, 0xC4, 0xC2, 0xD2, 0x9A, 0xAF, 0xDF, 0xBC, 0xBE, 0xE2, 0xC4, 0xC2,
    0xCE, 0x8F, 0xAB, 0xD9, 0xAD, 0xB7, 0xCE, 0x8D, 0xAA, 0xD8, 0xAC, 0xB7, 0xCE, 0x8F, 0xAB, 0xC9,
    0x7D, 0xA4, 0xCF, 0xA5, 0xAD, 0xCF, 0x9B, 0xAD, 0xC2, 0x7C, 0x9D, 0xD3, 0xA6, 0xB1, 0xAE, 0x7D,
    0x88, 0xB8, 0x6E, 0x91, 0xAB, 0x70, 0x84, 0xBF, 0x9B, 0x9C, 0xB6, 0x98, 0x97, 0x8B, 0x5D, 0x62,
    0x50, 0x1F, 0x2D, 0x50, 0x1F, 0x2D, 0x79, 0x30, 0x41, 0x66, 0x28, 0x38, 0x98, 0x7F, 0x80, 0xDA,
    0xBD, 0xBB, 0xA8, 0x91, 0x90, 0x3C, 0x24, 0x33, 0x66, 0x37, 0x4B, 0x5B, 0x24, 0x32, 0x45, 0x1B,
    0x28, 0x80, 0x38, 0x4C, 0x8F, 0x49, 0x61, 0x7C, 0x3F, 0x55, 0x0C, 0x0A, 0x15, 0x3E, 0x18, 0x25,
    0x76, 0x2F, 0x40, 0x6D, 0x2B, 0x3B, 0x62, 0x26, 0x35, 0x32, 0x14, 0x20, 0x63, 0x27, 0x36, 0x0C,
    0x0A, 0x15, 0x0C, 0x0A, 0x15, 0x2B, 0x12, 0x1D, 0x66, 0x28, 0x37, 0x16, 0x0C, 0x17, 0x38, 0x16,
    0x22, 0x0C, 0x0A, 0x15, 0x13, 0x0B, 0x16, 0x39, 0x17, 0x23, 0x0C, 0x0A, 0x15, 0x17, 0x0C, 0x17,
    0x6C, 0x2A, 0x3A, 0x0C, 0x0A, 0x15, 0x0C, 0x0A, 0x15, 0x0C, 0x0A, 0x15, 0x38, 0x16, 0x22, 0x0E,
    0x0A, 0x15, 0x0A, 0x0A, 0x15, 0x6B, 0x2A, 0x3A, 0x1D, 0x0E, 0x19, 0x0A, 0x0A, 0x15, 0x74, 0x2E,
    0x3F, 0x43, 0x1A, 0x27, 0x16, 0x0C, 0x17, 0x0C, 0x0A, 0x15, 0x0C, 0x0A, 0x15, 0x35, 0x15, 0x21,
    0x39, 0x16, 0x23, 0x39, 0x16, 0x23, 0x70, 0x2C, 0x3D, 0x79, 0x30, 0x41, 0x3B, 0x17, 0x23, 0x6C,
    0x2B, 0x3A, 0x70, 0x2C, 0x3D, 0x6D, 0x2B, 0x3B, 0x76, 0x2F, 0x40, 0x79, 0x30, 0x41, 0x44, 0x1B,
    0x27, 0x5D, 0x24, 0x33, 0x40, 0x19, 0x25, 0x2F, 0x13, 0x1F, 0x5F, 0x25, 0x34, 0x75, 0x2E, 0x3F,
    0x57, 0x22, 0x30, 0x39, 0x16, 0x23, 0x5D, 0x25, 0x33, 0x53, 0x20, 0x2E, 0x39, 0x16, 0x23, 0x53,
    0x20, 0x2E, 0x72, 0x2D, 0x3E, 0xA1, 0x62, 0x78, 0xCE, 0x8F, 0xAA, 0xCC, 0x89, 0xA8, 0xC9, 0x7D,
    0xA4, 0xD2, 0x99, 0xAF, 0xE1, 0xC0, 0xC0, 0xDF, 0xBC, 0xBE, 0xE2, 0xC4, 0xC2, 0xE1, 0xC1, 0xC0,
    0xDF, 0xBC, 0xBE, 0xE2, 0xC4, 0xC2, 0xE2, 0xC4, 0xC2, 0xE2, 0xC4, 0xC2, 0xE1, 0xC2, 0xC1, 0xDE,
    0xBB, 0xBE, 0xE2, 0xC4, 0xC2, 0xE2, 0xC4, 0xC2, 0xDF, 0xBC, 0xBE, 0xD1, 0x96, 0xAE, 0xDE, 0xBA,
    0xBD, 0xE2, 0xC4, 0xC2, 0xE2, 0xC4, 0xC2, 0xE2, 0xC4, 0xC2, 0xE3, 0xC5, 0xC3, 0xE8, 0xD0, 0xCC,
    0xE2, 0xC5, 0xC3, 0xE9, 0xD3, 0xCF, 0xFA, 0xF5, 0xEA, 0xF9, 0xF4, 0xE9, 0xE2, 0xC4, 0xC2, 0xE2,
    0xC5, 0xC3, 0xFF, 0xFF, 0xF3, 0xFA, 0xF5, 0xEA, 0xFA, 0xF5, 0xEA, 0xFA, 0xF5, 0xEA, 0xE3, 0xC6,
    0xC4, 0xE2, 0xC4, 0xC2, 0xE2, 0xC4, 0xC2, 0xF8, 0xF2, 0xE8, 0xE4, 0xC9, 0xC6, 0xE2, 0xC4, 0xC2,
    0xE2, 0xC4, 0xC2, 0xDE, 0xBA, 0xBD, 0xE1, 0xC2, 0xC1, 0xE2, 0xC4, 0xC2, 0xE2, 0xC4, 0xC2, 0xE2,
    0xC4, 0xC2, 0xE2, 0xC4, 0xC2, 0xCE, 0x8F, 0xAB, 0xC9, 0x7D, 0xA4, 0xCD, 0x8B, 0xA9, 0xCA, 0x82,
    0xA6, 0xC9, 0x7D, 0xA4, 0xC9, 0x7D, 0xA4, 0xA1, 0x5B, 0x78, 0xC2, 0x9D, 0x9F, 0xA7, 0x76, 0x80,
    0xB9, 0x6F, 0x92, 0xC9, 0x7D, 0xA4, 0xC1, 0x76, 0x9B, 0xD2, 0xA4, 0xB0, 0xA8, 0x7B, 0x81, 0xCA,
    0xBD, 0xB6, 0xB2, 0x9D, 0x99, 0x6B, 0x36, 0x4A, 0x66, 0x35, 0x48, 0x72, 0x2D, 0x3E, 0x85, 0x4B,
    0x55, 0xB7, 0x93, 0x94, 0xB9, 0xA0, 0x9F, 0x23, 0x0F, 0x1B, 0x7B, 0x47, 0x5F, 0xA1, 0x60, 0x7F,
    0x30, 0x13, 0x1F, 0x45, 0x1B, 0x28, 0x96, 0x50, 0x6A, 0xC4, 0x7A, 0xA0, 0x9F, 0x62, 0x82, 0x1E,
    0x0E, 0x19, 0x49, 0x1D, 0x2A, 0x61, 0x26, 0x35, 0x0C, 0x0A, 0x15, 0x0C, 0x0A, 0x15, 0x1B, 0x0D,
    0x18, 0x34, 0x15, 0x21, 0x0C, 0x0A, 0x15, 0x0C, 0x0A, 0x15, 0x0C, 0x0A, 0x15, 0x0C, 0x0A, 0x15,
    0x27, 0x11, 0x1C, 0x68, 0x29, 0x39, 0x0B, 0x0A, 0x15, 0x20, 0x0E, 0x1A, 0x6B, 0x2A, 0x3A, 0x0A,
    0x0A, 0x15, 0x0C, 0x0A, 0x15, 0x0C, 0x0A, 0x15, 0x0C, 0x0A, 0x15, 0x0C, 0x0A, 0x15, 0x0E, 0x0A,
    0x15, 0x6D, 0x2B, 0x3B, 0x14, 0x0C, 0x17, 0x0C, 0x0A, 0x15, 0x36, 0x15, 0x21, 0x11, 0x0B, 0x16,
    0x0A, 0x0A, 0x15, 0x6A, 0x2A, 0x39, 0x6E, 0x2C, 0x3C, 0x27, 0x11, 0x1C, 0x0C, 0x0A, 0x15, 0x33,
    0x15, 0x20, 0x72, 0x2D, 0x3D, 0x79, 0x30, 0x41, 0x79, 0x30, 0x41, 0x70, 0x2C, 0x3D, 0x77, 0x2F,
    0x40, 0x3B, 0x17, 0x23, 0x6C, 0x2B, 0x3A, 0x3E, 0x18, 0x25, 0x0C, 0x0A, 0x15, 0x60, 0x26, 0x34,
    0x6E, 0x2B, 0x3C, 0x4C, 0x1E, 0x2B, 0x20, 0x0E, 0x19, 0x2E, 0x13, 0x1E, 0x60, 0x26, 0x35, 0x4F,
    0x1F, 0x2C, 0x68, 0x29, 0x38, 0x72, 0x2D, 0x3E, 0x6E, 0x2B, 0x3C, 0x52, 0x20, 0x2E, 0x65, 0x28,
    0x37, 0x79, 0x30, 0x41, 0x65, 0x28, 0x37, 0x58, 0x23, 0x31, 0xA9, 0x7D, 0x83, 0xDE, 0xB9, 0xBD,
    0xD7, 0xA7, 0xB4, 0xCB, 0x83, 0xA6, 0xD5, 0xA2, 0xB2, 0xDC, 0xB5, 0xBB, 0xD4, 0xA1, 0xB2, 0xE2,
    0xC4, 0xC2, 0xDD, 0xB7, 0xBC, 0xD4, 0x9F, 0xB1, 0xE1, 0xC1, 0xC1, 0xDF, 0xBC, 0xBE, 0xE2, 0xC4,
    0xC2, 0xDE, 0xBA, 0xBD, 0xD2, 0x9B, 0xAF, 0xE2, 0xC4, 0xC2, 0xE2, 0xC4, 0xC2, 0xE1, 0xC2, 0xC1,
    0xDB, 0xB3, 0xBA, 0xD1, 0x97, 0xAE, 0xE2, 0xC4, 0xC2, 0xE2, 0xC4, 0xC2, 0xE2, 0xC4, 0xC2, 0xE4,
    0xC9, 0xC6, 0xF8, 0xF2, 0xE8, 0xE4, 0xC7, 0xC5, 0xF9, 0xF3, 0xE9, 0xE2, 0xC4, 0xC2, 0xE8, 0xD1,
    0xCC, 0xE8, 0xD0, 0xCC, 0xE2, 0xC5, 0xC3, 0xFF, 0xFE, 0xF2, 0xE2, 0xC5, 0xC3, 0xE2, 0xC4, 0xC2,
    0xE2, 0xC4, 0xC2, 0xE2, 0xC4, 0xC2, 0xE2, 0xC4, 0xC2, 0xE7, 0xD0, 0xCC, 0xE2, 0xC5, 0xC3, 0xE2,
    0xC4, 0xC2, 0xE2, 0xC4, 0xC2, 0xE2, 0xC4, 0xC2, 0xD1, 0x96, 0xAD, 0xDF, 0xBD, 0xBF, 0xE2, 0xC4,
    0xC2, 0xDE, 0xBB, 0xBE, 0xE1, 0xC2, 0xC1, 0xE2, 0xC4, 0xC2, 0xCE, 0x8F, 0xAB, 0xC9, 0x7D, 0xA4,
    0xD9, 0xAE, 0xB8, 0xCE, 0x8F, 0xAA, 0xC9, 0x7D, 0xA4, 0xC9, 0x7D, 0xA4, 0xC9, 0x7D, 0xA4, 0xA1,
    0x5B, 0x78, 0xB9, 0x70, 0x93, 0xC1, 0x77, 0x9C, 0xC5, 0x7A, 0xA0, 0xA5, 0x5E, 0x7C, 0xAE, 0x66,
    0x87, 0xA5, 0x6A, 0x7D, 0x84, 0x49, 0x53, 0x79, 0x30, 0x41, 0xA2, 0x5E, 0x7C, 0x94, 0x5A, 0x77,
    0x59, 0x23, 0x31, 0xAC, 0x85, 0x87, 0xDB, 0xBE, 0xBC, 0xAB, 0x92, 0x92, 0x50, 0x1F, 0x2D, 0x6E,
    0x2B, 0x3C, 0x6E, 0x2B, 0x3C, 0x61, 0x26, 0x35, 0x52, 0x20, 0x2E, 0x91, 0x4B, 0x64, 0xA4, 0x64,
    0x84, 0x0C, 0x0A, 0x15, 0x3F, 0x19, 0x25, 0x6B, 0x2A, 0x3A, 0x0C, 0x0A, 0x15, 0x1B, 0x0D, 0x18,
    0x32, 0x14, 0x20, 0x33, 0x14, 0x20, 0x67, 0x28, 0x38, 0x33, 0x14, 0x20, 0x0C, 0x0A, 0x15, 0x0C,
    0x0A, 0x15, 0x0C, 0x0A, 0x15, 0x0C, 0x0A, 0x15, 0x0C, 0x0A, 0x15, 0x0C, 0x0A, 0x15, 0x0C, 0x0A,
    0x15, 0x0C, 0x0A, 0x15, 0x0C, 0x0A, 0x15, 0x0F, 0x0B, 0x16, 0x37, 0x16, 0x22, 0x0C, 0x0A, 0x15,
    0x0C, 0x0A, 0x15, 0x0C, 0x0A, 0x15, 0x0C, 0x0A, 0x15, 0x0C, 0x0A, 0x15, 0x0A, 0x0A, 0x15, 0x6D,
    0x2B, 0x3B, 0x1D, 0x0E, 0x19, 0x0C, 0x0A, 0x15, 0x0C, 0x0A, 0x15, 0x0C, 0x0A, 0x15, 0x0C, 0x0A,
    0x15, 0x0C, 0x0A, 0x15, 0x68, 0x29, 0x38, 0x6F, 0x2C, 0x3C, 0x6F, 0x2C, 0x3C, 0x6F, 0x2C, 0x3C,
    0x33, 0x14, 0x20, 0x64, 0x27, 0x37, 0x36, 0x15, 0x21, 0x63, 0x27, 0x36, 0x38, 0x16, 0x22, 0x0C,
    0x0A, 0x15, 0x0C, 0x0A, 0x15, 0x0C, 0x0A, 0x15, 0x5F, 0x25, 0x34, 0x4C, 0x1E, 0x2B, 0x61, 0x26,
    0x35, 0x42, 0x1A, 0x26, 0x64, 0x27, 0x36, 0x79, 0x30, 0x41, 0x4C, 0x1E, 0x2B, 0x0C, 0x0A, 0x15,
    0x6F, 0x37, 0x4A, 0x8B, 0x45, 0x5C, 0x8B, 0x45, 0x5C, 0x81, 0x3C, 0x51, 0x73, 0x2E, 0x3E, 0x9E,
    0x58, 0x74, 0xC9, 0x7D, 0xA4, 0xC9, 0x7D, 0xA4, 0xD1, 0x96, 0xAD, 0xDF, 0xBE, 0xBF, 0xE1, 0xC1,
    0xC1, 0xDF, 0xBD, 0xBF, 0xE2, 0xC4, 0xC2, 0xE2, 0xC4, 0xC2, 0xE2, 0xC4, 0xC2, 0xDD, 0xB8, 0xBC,
    0xD3, 0x9C, 0xB0, 0xE2, 0xC4, 0xC2, 0xE2, 0xC4, 0xC2, 0xE2, 0xC4, 0xC2, 0xE2, 0xC4, 0xC2, 0xE2,
    0xC4, 0xC2, 0xDF, 0xBC, 0xBE, 0xD1, 0x97, 0xAE, 0xE1, 0xC3, 0xC1, 0xDF, 0xBC, 0xBE, 0xE2, 0xC4,
    0xC2, 0xE2, 0xC4, 0xC2, 0xE2, 0xC4, 0xC2, 0xE2, 0xC4, 0xC2, 0xE2, 0xC4, 0xC2, 0xE2, 0xC4, 0xC2,
    0xE3, 0xC6, 0xC4, 0xFB, 0xF7, 0xEC, 0xFF, 0xFE, 0xF2, 0xE2, 0xC5, 0xC3, 0xFA, 0xF6, 0xEB, 0xE2,
    0xC5, 0xC3, 0xE2, 0xC4, 0xC2, 0xE7, 0xCF, 0xCB, 0xE2, 0xC4, 0xC2, 0xE2, 0xC4, 0xC2, 0xF9, 0xF4,
    0xE9, 0xE4, 0xC8, 0xC6, 0xE2, 0xC4, 0xC2, 0xE2, 0xC4, 0xC2, 0xE2, 0xC4, 0xC2, 0xDF, 0xBC, 0xBE,
    0xE1, 0xC3, 0xC1, 0xE2, 0xC4, 0xC2, 0xCE, 0x8D, 0xAA, 0xDE, 0xBA, 0xBD, 0xE2, 0xC4, 0xC2, 0xCE,
    0x8F, 0xAB, 0xC9, 0x7D, 0xA4, 0xC9, 0x7D, 0xA4, 0xCC, 0x89, 0xA8, 0xCA, 0x81, 0xA5, 0xC9, 0x7D,
    0xA4, 0xC9, 0x7D, 0xA4, 0xC9, 0x7D, 0xA4, 0xC2, 0x77, 0x9C, 0x9E, 0x58, 0x74, 0xAF, 0x67, 0x88,
    0xC5, 0x7A, 0xA0, 0x9C, 0x56, 0x72, 0xB9, 0x95, 0x96, 0xA4, 0x7A, 0x7E, 0x79, 0x30, 0x41, 0x59,
    0x23, 0x31, 0x53, 0x20, 0x2E, 0x7F, 0x47, 0x51, 0xB7, 0x92, 0x93, 0xB9, 0x9F, 0x9E, 0x56, 0x22,
    0x30, 0x63, 0x27, 0x36, 0x0C, 0x0A, 0x15, 0x0C, 0x0A, 0x15, 0x5C, 0x47, 0x49, 0x92, 0x6B, 0x6D,
    0x76, 0x2F, 0x40, 0x63, 0x27, 0x36, 0x2E, 0x13, 0x1E, 0x3F, 0x19, 0x25, 0x6B, 0x2A, 0x3A, 0x0C,
    0x0A, 0x15, 0x3B, 0x17, 0x23, 0x6D, 0x2B, 0x3B, 0x0C, 0x0A, 0x15, 0x31, 0x14, 0x20, 0x66, 0x28,
    0x37, 0x0C, 0x0A, 0x15, 0x16, 0x0C, 0x17, 0x32, 0x14, 0x20, 0x0C, 0x0A, 0x15, 0x14, 0x0B, 0x16,
    0x33, 0x14, 0x20, 0x11, 0x0B, 0x16, 0x34, 0x15, 0x21, 0x0C, 0x0A, 0x15, 0x17, 0x0C, 0x17, 0x6E,
    0x2B, 0x3B, 0x0E, 0x0A, 0x15, 0x35, 0x15, 0x21, 0x0C, 0x0A, 0x15, 0x0C, 0x0A, 0x15, 0x0C, 0x0A,
    0x15, 0x0C, 0x0A, 0x15, 0x32, 0x14, 0x20, 0x10, 0x0B, 0x16, 0x0C, 0x0A, 0x15, 0x31, 0x14, 0x1F,
    0x13, 0x0B, 0x16, 0x0C, 0x0A, 0x15, 0x0C, 0x0A, 0x15, 0x0C, 0x0A, 0x15, 0x0C, 0x0A, 0x15, 0x0C,
    0x0A, 0x15, 0x0C, 0x0A, 0x15, 0x0C, 0x0A, 0x15, 0x0C, 0x0A, 0x15, 0x0C, 0x0A, 0x15, 0x0C, 0x0A,
    0x15, 0x2D, 0x12, 0x1E, 0x1B, 0x0D, 0x18, 0x0C, 0x0A, 0x15, 0x0C, 0x0A, 0x15, 0x0C, 0x0A, 0x15,
    0x5F, 0x25, 0x34, 0x41, 0x1A, 0x26, 0x2A, 0x12, 0x1D, 0x60, 0x26, 0x35, 0x76, 0x2F, 0x3F, 0x55,
    0x21, 0x2F, 0x33, 0x14, 0x20, 0x98, 0x5D, 0x7B, 0xBD, 0x74, 0x99, 0xBF, 0x75, 0x9A, 0x98, 0x5C,
    0x7A, 0x4F, 0x1F, 0x2C, 0x9E, 0x58, 0x74, 0xCB, 0x83, 0xA6, 0xCD, 0x8B, 0xA9, 0xCD, 0x8B, 0xA9,
    0xD4, 0xA1, 0xB2, 0xDC, 0xB4, 0xBB, 0xD4, 0xA0, 0xB1, 0xE2, 0xC4, 0xC2, 0xE2, 0xC4, 0xC2, 0xE1,
    0xC2, 0xC1, 0xDF, 0xBD, 0xBF, 0xE2, 0xC4, 0xC2, 0xE2, 0xC4, 0xC2, 0xE2, 0xC4, 0xC2, 0xE2, 0xC4,
    0xC2, 0xE1, 0xC2, 0xC1, 0xDF, 0xBD, 0xBE, 0xE1, 0xC3, 0xC1, 0xDE, 0xBB, 0xBE, 0xDC, 0xB5, 0xBB,
    0xD0, 0x93, 0xAC, 0xDF, 0xBC, 0xBE, 0xE2, 0xC4, 0xC2, 0xE2, 0xC4, 0xC2, 0xE2, 0xC4, 0xC2, 0xE2,
    0xC4, 0xC2, 0xE2, 0xC4, 0xC2, 0xE2, 0xC4, 0xC2, 0xE3, 0xC6, 0xC3, 0xFA, 0xF6, 0xEC, 0xE2, 0xC4,
    0xC2, 0xE2, 0xC4, 0xC2, 0xE2, 0xC4, 0xC2, 0xE2, 0xC4, 0xC2, 0xFA, 0xF6, 0xEB, 0xE3, 0xC6, 0xC4,
    0xE2, 0xC4, 0xC2, 0xE2, 0xC4, 0xC2, 0xE2, 0xC4, 0xC2, 0xE2, 0xC4, 0xC2, 0xE2, 0xC4, 0xC2, 0xE2,
    0xC4, 0xC2, 0xCD, 0x89, 0xA8, 0xDF, 0xBC, 0xBE, 0xDF, 0xBD, 0xBE, 0xCD, 0x8A, 0xA9, 0xDB, 0xB2,
    0xB9, 0xDE, 0xBB, 0xBE, 0xCE, 0x8D, 0xAA, 0xC9, 0x7D, 0xA4, 0xC9, 0x7D, 0xA4, 0xD9, 0xAF, 0xB8,
    0xCF, 0x90, 0xAB, 0xC9, 0x7D, 0xA4, 0xC9, 0x7D, 0xA4, 0xC9, 0x7D, 0xA4, 0xA1, 0x5A, 0x77, 0xB0,
    0x68, 0x89, 0x9E, 0x58, 0x74, 0xAF, 0x67, 0x88, 0x97, 0x51, 0x6C, 0x79, 0x30, 0x41, 0x79, 0x30,
    0x41, 0x79, 0x30, 0x41, 0x79, 0x30, 0x41, 0x5F, 0x25, 0x34, 0x96, 0x82, 0x81, 0xDC, 0xBF, 0xBD,
    0xB5, 0x95, 0x95, 0x7A, 0x36, 0x49, 0x71, 0x37, 0x4A, 0x1F, 0x0E, 0x19, 0x33, 0x14, 0x20, 0x9A,
    0x94, 0x8F, 0xE1, 0xD5, 0xCE, 0x76, 0x3A, 0x4E, 0x3D, 0x18, 0x24, 0x6A, 0x2E, 0x40, 0x5E, 0x33,
    0x45, 0x66, 0x28, 0x37, 0x2D, 0x13, 0x1E, 0x36, 0x15, 0x21, 0x6B, 0x2E, 0x3F, 0x4F, 0x2F, 0x42,
    0x0C, 0x0A, 0x15, 0x17, 0x0C, 0x17, 0x2F, 0x13, 0x1F, 0x2C, 0x12, 0x1E, 0x69, 0x29, 0x39, 0x0B,
    0x0A, 0x15, 0x26, 0x10, 0x1B, 0x6C, 0x2A, 0x3A, 0x20, 0x0E, 0x1A, 0x6D, 0x2B, 0x3B, 0x0A, 0x0A,
    0x15, 0x0C, 0x0A, 0x15, 0x0E, 0x0A, 0x15, 0x35, 0x15, 0x21, 0x70, 0x2C, 0x3C, 0x0C, 0x0A, 0x15,
    0x0C, 0x0A, 0x15, 0x0C, 0x0A, 0x15, 0x0A, 0x0A, 0x15, 0x6F, 0x2C, 0x3C, 0x1E, 0x0E, 0x19, 0x0A,
    0x0A, 0x15, 0x6D, 0x2B, 0x3B, 0x3B, 0x17, 0x23, 0x13, 0x0B, 0x16, 0x0C, 0x0A, 0x15, 0x0C, 0x0A,
    0x15, 0x2D, 0x12, 0x1E, 0x16, 0x0C, 0x17, 0x0C, 0x0A, 0x15, 0x2C, 0x12, 0x1E, 0x18, 0x0C, 0x17,
    0x0C, 0x0A, 0x15, 0x0C, 0x0A, 0x15, 0x64, 0x27, 0x36, 0x3B, 0x17, 0x23, 0x0C, 0x0A, 0x15, 0x2A,
    0x11, 0x1D, 0x1C, 0x0D, 0x18, 0x0C, 0x0A, 0x15, 0x0C, 0x0A, 0x15, 0x65, 0x28, 0x37, 0x52, 0x20,
    0x2E, 0x60, 0x26, 0x35, 0x71, 0x2D, 0x3D, 0x71, 0x2D, 0x3D, 0x49, 0x1C, 0x29, 0x60, 0x26, 0x34,
    0x79, 0x30, 0x41, 0x63, 0x27, 0x36, 0x51, 0x20, 0x2D, 0x9D, 0x5F, 0x76, 0xD4, 0x9F, 0xB1, 0xDF,
    0xBC, 0xBE, 0xE0, 0xBF, 0xBF, 0xE2, 0xC4, 0xC2, 0xE2, 0xC4, 0xC2, 0xE1, 0xC2, 0xC1, 0xE0, 0xBE,
    0xBF, 0xE2, 0xC4, 0xC2, 0xDD, 0xB7, 0xBC, 0xD2, 0x9C, 0xB0, 0xE2, 0xC4, 0xC2, 0xE2, 0xC4, 0xC2,
    0xE1, 0xC2, 0xC1, 0xDF, 0xBE, 0xBF, 0xDE, 0xBB, 0xBD, 0xD0, 0x95, 0xAD, 0xDB, 0xB3, 0xBA, 0xC9,
    0x7D, 0xA4, 0xCD, 0x8A, 0xA9, 0xDF, 0xBE, 0xBF, 0xCF, 0x91, 0xAB, 0xDF, 0xBD, 0xBF, 0xE2, 0xC4,
    0xC2, 0xE2, 0xC4, 0xC2, 0xE2, 0xC4, 0xC2, 0xE2, 0xC4, 0xC2, 0xE2, 0xC4, 0xC2, 0xE2, 0xC4, 0xC2,
    0xE2, 0xC4, 0xC2, 0xE6, 0xCE, 0xCA, 0xE2, 0xC4, 0xC2, 0xE2, 0xC4, 0xC2, 0xE2, 0xC4, 0xC2, 0xE6,
    0xCE, 0xCA, 0xE2, 0xC4, 0xC2, 0xE2, 0xC4, 0xC2, 0xE2, 0xC4, 0xC2, 0xE2, 0xC4, 0xC2, 0xE2, 0xC4,
    0xC2, 0xE2, 0xC4, 0xC2, 0xE2, 0xC4, 0xC2, 0xD0, 0x93, 0xAC, 0xDF, 0xBD, 0xBF, 0xD0, 0x95, 0xAD,
    0xCD, 0x8A, 0xA9, 0xCD, 0x8A, 0xA9, 0xCA, 0x80, 0xA5, 0xC9, 0x7D, 0xA4, 0xC9, 0x7D, 0xA4, 0xCC,
    0x87, 0xA8, 0xCA, 0x80, 0xA5, 0xC9, 0x7D, 0xA4, 0xC9, 0x7D, 0xA4, 0xC9, 0x7D, 0xA4, 0xC9, 0x7D,
    0xA4, 0xC9, 0x7D, 0xA4, 0xA1, 0x5A, 0x77, 0xB7, 0x6E, 0x90, 0x9B, 0x55, 0x70, 0x83, 0x3C, 0x51,
    0x7F, 0x37, 0x4B, 0x83, 0x3C, 0x50, 0x7F, 0x38, 0x4B, 0x79, 0x30, 0x41, 0x6F, 0x40, 0x48, 0xA7,
    0x94, 0x92, 0xB9, 0xA5, 0xA2, 0x1F, 0x0E, 0x19, 0x7C, 0x4A, 0x63, 0x9D, 0x60, 0x7F, 0x52, 0x20,
    0x2E, 0x80, 0x42, 0x4E, 0xAD, 0x83, 0x88, 0xD5, 0xAB, 0xB4, 0xA3, 0x64, 0x84, 0x31, 0x14, 0x1F,
    0x6D, 0x40, 0x56, 0xA5, 0x66, 0x87, 0x39, 0x17, 0x23, 0x67, 0x28, 0x38, 0x2C, 0x12, 0x1D, 0x5D,
    0x37, 0x4B, 0xAF, 0x6B, 0x8D, 0x0C, 0x0A, 0x15, 0x31, 0x14, 0x1F, 0x69, 0x29, 0x39, 0x0C, 0x0A,
    0x15, 0x14, 0x0B, 0x17, 0x2E, 0x13, 0x1E, 0x0C, 0x0A, 0x15, 0x0C, 0x0A, 0x15, 0x0C, 0x0A, 0x15,
    0x0C, 0x0A, 0x15, 0x0C, 0x0A, 0x15, 0x0E, 0x0A, 0x15, 0x34, 0x15, 0x21, 0x78, 0x30, 0x41, 0x0E,
    0x0A, 0x15, 0x0C, 0x0A, 0x15, 0x0C, 0x0A, 0x15, 0x0C, 0x0A, 0x15, 0x0C, 0x0A, 0x15, 0x2D, 0x12,
    0x1E, 0x10, 0x0B, 0x16, 0x0C, 0x0A, 0x15, 0x0A, 0x0A, 0x15, 0x74, 0x2E, 0x3E, 0x2B, 0x12, 0x1D,
    0x0C, 0x0A, 0x15, 0x2B, 0x12, 0x1D, 0x6B, 0x2A, 0x3A, 0x31, 0x14, 0x1F, 0x0C, 0x0A, 0x15, 0x67,
    0x29, 0x38, 0x36, 0x15, 0x21, 0x0C, 0x0A, 0x15, 0x0C, 0x0A, 0x15, 0x0C, 0x0A, 0x15, 0x0C, 0x0A,
    0x15, 0x0C, 0x0A, 0x15, 0x62, 0x27, 0x36, 0x40, 0x19, 0x25, 0x27, 0x11, 0x1C, 0x1B, 0x0D, 0x18,
    0x65, 0x28, 0x37, 0x79, 0x30, 0x41, 0x4B, 0x1D, 0x2A, 0x0C, 0x0A, 0x15, 0x25, 0x10, 0x1B, 0x2E,
    0x13, 0x1E, 0x5E, 0x25, 0x33, 0x76, 0x2F, 0x40, 0x79, 0x30, 0x41, 0x64, 0x27, 0x36, 0x95, 0x7B,
    0x7D, 0xD3, 0xA7, 0xB2, 0xBF, 0x76, 0x9B, 0xCF, 0x9B, 0xAD, 0xE5, 0xCA, 0xC7, 0xE2, 0xC4, 0xC2,
    0xDC, 0xB4, 0xBB, 0xD2, 0x9A, 0xAF, 0xE0, 0xBF, 0xC0, 0xE1, 0xC2, 0xC1, 0xE0, 0xBF, 0xBF, 0xE2,
    0xC4, 0xC2, 0xE2, 0xC4, 0xC2, 0xDD, 0xB8, 0xBC, 0xCE, 0x8F, 0xAB, 0xE2, 0xC4, 0xC2, 0xDE, 0xBB,
    0xBE, 0xCC, 0x87, 0xA7, 0xCA, 0x7F, 0xA5, 0xD0, 0x93, 0xAC, 0xE2, 0xC4, 0xC2, 0xDF, 0xBD, 0xBF,
    0xCC, 0x87, 0xA7, 0xE2, 0xC4, 0xC2, 0xDF, 0xBD, 0xBF, 0xE2, 0xC4, 0xC2, 0xE2, 0xC4, 0xC2, 0xDF,
    0xBD, 0xBF, 0xE2, 0xC4, 0xC2, 0xE3, 0xC5, 0xC3, 0xFB, 0xF8, 0xED, 0xE2, 0xC4, 0xC2, 0xE6, 0xCD,
    0xC9, 0xE2, 0xC4, 0xC2, 0xFB, 0xF7, 0xED, 0xE3, 0xC6, 0xC4, 0xE2, 0xC4, 0xC2, 0xE2, 0xC4, 0xC2,
    0xE2, 0xC4, 0xC2, 0xE2, 0xC4, 0xC2, 0xE2, 0xC4, 0xC2, 0xE2, 0xC4, 0xC2, 0xE2, 0xC4, 0xC2, 0xE2,
    0xC4, 0xC2, 0xE2, 0xC4, 0xC2, 0xE2, 0xC4, 0xC2, 0xE2, 0xC4, 0xC2, 0xCE, 0x8E, 0xAA, 0xC9, 0x7D,
    0xA4, 0xC9, 0x7D, 0xA4, 0xDA, 0xB1, 0xB9, 0xCF, 0x90, 0xAB, 0xC9, 0x7D, 0xA4, 0xC9, 0x7D, 0xA4,
    0xCB, 0x86, 0xA7, 0xC5, 0x7C, 0x9F, 0xC7, 0x7B, 0xA1, 0xC9, 0x7D, 0xA4, 0xC9, 0x7D, 0xA4, 0x9B,
    0x55, 0x70, 0xAC, 0x64, 0x84, 0x99, 0x53, 0x6E, 0xB0, 0x68, 0x89, 0x9F, 0x59, 0x75, 0x79, 0x30,
    0x41, 0xAE, 0x88, 0x8A, 0xE8, 0xD7, 0xD1, 0xC3, 0xC1, 0xB9, 0x54, 0x21, 0x2F, 0x62, 0x27, 0x36,
    0x4B, 0x1D, 0x2A, 0x77, 0x2F, 0x40, 0xA2, 0x7B, 0x7E, 0xDB, 0xB2, 0xB9, 0xAB, 0x6A, 0x8C, 0x40,
    0x19, 0x25, 0x74, 0x2E, 0x3E, 0x69, 0x29, 0x39, 0x0C, 0x0A, 0x15, 0x0C, 0x0A, 0x15, 0x3C, 0x18,
    0x24, 0x6E, 0x2C, 0x3C, 0x43, 0x1A, 0x27, 0x67, 0x29, 0x38, 0x16, 0x0C, 0x17, 0x2A, 0x12, 0x1D,
    0x0C, 0x0A, 0x15, 0x0C, 0x0A, 0x15, 0x2B, 0x12, 0x1D, 0x6D, 0x2B, 0x3B, 0x2C, 0x12, 0x1E, 0x11,
    0x0B, 0x16, 0x2D, 0x12, 0x1E, 0x0C, 0x0A, 0x15, 0x0C, 0x0A, 0x15, 0x19, 0x0D, 0x18, 0x79, 0x30,
    0x41, 0x71, 0x2D, 0x3D, 0x0E, 0x0A, 0x15, 0x0C, 0x0A, 0x15, 0x0C, 0x0A, 0x15, 0x0C, 0x0A, 0x15,
    0x0A, 0x0A, 0x15, 0x71, 0x2C, 0x3D, 0x1E, 0x0E, 0x19, 0x0C, 0x0A, 0x15, 0x0B, 0x0A, 0x15, 0x6E,
    0x2B, 0x3B, 0x29, 0x11, 0x1D, 0x29, 0x11, 0x1C, 0x6C, 0x2B, 0x3A, 0x2F, 0x13, 0x1F, 0x0C, 0x0A,
    0x15, 0x0C, 0x0A, 0x15, 0x0C, 0x0A, 0x15, 0x0C, 0x0A, 0x15, 0x0C, 0x0A, 0x15, 0x0C, 0x0A, 0x15,
    0x0C, 0x0A, 0x15, 0x0C, 0x0A, 0x15, 0x0C, 0x0A, 0x15, 0x0C, 0x0A, 0x15, 0x0C, 0x0A, 0x15, 0x67,
    0x28, 0x38, 0x47, 0x1C, 0x29, 0x60, 0x25, 0x34, 0x77, 0x2F, 0x40, 0x4B, 0x1D, 0x2A, 0x23, 0x0F,
    0x1B, 0x64, 0x27, 0x37, 0x75, 0x2E, 0x3F, 0x51, 0x20, 0x2D, 0x62, 0x27, 0x36, 0x79, 0x30, 0x41,
    0x79, 0x30, 0x41, 0x99, 0x54, 0x6F, 0x9D, 0x60, 0x7F, 0x52, 0x20, 0x2D, 0xB5, 0x9F, 0x9C, 0xF4,
    0xE9, 0xE1, 0xE2, 0xC4, 0xC2, 0xE2, 0xC4, 0xC2, 0xDB, 0xB3, 0xBA, 0xD0, 0x95, 0xAD, 0xDC, 0xB4,
    0xBB, 0xCF, 0x91, 0xAB, 0xE0, 0xBF, 0xC0, 0xE1, 0xC3, 0xC1, 0xDB, 0xB4, 0xBA, 0xD1, 0x96, 0xAE,
    0xE2, 0xC4, 0xC2, 0xE2, 0xC4, 0xC2, 0xDE, 0xBB, 0xBE, 0xD0, 0x93, 0xAC, 0xE2, 0xC4, 0xC2, 0xE2,
    0xC4, 0xC2, 0xE0, 0xBE, 0xBF, 0xCE, 0x8E, 0xAA, 0xDE, 0xBA, 0xBD, 0xCD, 0x8C, 0xAA, 0xE0, 0xBE,
    0xBF, 0xE1, 0xC2, 0xC1, 0xCD, 0x8A, 0xA9, 0xE2, 0xC4, 0xC2, 0xE2, 0xC4, 0xC2, 0xE2, 0xC4, 0xC2,
    0xE0, 0xBE, 0xBF, 0xFC, 0xF9, 0xEE, 0xE3, 0xC5, 0xC3, 0xE2, 0xC4, 0xC2, 0xE2, 0xC4, 0xC2, 0xE2,
    0xC4, 0xC2, 0xE2, 0xC4, 0xC2, 0xE5, 0xCB, 0xC8, 0xE5, 0xCC, 0xC8, 0xE2, 0xC5, 0xC3, 0xE2, 0xC4,
    0xC2, 0xE2, 0xC4, 0xC2, 0xE2, 0xC4, 0xC2, 0xE2, 0xC4, 0xC2, 0xE2, 0xC4, 0xC2, 0xE0, 0xBF, 0xC0,
    0xCE, 0x8D, 0xAA, 0xCB, 0x85, 0xA7, 0xCA, 0x7F, 0xA5, 0xC9, 0x7D, 0xA4, 0xC9, 0x7D, 0xA4, 0xC9,
    0x7D, 0xA4, 0xC9, 0x7D, 0xA4, 0xDB, 0xB4, 0xBA, 0xA7, 0x7B, 0x81, 0xB2, 0x6A, 0x8B, 0xC7, 0x7B,
    0xA2, 0xC9, 0x7D, 0xA4, 0xA1, 0x5A, 0x77, 0x7D, 0x36, 0x48, 0x81, 0x3A, 0x4D, 0xAE, 0x66, 0x87,
    0x9B, 0x55, 0x71, 0x84, 0x48, 0x52, 0xB5, 0x90, 0x91, 0xB6, 0x9C, 0x9B, 0x50, 0x1F, 0x2D, 0x73,
    0x2D, 0x3E, 0x60, 0x26, 0x34, 0x4E, 0x1E, 0x2C, 0x6C, 0x43, 0x4A, 0x99, 0x88, 0x87, 0xD6, 0xAB,
    0xB5, 0xA3, 0x64, 0x85, 0x19, 0x0D, 0x18, 0x48, 0x1C, 0x29, 0x66, 0x28, 0x37, 0x26, 0x10, 0x1C,
    0x0C, 0x0A, 0x15, 0x42, 0x1E, 0x2C, 0x81, 0x3B, 0x50, 0x68, 0x29, 0x38, 0x15, 0x0C, 0x17, 0x3F,
    0x19, 0x25, 0x6B, 0x2A, 0x3A, 0x28, 0x11, 0x1C, 0x0C, 0x0A, 0x15, 0x12, 0x0B, 0x16, 0x3A, 0x17,
    0x23, 0x74, 0x2E, 0x3E, 0x23, 0x0F, 0x1B, 0x6F, 0x2C, 0x3C, 0x0A, 0x0A, 0x15, 0x0F, 0x0A, 0x15,
    0x30, 0x13, 0x1F, 0x72, 0x2D, 0x3D, 0x0C, 0x0A, 0x15, 0x0C, 0x0A, 0x15, 0x0C, 0x0A, 0x15, 0x0C,
    0x0A, 0x15, 0x0C, 0x0A, 0x15, 0x28, 0x11, 0x1C, 0x0D, 0x0A, 0x15, 0x0C, 0x0A, 0x15, 0x0C, 0x0A,
    0x15, 0x0C, 0x0A, 0x15, 0x0B, 0x0A, 0x15, 0x0B, 0x0A, 0x15, 0x6D, 0x2B, 0x3B, 0x2E, 0x13, 0x1E,
    0x0C, 0x0A, 0x15, 0x0C, 0x0A, 0x15, 0x0C, 0x0A, 0x15, 0x0C, 0x0A, 0x15, 0x24, 0x10, 0x1B, 0x15,
    0x0C, 0x17, 0x0C, 0x0A, 0x15, 0x0C, 0x0A, 0x15, 0x23, 0x0F, 0x1B, 0x17, 0x0C, 0x17, 0x0C, 0x0A,
    0x15, 0x0C, 0x0A, 0x15, 0x67, 0x28, 0x38, 0x4D, 0x1E, 0x2C, 0x28, 0x11, 0x1C, 0x66, 0x28, 0x38,
    0x4B, 0x1D, 0x2A, 0x62, 0x27, 0x36, 0x79, 0x30, 0x41, 0x4E, 0x1E, 0x2C, 0x5B, 0x24, 0x32, 0x74,
    0x2E, 0x3E, 0x76, 0x2F, 0x3F, 0x79, 0x30, 0x41, 0x63, 0x27, 0x36, 0x52, 0x20, 0x2D, 0x79, 0x30,
    0x41, 0xA4, 0x79, 0x7D, 0xDA, 0xBC, 0xBA, 0xD8, 0xBB, 0xBA, 0xD9, 0xBC, 0xBA, 0xD6, 0xAE, 0xB5,
    0xD1, 0x99, 0xAE, 0xDB, 0xB2, 0xB9, 0xCB, 0x84, 0xA6, 0xCF, 0x90, 0xAB, 0xDB, 0xB4, 0xBA, 0xD0,
    0x95, 0xAD, 0xE0, 0xC0, 0xC0, 0xE2, 0xC4, 0xC2, 0xE2, 0xC4, 0xC2, 0xE2, 0xC4, 0xC2, 0xE2, 0xC4,
    0xC2, 0xE2, 0xC3, 0xC2, 0xE0, 0xBF, 0xBF, 0xE0, 0xBF, 0xC0, 0xE0, 0xBE, 0xBF, 0xCB, 0x85, 0xA7,
    0xE0, 0xC0, 0xC0, 0xCA, 0x82, 0xA6, 0xE0, 0xBF, 0xC0, 0xE2, 0xC4, 0xC2, 0xE0, 0xBF, 0xBF, 0xE2,
    0xC4, 0xC2, 0xE2, 0xC3, 0xC2, 0xC9, 0x7E, 0xA4, 0xE2, 0xC3, 0xC2, 0xE2, 0xC4, 0xC2, 0xE2, 0xC4,
    0xC2, 0xE2, 0xC4, 0xC2, 0xE2, 0xC4, 0xC2, 0xE2, 0xC4, 0xC2, 0xFB, 0xF7, 0xEC, 0xFD, 0xFA, 0xEF,
    0xE8, 0xD0, 0xCC, 0xE2, 0xC5, 0xC3, 0xE2, 0xC4, 0xC2, 0xE2, 0xC4, 0xC2, 0xE2, 0xC4, 0xC2, 0xE0,
    0xC0, 0xC0, 0xCF, 0x92, 0xAC, 0xCC, 0x86, 0xA7, 0xDE, 0xB9, 0xBD, 0xCF, 0x90, 0xAB, 0xC9, 0x7D,
    0xA4, 0xCB, 0x84, 0xA6, 0xCA, 0x7F, 0xA5, 0xC9, 0x7D, 0xA4, 0xDA, 0xAF, 0xB8, 0xD0, 0x94, 0xAD,
    0x9D, 0x57, 0x73, 0xB6, 0x6D, 0x90, 0xC5, 0x7A, 0xA0, 0xC7, 0x7B, 0xA2, 0x9C, 0x56, 0x72, 0xB1,
    0x69, 0x8A, 0x9E, 0x58, 0x74, 0x76, 0x2F, 0x3F, 0xBF, 0x9E, 0x9E, 0xDF, 0xC1, 0xBF, 0xBA, 0x98,
    0x98, 0x5F, 0x25, 0x34, 0x28, 0x11, 0x1C, 0x52, 0x20, 0x2E, 0x63, 0x27, 0x36, 0x9C, 0x9B, 0x94,
    0xEC, 0xDB, 0xD9, 0xA5, 0x65, 0x85, 0x09, 0x09, 0x14, 0x41, 0x19, 0x26, 0x64, 0x27, 0x36, 0x41,
    0x19, 0x26, 0x6A, 0x2A, 0x3A, 0x16, 0x0C, 0x17, 0x68, 0x3D, 0x52, 0xB0, 0x6C, 0x8E, 0x0B, 0x0A,
    0x15, 0x35, 0x15, 0x21, 0x6A, 0x2A, 0x39, 0x32, 0x14, 0x20, 0x6B, 0x2A, 0x3A, 0x0C, 0x0A, 0x15,
    0x2C, 0x12, 0x1E, 0x74, 0x2E, 0x3E, 0x6E, 0x2C, 0x3C, 0x0A, 0x0A, 0x15, 0x0E, 0x0A, 0x15, 0x28,
    0x11, 0x1C, 0x2F, 0x13, 0x1F, 0x72, 0x2D, 0x3D, 0x0A, 0x0A, 0x15, 0x0C, 0x0A, 0x15, 0x0C, 0x0A,
    0x15, 0x0C, 0x0A, 0x15, 0x0C, 0x0A, 0x15, 0x0B, 0x0A, 0x15, 0x73, 0x2E, 0x3E, 0x1C, 0x0D, 0x18,
    0x0C, 0x0A, 0x15, 0x24, 0x10, 0x1B, 0x0F, 0x0B, 0x16, 0x0C, 0x0A, 0x15, 0x23, 0x0F, 0x1B, 0x10,
    0x0B, 0x16, 0x0C, 0x0A, 0x15, 0x0C, 0x0A, 0x15, 0x0C, 0x0A, 0x15, 0x0C, 0x0A, 0x15, 0x0C, 0x0A,
    0x15, 0x69, 0x29, 0x39, 0x38, 0x16, 0x22, 0x0C, 0x0A, 0x15, 0x0C, 0x0A, 0x15, 0x66, 0x28, 0x38,
    0x3E, 0x18, 0x25, 0x0C, 0x0A, 0x15, 0x0C, 0x0A, 0x15, 0x67, 0x28, 0x38, 0x79, 0x30, 0x41, 0x76,
    0x2F, 0x40, 0x78, 0x2F, 0x40, 0x50, 0x1F, 0x2D, 0x61, 0x26, 0x35, 0x77, 0x2F, 0x40, 0x5B, 0x2A,
    0x3A, 0x29, 0x19, 0x26, 0x0A, 0x0A, 0x15, 0x50, 0x1F, 0x2D, 0x77, 0x2F, 0x40, 0x76, 0x2F, 0x40,
    0x79, 0x30, 0x41, 0x79, 0x30, 0x41, 0x79, 0x30, 0x41, 0x66, 0x27, 0x36, 0x23, 0x0C, 0x19, 0x4F,
    0x21, 0x31, 0xA5, 0x77, 0x7E, 0xDA, 0xB0, 0xB9, 0xD0, 0x94, 0xAD, 0xDC, 0xB5, 0xBB, 0xC9, 0x7D,
    0xA4, 0xCF, 0x91, 0xAB, 0xDD, 0xB8, 0xBC, 0xCE, 0x8E, 0xAA, 0xE0, 0xC0, 0xC0, 0xE0, 0xC0, 0xC0,
    0xE0, 0xC0, 0xC0, 0xE0, 0xC0, 0xC0, 0xDD, 0xB8, 0xBC, 0xC9, 0x7E, 0xA4, 0xCE, 0x8D, 0xAA, 0xDE,
    0xBB, 0xBD, 0xCD, 0x8C, 0xA9, 0xE0, 0xC0, 0xC0, 0xC9, 0x7D, 0xA4, 0xCC, 0x88, 0xA8, 0xDF, 0xBE,
    0xBF, 0xCC, 0x86, 0xA7, 0xE0, 0xC0, 0xC0, 0xE0, 0xBF, 0xC0, 0xCB, 0x86, 0xA7, 0xE2, 0xC3, 0xC2,
    0xE2, 0xC4, 0xC2, 0xE2, 0xC4, 0xC2, 0xE2, 0xC4, 0xC2, 0xE4, 0xC9, 0xC6, 0xE2, 0xC4, 0xC2, 0xE2,
    0xC4, 0xC2, 0xE2, 0xC4, 0xC2, 0xFA, 0xF6, 0xEC, 0xE5, 0xCC, 0xC8, 0xE2, 0xC4, 0xC2, 0xE2, 0xC4,
    0xC2, 0xE2, 0xC4, 0xC2, 0xCF, 0x92, 0xAC, 0xDD, 0xB7, 0xBC, 0xE2, 0xC3, 0xC2, 0xE1, 0xC0, 0xC0,
    0xD0, 0x94, 0xAD, 0xCB, 0x85, 0xA7, 0xDB, 0xB4, 0xBA, 0xCF, 0x92, 0xAC, 0xC9, 0x7D, 0xA4, 0xC9,
    0x7D, 0xA4, 0xC6, 0x7A, 0xA0, 0xC8, 0x7C, 0xA3, 0xC6, 0x7A, 0xA1, 0x97, 0x51, 0x6C, 0xAF, 0x67,
    0x87, 0x9E, 0x58, 0x74, 0xAF, 0x67, 0x88, 0x9B, 0x55, 0x71, 0x5B, 0x2A, 0x3A, 0xB7, 0x9D, 0x9D,
    0xC0, 0x9D, 0x9D, 0x62, 0x25, 0x35, 0x53, 0x20, 0x2E, 0x79, 0x30, 0x41, 0x79, 0x30, 0x41, 0x69,
    0x2D, 0x3D, 0x8F, 0x77, 0x7A, 0xC2, 0xA0, 0xA0, 0x62, 0x26, 0x35, 0x16, 0x0C, 0x17, 0x25, 0x10,
    0x1B, 0x25, 0x10, 0x1B, 0x45, 0x1B, 0x28, 0x66, 0x28, 0x38, 0x3E, 0x18, 0x25, 0x79, 0x30, 0x41,
    0x6C, 0x2A, 0x3A, 0x0C, 0x0A, 0x15, 0x0C, 0x0A, 0x15, 0x0B, 0x0A, 0x15, 0x0C, 0x0A, 0x15, 0x11,
    0x0B, 0x16, 0x23, 0x0F, 0x1A, 0x11, 0x0B, 0x16, 0x23, 0x0F, 0x1A, 0x0A, 0x0A, 0x15, 0x0F, 0x0B,
    0x16, 0x30, 0x13, 0x1F, 0x75, 0x2E, 0x3F, 0x72, 0x2D, 0x3E, 0x08, 0x09, 0x14, 0x0C, 0x0A, 0x15,
    0x0C, 0x0A, 0x15, 0x0C, 0x0A, 0x15, 0x0C, 0x0A, 0x15, 0x0C, 0x0A, 0x15, 0x0C, 0x0A, 0x15, 0x0A,
    0x0A, 0x15, 0x0C, 0x0A, 0x15, 0x0A, 0x0A, 0x15, 0x72, 0x2D, 0x3D, 0x25, 0x10, 0x1B, 0x0B, 0x0A,
    0x15, 0x6F, 0x2C, 0x3C, 0x2C, 0x12, 0x1E, 0x0C, 0x0A, 0x15, 0x1F, 0x0E, 0x19, 0x11, 0x0B, 0x16,
    0x0C, 0x0A, 0x15, 0x0C, 0x0A, 0x15, 0x0A, 0x0A, 0x15, 0x0C, 0x0A, 0x15, 0x0C, 0x0A, 0x15, 0x0C,
    0x0A, 0x15, 0x0A, 0x0A, 0x15, 0x1D, 0x0E, 0x19, 0x14, 0x0B, 0x17, 0x0C, 0x0A, 0x15, 0x6D, 0x30,
    0x42, 0x79, 0x32, 0x44, 0x46, 0x1B, 0x28, 0x61, 0x26, 0x35, 0x75, 0x2F, 0x3F, 0x49, 0x1D, 0x2A,
    0x61, 0x26, 0x35, 0xB0, 0x68, 0x89, 0x87, 0x52, 0x6E, 0x17, 0x0C, 0x17, 0x50, 0x1F, 0x2D, 0x62,
    0x26, 0x35, 0x51, 0x20, 0x2D, 0x79, 0x30, 0x41, 0x79, 0x30, 0x41, 0x79, 0x30, 0x41, 0x79, 0x30,
    0x41, 0x79, 0x30, 0x41, 0x96, 0x50, 0x6A, 0xC6, 0x7B, 0xA1, 0xC9, 0x7F, 0xA5, 0xD1, 0x97, 0xAE,
    0xDB, 0xB2, 0xBA, 0xC9, 0x7D, 0xA4, 0xCF, 0x90, 0xAB, 0xDC, 0xB4, 0xBB, 0xC9, 0x7D, 0xA4, 0xC9,
    0x7D, 0xA4, 0xC9, 0x7D, 0xA4, 0xC9, 0x7D, 0xA4, 0xC9, 0x7D, 0xA4, 0xC9, 0x7E, 0xA4, 0xCE, 0x8E,
    0xAA, 0xDF, 0xBE, 0xBF, 0xCB, 0x86, 0xA7, 0xE1, 0xC1, 0xC1, 0xE0, 0xC0, 0xC0, 0xCC, 0x88, 0xA8,
    0xE0, 0xBE, 0xBF, 0xCC, 0x86, 0xA7, 0xE2, 0xC3, 0xC1, 0xC9, 0x7D, 0xA4, 0xC9, 0x7E, 0xA4, 0xE2,
    0xC4, 0xC2, 0xE2, 0xC4, 0xC2, 0xE2, 0xC4, 0xC2, 0xE2, 0xC4, 0xC2, 0xE2, 0xC4, 0xC2, 0xFC, 0xFA,
    0xEE, 0xE4, 0xC8, 0xC5, 0xE2, 0xC4, 0xC2, 0xE1, 0xC1, 0xC0, 0xE2, 0xC3, 0xC2, 0xE2, 0xC4, 0xC2,
    0xE2, 0xC4, 0xC2, 0xE2, 0xC4, 0xC2, 0xE2, 0xC4, 0xC2, 0xE2, 0xC4, 0xC2, 0xCF, 0x92, 0xAC, 0xDE,
    0xBA, 0xBD, 0xD0, 0x93, 0xAC, 0xDC, 0xB5, 0xBB, 0xE1, 0xC1, 0xC0, 0xCF, 0x91, 0xAB, 0xC9, 0x7D,
    0xA4, 0xC9, 0x7D, 0xA4, 0xC9, 0x7D, 0xA4, 0x9A, 0x54, 0x6F, 0xB7, 0x6E, 0x90, 0x98, 0x52, 0x6D,
    0x7E, 0x36, 0x49, 0x80, 0x39, 0x4C, 0xB3, 0x6B, 0x8D, 0x9D, 0x57, 0x73, 0x79, 0x30, 0x41, 0xAF,
    0x67, 0x88, 0xD5, 0xA8, 0xB3, 0xBC, 0x99, 0x9A, 0x79, 0x30, 0x41, 0x79, 0x30, 0x41, 0x79, 0x30,
    0x41, 0x79, 0x30, 0x41, 0x9C, 0x55, 0x71, 0xB2, 0x6A, 0x8C, 0x61, 0x25, 0x34, 0x14, 0x0B, 0x17,
    0x48, 0x1C, 0x29, 0x76, 0x2F, 0x3F, 0x76, 0x2F, 0x3F, 0x66, 0x28, 0x38, 0x12, 0x0B, 0x16, 0x44,
    0x1A, 0x27, 0x78, 0x30, 0x41, 0x6A, 0x2A, 0x39, 0x1F, 0x0E, 0x19, 0x0C, 0x0A, 0x15, 0x12, 0x0B,
    0x16, 0x1F, 0x0E, 0x19, 0x31, 0x14, 0x1F, 0x6E, 0x2C, 0x3C, 0x36, 0x15, 0x21, 0x6F, 0x2C, 0x3C,
    0x0B, 0x0A, 0x15, 0x26, 0x10, 0x1C, 0x76, 0x2F, 0x3F, 0x1F, 0x0E, 0x19, 0x0A, 0x0A, 0x15, 0x0D,
    0x0A, 0x15, 0x22, 0x0F, 0x1A, 0x22, 0x0F, 0x1A, 0x0C, 0x0A, 0x15, 0x0C, 0x0A, 0x15, 0x0C, 0x0A,
    0x15, 0x0C, 0x0A, 0x15, 0x0C, 0x0A, 0x15, 0x1E, 0x0E, 0x19, 0x0E, 0x0A, 0x15, 0x0A, 0x0A, 0x15,
    0x0C, 0x0A, 0x15, 0x0C, 0x0A, 0x15, 0x0A, 0x0A, 0x15, 0x0C, 0x0A, 0x15, 0x0C, 0x0A, 0x15, 0x6E,
    0x2B, 0x3B, 0x33, 0x14, 0x20, 0x1C, 0x0D, 0x18, 0x11, 0x0B, 0x16, 0x0C, 0x0A, 0x15, 0x0C, 0x0A,
    0x15, 0x0C, 0x0A, 0x15, 0x0C, 0x0A, 0x15, 0x0C, 0x0A, 0x15, 0x67, 0x29, 0x38, 0x41, 0x19, 0x26,
    0x0C, 0x0A, 0x15, 0xAC, 0x6A, 0x8C, 0x77, 0x49, 0x62, 0x0B, 0x0A, 0x15, 0x18, 0x0C, 0x18, 0x1D,
    0x0E, 0x19, 0x1E, 0x0E, 0x19, 0x60, 0x26, 0x35, 0xAD, 0x65, 0x86, 0x9E, 0x57, 0x74, 0x50, 0x1F,
    0x2D, 0x50, 0x1F, 0x2D, 0x7B, 0x33, 0x45, 0x7D, 0x35, 0x47, 0x79, 0x30, 0x41, 0x79, 0x30, 0x41,
    0x79, 0x30, 0x41, 0x79, 0x30, 0x41, 0x79, 0x30, 0x41, 0x79, 0x30, 0x41, 0x97, 0x53, 0x6B, 0xD1,
    0x97, 0xAE, 0xDB, 0xB2, 0xBA, 0xC9, 0x7D, 0xA4, 0xC9, 0x7D, 0xA4, 0xC9, 0x7D, 0xA4, 0xC9, 0x7D,
    0xA4, 0xC9, 0x7D, 0xA4, 0xC9, 0x7D, 0xA4, 0xC9, 0x7D, 0xA4, 0xC9, 0x7D, 0xA4, 0xC9, 0x7D, 0xA4,
    0xCD, 0x8A, 0xA9, 0xE2, 0xC4, 0xC2, 0xDE, 0xBB, 0xBE, 0xC9, 0x7D, 0xA4, 0xCC, 0x89, 0xA8, 0xE1,
    0xC1, 0xC1, 0xE0, 0xBE, 0xBF, 0xCA, 0x81, 0xA5, 0xE2, 0xC4, 0xC2, 0xE0, 0xC0, 0xC0, 0xCA, 0x82,
    0xA6, 0xCB, 0x83, 0xA6, 0xE2, 0xC4, 0xC2, 0xE2, 0xC4, 0xC2, 0xE2, 0xC4, 0xC2, 0xE2, 0xC4, 0xC2,
    0xE2, 0xC4, 0xC2, 0xE2, 0xC4, 0xC2, 0xE2, 0xC4, 0xC2, 0xE2, 0xC4, 0xC2, 0xCC, 0x89, 0xA8, 0xE1,
    0xC2, 0xC2, 0xE2, 0xC4, 0xC2, 0xE2, 0xC4, 0xC2, 0xE2, 0xC4, 0xC2, 0xE2, 0xC4, 0xC2, 0xE2, 0xC4,
    0xC2, 0xE2, 0xC4, 0xC2, 0xE2, 0xC4, 0xC2, 0xE1, 0xC2, 0xC1, 0xCF, 0x92, 0xAC, 0xC9, 0x7E, 0xA4,
    0xC9, 0x7D, 0xA4, 0xC9, 0x7D, 0xA4, 0xC9, 0x7D, 0xA4, 0xC9, 0x7D, 0xA4, 0xC9, 0x7D, 0xA4, 0xC9,
    0x7D, 0xA4, 0x9C, 0x55, 0x71, 0xB5, 0x6C, 0x8E, 0xC9, 0x7D, 0xA4, 0xC7, 0x7B, 0xA2, 0x9B, 0x55,
    0x71, 0x7D, 0x35, 0x47, 0xB1, 0x68, 0x89, 0x9E, 0x58, 0x75, 0x77, 0x2E, 0x3F, 0x79, 0x30, 0x41,
    0x79, 0x30, 0x41, 0x79, 0x30, 0x41, 0x7C, 0x38, 0x46, 0x9F, 0x5D, 0x76, 0xA7, 0x67, 0x88, 0x12,
    0x0B, 0x16, 0x4E, 0x21, 0x2F, 0x6C, 0x2E, 0x40, 0x0A, 0x0A, 0x15, 0x11, 0x0B, 0x16, 0x1D, 0x0E,
    0x19, 0x44, 0x1A, 0x27, 0x79, 0x30, 0x41, 0x6C, 0x2A, 0x3A, 0x39, 0x16, 0x23, 0x6C, 0x2A, 0x3A,
    0x1C, 0x0D, 0x18, 0x36, 0x16, 0x21, 0x70, 0x2C, 0x3C, 0x0C, 0x0A, 0x15, 0x2E, 0x13, 0x1F, 0x6F,
    0x2C, 0x3C, 0x09, 0x0A, 0x15, 0x0C, 0x0A, 0x15, 0x26, 0x10, 0x1B, 0x79, 0x30, 0x41, 0x73, 0x2E,
    0x3E, 0x0A, 0x0A, 0x15, 0x19, 0x0D, 0x18, 0x77, 0x2F, 0x40, 0x76, 0x2F, 0x3F, 0x0E, 0x0A, 0x15,
    0x0C, 0x0A, 0x15, 0x0C, 0x0A, 0x15, 0x1A, 0x0D, 0x18, 0x0B, 0x0A, 0x15, 0x75, 0x2E, 0x3F, 0x1F,
    0x0E, 0x19, 0x0C, 0x0A, 0x15, 0x0C, 0x0A, 0x15, 0x0C, 0x0A, 0x15, 0x0C, 0x0A, 0x15, 0x19, 0x0D,
    0x18, 0x0F, 0x0A, 0x15, 0x0A, 0x0A, 0x15, 0x0C, 0x0A, 0x15, 0x6D, 0x2B, 0x3B, 0x37, 0x16, 0x22,
    0x0C, 0x0A, 0x15, 0x18, 0x0C, 0x17, 0x10, 0x0B, 0x16, 0x0C, 0x0A, 0x15, 0x0C, 0x0A, 0x15, 0x0A,
    0x0A, 0x15, 0x0B, 0x0A, 0x15, 0x0C, 0x0A, 0x15, 0xAC, 0x6A, 0x8C, 0x77, 0x49, 0x62, 0x17, 0x0C,
    0x17, 0x63, 0x27, 0x36, 0x78, 0x30, 0x41, 0x79, 0x30, 0x41, 0x4F, 0x1F, 0x2C, 0x61, 0x26, 0x35,
    0x78, 0x2F, 0x40, 0x4F, 0x1F, 0x2C, 0x50, 0x1F, 0x2D, 0x9F, 0x59, 0x75, 0xB0, 0x68, 0x89, 0x78,
    0x2F, 0x40, 0x78, 0x30, 0x41, 0x78, 0x2F, 0x40, 0x79, 0x30, 0x41, 0x79, 0x30, 0x41, 0x7A, 0x32,
    0x43, 0xA3, 0x78, 0x7D, 0xDB, 0xB4, 0xBA, 0xC9, 0x7D, 0xA4, 0xC8, 0x7D, 0xA3, 0xC7, 0x7C, 0xA2,
    0xC9, 0x7D, 0xA4, 0xC9, 0x7D, 0xA4, 0xC9, 0x7D, 0xA4, 0xC9, 0x7D, 0xA4, 0xC9, 0x7D, 0xA4, 0xC9,
    0x7D, 0xA4, 0xC9, 0x7D, 0xA4, 0xCD, 0x8A, 0xA9, 0xDE, 0xBB, 0xBD, 0xC9, 0x7D, 0xA4, 0xCC, 0x86,
    0xA7, 0xDF, 0xBD, 0xBF, 0xC9, 0x7C, 0xA4, 0xC9, 0x7D, 0xA4, 0xCA, 0x82, 0xA6, 0xE1, 0xC2, 0xC1,
    0xCB, 0x82, 0xA6, 0xE2, 0xC4, 0xC2, 0xE2, 0xC4, 0xC2, 0xE2, 0xC4, 0xC2, 0xE2, 0xC4, 0xC2, 0xE2,
    0xC4, 0xC2, 0xE2, 0xC4, 0xC2, 0xE2, 0xC4, 0xC2, 0xE2, 0xC4, 0xC2, 0xE2, 0xC4, 0xC2, 0xE2, 0xC4,
    0xC2, 0xE2, 0xC4, 0xC2, 0xFB, 0xF8, 0xED, 0xE6, 0xCC, 0xC8, 0xE2, 0xC4, 0xC2, 0xE2, 0xC4, 0xC2,
    0xE2, 0xC4, 0xC2, 0xE2, 0xC4, 0xC2, 0xE2, 0xC4, 0xC2, 0xE2, 0xC4, 0xC2, 0xCF, 0x92, 0xAC, 0xDD,
    0xB8, 0xBC, 0xD0, 0x94, 0xAC, 0xCA, 0x81, 0xA5, 0xCA, 0x81, 0xA5, 0xC9, 0x7E, 0xA4, 0xC9, 0x7D,
    0xA4, 0xC9, 0x7D, 0xA4, 0xC9, 0x7D, 0xA4, 0xC9, 0x7D, 0xA4, 0xC8, 0x7C, 0xA3, 0xC8, 0x7C, 0xA3,
    0x9C, 0x56, 0x71, 0x7B, 0x33, 0x45, 0xB1, 0x69, 0x8A, 0xC7, 0x7C, 0xA2, 0x85, 0x51, 0x6C, 0x52,
    0x20, 0x2E, 0x79, 0x30, 0x41, 0x79, 0x30, 0x41, 0x7B, 0x32, 0x44, 0xAB, 0x81, 0x86, 0xD8, 0xAD,
    0xB7, 0xA4, 0x66, 0x86, 0x47, 0x1C, 0x29, 0x96, 0x51, 0x6B, 0xAA, 0x69, 0x8A, 0x11, 0x0B, 0x16,
    0x45, 0x1B, 0x28, 0x79, 0x30, 0x41, 0x79, 0x30, 0x41, 0x79, 0x30, 0x41, 0x6A, 0x2A, 0x39, 0x0C,
    0x0A, 0x15, 0x38, 0x16, 0x22, 0x6C, 0x2B, 0x3B, 0x35, 0x15, 0x21, 0x6D, 0x2B, 0x3B, 0x0C, 0x0A,
    0x15, 0x0E, 0x0A, 0x15, 0x18, 0x0C, 0x17, 0x0C, 0x0A, 0x15, 0x0E, 0x0A, 0x15, 0x2C, 0x12, 0x1E,
    0x75, 0x2E, 0x3F, 0x07, 0x09, 0x14, 0x0C, 0x0A, 0x15, 0x0C, 0x0A, 0x15, 0x0A, 0x0A, 0x15, 0x0A,
    0x0A, 0x15, 0x0C, 0x0A, 0x15, 0x0C, 0x0A, 0x15, 0x0C, 0x0A, 0x15, 0x77, 0x2F, 0x40, 0x19, 0x0D,
    0x18, 0x0A, 0x0A, 0x15, 0x16, 0x0C, 0x17, 0x0D, 0x0A, 0x15, 0x16, 0x0C, 0x17, 0x0D, 0x0A, 0x15,
    0x0B, 0x0A, 0x15, 0x71, 0x2D, 0x3D, 0x30, 0x13, 0x1F, 0x0C, 0x0A, 0x15, 0x0C, 0x0A, 0x15, 0x0B,
    0x0A, 0x15, 0x0C, 0x0A, 0x15, 0x0C, 0x0A, 0x15, 0x6B, 0x2A, 0x3A, 0x3B, 0x17, 0x24, 0x0C, 0x0A,
    0x15, 0x14, 0x0C, 0x17, 0x0F, 0x0B, 0x16, 0x0C, 0x0A, 0x15, 0x0C, 0x0A, 0x15, 0xAC, 0x6A, 0x8C,
    0x78, 0x49, 0x62, 0x66, 0x28, 0x37, 0x49, 0x1D, 0x2A, 0x62, 0x26, 0x35, 0x78, 0x2F, 0x40, 0x79,
    0x30, 0x41, 0x78, 0x30, 0x41, 0x50, 0x1F, 0x2D, 0x16, 0x0C, 0x17, 0x50, 0x1F, 0x2D, 0x9D, 0x58,
    0x74, 0xA1, 0x63, 0x83, 0x4C, 0x1E, 0x2B, 0x63, 0x27, 0x36, 0x4B, 0x1D, 0x2B, 0x79, 0x30, 0x41,
    0x79, 0x30, 0x41, 0x97, 0x51, 0x6B, 0xD0, 0x95, 0xAC, 0xDB, 0xB3, 0xBA, 0xC9, 0x7D, 0xA4, 0xB9,
    0x70, 0x93, 0x93, 0x4D, 0x67, 0xC9, 0x7D, 0xA4, 0xC9, 0x7E, 0xA4, 0xCA, 0x7F, 0xA5, 0xC9, 0x7D,
    0xA4, 0xC9, 0x7D, 0xA4, 0xC9, 0x7D, 0xA4, 0xC9, 0x7D, 0xA4, 0xC9, 0x7D, 0xA4, 0xC9, 0x7D, 0xA4,
    0xC9, 0x7D, 0xA4, 0xCA, 0x7F, 0xA5, 0xC9, 0x7D, 0xA4, 0xCA, 0x7F, 0xA5, 0xCA, 0x7F, 0xA5, 0xCA,
    0x82, 0xA6, 0xE2, 0xC3, 0xC1, 0xE1, 0xC3, 0xC1, 0xE1, 0xC3, 0xC1, 0xE2, 0xC4, 0xC2, 0xE2, 0xC4,
    0xC2, 0xE2, 0xC4, 0xC2, 0xE2, 0xC4, 0xC2, 0xE1, 0xC3, 0xC1, 0xE2, 0xC4, 0xC2, 0xE2, 0xC4, 0xC2,
    0xE2, 0xC4, 0xC2, 0xE2, 0xC4, 0xC2, 0xE2, 0xC4, 0xC2, 0xE2, 0xC4, 0xC2, 0xE2, 0xC4, 0xC2, 0xE3,
    0xC6, 0xC3, 0xE2, 0xC4, 0xC2, 0xE2, 0xC4, 0xC2, 0xE2, 0xC4, 0xC2, 0xE2, 0xC4, 0xC2, 0xE2, 0xC4,
    0xC2, 0xE2, 0xC4, 0xC2, 0xE2, 0xC4, 0xC2, 0xE2, 0xC4, 0xC2, 0xE2, 0xC3, 0xC2, 0xE1, 0xC3, 0xC1,
    0xD0, 0x94, 0xAC, 0xC9, 0x7D, 0xA4, 0xC9, 0x7D, 0xA4, 0xC9, 0x7D, 0xA4, 0xC8, 0x7C, 0xA3, 0x9A,
    0x54, 0x70, 0xB2, 0x6A, 0x8B, 0x9B, 0x55, 0x71, 0xB1, 0x69, 0x8A, 0xC9, 0x7F, 0xA5, 0x85, 0x53,
    0x6D, 0x60, 0x25, 0x34, 0x79, 0x30, 0x41, 0x79, 0x30, 0x41, 0x7A, 0x31, 0x43, 0x9F, 0x59, 0x75,
    0xC9, 0x7E, 0xA4, 0xA6, 0x68, 0x88, 0x0E, 0x0A, 0x15, 0x1C, 0x10, 0x1B, 0x4B, 0x20, 0x2E, 0x66,
    0x28, 0x37, 0x45, 0x1B, 0x28, 0x78, 0x30, 0x41, 0x79, 0x30, 0x41, 0x79, 0x30, 0x41, 0x6B, 0x2A,
    0x3A, 0x14, 0x0B, 0x17, 0x0F, 0x0A, 0x15, 0x17, 0x0C, 0x17, 0x14, 0x0C, 0x17, 0x0C, 0x0A, 0x15,
    0x0B, 0x0A, 0x15, 0x0C, 0x0A, 0x15, 0x30, 0x13, 0x1F, 0x71, 0x2D, 0x3D, 0x0B, 0x0A, 0x15, 0x29,
    0x11, 0x1C, 0x79, 0x30, 0x41, 0x74, 0x2E, 0x3E, 0x0A, 0x0A, 0x15, 0x0D, 0x0A, 0x15, 0x16, 0x0C,
    0x17, 0x0C, 0x0A, 0x15, 0x0C, 0x0A, 0x15, 0x17, 0x0C, 0x17, 0x0C, 0x0A, 0x15, 0x0C, 0x0A, 0x15,
    0x0C, 0x0A, 0x15, 0x0C, 0x0A, 0x15, 0x0A, 0x0A, 0x15, 0x75, 0x2E, 0x3F, 0x22, 0x0F, 0x1A, 0x74,
    0x2E, 0x3F, 0x29, 0x11, 0x1C, 0x0C, 0x0A, 0x15, 0x0C, 0x0A, 0x15, 0x12, 0x0B, 0x16, 0x0D, 0x0A,
    0x15, 0x0C, 0x0A, 0x15, 0x0C, 0x0A, 0x15, 0x0C, 0x0A, 0x15, 0x12, 0x0B, 0x16, 0x0E, 0x0A, 0x15,
    0x0C, 0x0A, 0x15, 0x0C, 0x0A, 0x15, 0x69, 0x2A, 0x39, 0x40, 0x19, 0x26, 0x0C, 0x0A, 0x15, 0x0C,
    0x0A, 0x15, 0xAC, 0x6A, 0x8C, 0x98, 0x52, 0x6D, 0x78, 0x30, 0x41, 0x4A, 0x1D, 0x2A, 0x0F, 0x0A,
    0x15, 0x0C, 0x0A, 0x15, 0x61, 0x26, 0x35, 0x4E, 0x1F, 0x2C, 0x5F, 0x25, 0x34, 0x79, 0x30, 0x41,
    0x5F, 0x25, 0x34, 0x4E, 0x1E, 0x2C, 0x61, 0x26, 0x35, 0x4E, 0x1E, 0x2C, 0x79, 0x30, 0x41, 0x79,
    0x30, 0x41, 0x79, 0x30, 0x41, 0x79, 0x30, 0x41, 0x79, 0x30, 0x41, 0x96, 0x51, 0x6B, 0xC9, 0x7E,
    0xA4, 0xC9, 0x7D, 0xA4, 0xC9, 0x7D, 0xA4, 0xC9, 0x7D, 0xA4, 0xC9, 0x7D, 0xA4, 0xCE, 0x90, 0xAA,
    0xDD, 0xB8, 0xBC, 0xC9, 0x7D, 0xA4, 0xC9, 0x7D, 0xA4, 0xC9, 0x7D, 0xA4, 0xC9, 0x7D, 0xA4, 0xC9,
    0x7D, 0xA4, 0xC9, 0x7D, 0xA4, 0xCC, 0x88, 0xA8, 0xDF, 0xBD, 0xBF, 0xCB, 0x85, 0xA7, 0xE2, 0xC3,
    0xC2, 0xE0, 0xC0, 0xC0, 0xC9, 0x7D, 0xA4, 0xC9, 0x7D, 0xA4, 0xC9, 0x7E, 0xA5, 0xC9, 0x7F, 0xA5,
    0xE2, 0xC3, 0xC2, 0xE2, 0xC4, 0xC2, 0xE2, 0xC4, 0xC2, 0xE2, 0xC3, 0xC2, 0xCA, 0x81, 0xA5, 0xE1,
    0xC2, 0xC1, 0xE2, 0xC4, 0xC2, 0xE2, 0xC5, 0xC3, 0xE2, 0xC5, 0xC3, 0xE2, 0xC5, 0xC3, 0xE2, 0xC5,
    0xC3, 0xE2, 0xC5, 0xC3, 0xFB, 0xF8, 0xED, 0xE7, 0xCE, 0xCA, 0xE2, 0xC5, 0xC3, 0xE2, 0xC4, 0xC2,
    0xE2, 0xC4, 0xC2, 0xE2, 0xC4, 0xC2, 0xE2, 0xC4, 0xC2, 0xE2, 0xC4, 0xC2, 0xE2, 0xC4, 0xC2, 0xCF,
    0x92, 0xAC, 0xC9, 0x7D, 0xA4, 0xC9, 0x7D, 0xA4, 0xC9, 0x7D, 0xA4, 0xC9, 0x7D, 0xA4, 0xC9, 0x7D,
    0xA4, 0x9A, 0x53, 0x6F, 0xB4, 0x6B, 0x8D, 0x9C, 0x56, 0x71, 0x7B, 0x32, 0x44, 0xB1, 0x69, 0x8A,
    0xD8, 0xAC, 0xB6, 0xAC, 0x84, 0x87, 0x7A, 0x31, 0x43, 0x7A, 0x31, 0x43, 0x79, 0x30, 0x41, 0x9E,
    0x58, 0x75, 0xC9, 0x7D, 0xA4, 0xD2, 0x9B, 0xAF, 0xB9, 0xA0, 0x9F, 0x49, 0x1D, 0x2A, 0x99, 0x53,
    0x6E, 0xA9, 0x69, 0x8A, 0x45, 0x1B, 0x28, 0x68, 0x29, 0x38, 0x44, 0x1A, 0x27, 0x79, 0x30, 0x41,
    0x79, 0x30, 0x41, 0x78, 0x30, 0x41, 0x6B, 0x2A, 0x3A, 0x3C, 0x18, 0x24, 0x79, 0x30, 0x41, 0x6D,
    0x2B, 0x3B, 0x0D, 0x0A, 0x15, 0x12, 0x0B, 0x16, 0x0C, 0x0A, 0x15, 0x0D, 0x0A, 0x15, 0x12, 0x0B,
    0x16, 0x0C, 0x0A, 0x15, 0x28, 0x11, 0x1C, 0x74, 0x2E, 0x3E, 0x0A, 0x0A, 0x15, 0x0C, 0x0A, 0x15,
    0x1C, 0x0D, 0x19, 0x77, 0x2F, 0x40, 0x0B, 0x0A, 0x15, 0x18, 0x0C, 0x18, 0x78, 0x30, 0x40, 0x0C,
    0x0A, 0x15, 0x0C, 0x0A, 0x15, 0x0C, 0x0A, 0x15, 0x0C, 0x0A, 0x15, 0x0C, 0x0A, 0x15, 0x0E, 0x0A,
    0x15, 0x0A, 0x0A, 0x15, 0x74, 0x2E, 0x3E, 0x29, 0x11, 0x1C, 0x0C, 0x0A, 0x15, 0x0C, 0x0A, 0x15,
    0x70, 0x2C, 0x3D, 0x32, 0x14, 0x20, 0x0C, 0x0A, 0x15, 0x0C, 0x0A, 0x15, 0x10, 0x0B, 0x16, 0x6D,
    0x2B, 0x3B, 0x3A, 0x17, 0x23, 0x0C, 0x0A, 0x15, 0x0C, 0x0A, 0x15, 0x0D, 0x0A, 0x15, 0x0C, 0x0A,
    0x15, 0x0F, 0x0B, 0x16, 0x0D, 0x0A, 0x15, 0xAC, 0x6A, 0x8C, 0x77, 0x49, 0x62, 0x0E, 0x0A, 0x15,
    0x64, 0x27, 0x36, 0x4B, 0x1D, 0x2B, 0x0E, 0x0A, 0x15, 0x61, 0x26, 0x35, 0x4E, 0x1F, 0x2C, 0x10,
    0x0B, 0x16, 0x5F, 0x25, 0x34, 0x5F, 0x25, 0x34, 0x0D, 0x0A, 0x15, 0x4D, 0x1E, 0x2C, 0x79, 0x30,
    0x41, 0x79, 0x30, 0x41, 0x79, 0x30, 0x41, 0x79, 0x30, 0x41, 0x79, 0x30, 0x41, 0x79, 0x30, 0x42,
    0xA2, 0x77, 0x7B, 0xDB, 0xB4, 0xBA, 0xC9, 0x7D, 0xA4, 0xC9, 0x7D, 0xA4, 0xC9, 0x7D, 0xA4, 0xBB,
    0x71, 0x95, 0x90, 0x4B, 0x63, 0xC9, 0x7D, 0xA4, 0xC9, 0x7E, 0xA4, 0xC9, 0x7D, 0xA4, 0xC9, 0x7D,
    0xA4, 0xC9, 0x7D, 0xA4, 0xC9, 0x7E, 0xA4, 0xC9, 0x7D, 0xA4, 0xC9, 0x7D, 0xA4, 0xC9, 0x7E, 0xA4,
    0xC9, 0x7D, 0xA4, 0xC9, 0x7D, 0xA4, 0xC9, 0x7D, 0xA4, 0xC9, 0x7D, 0xA4, 0xCA, 0x81, 0xA6, 0xE1,
    0xC2, 0xC1, 0xC9, 0x7E, 0xA4, 0xCA, 0x7F, 0xA5, 0xE2, 0xC3, 0xC2, 0xE2, 0xC4, 0xC2, 0xCA, 0x7F,
    0xA5, 0xE1, 0xC2, 0xC1, 0xE2, 0xC4, 0xC2, 0xE2, 0xC4, 0xC2, 0xFD, 0xFB, 0xF0, 0xFF, 0xFE, 0xF2,
    0xFF, 0xFF, 0xF3, 0xFF, 0xFE, 0xF3, 0xFF, 0xFF, 0xF3, 0xFF, 0xFF, 0xF3, 0xE7, 0xCE, 0xCA, 0xFB,
    0xF7, 0xEC, 0xE7, 0xD0, 0xCB, 0xE2, 0xC4, 0xC2, 0xE2, 0xC4, 0xC2, 0xE2, 0xC4, 0xC2, 0xE2, 0xC4,
    0xC2, 0xE2, 0xC4, 0xC2, 0xD0, 0x93, 0xAC, 0xC9, 0x7D, 0xA4, 0xC9, 0x7E, 0xA4, 0xC9, 0x7D, 0xA4,
    0xC9, 0x7D, 0xA4, 0xC9, 0x7D, 0xA4, 0xC9, 0x7D, 0xA4, 0xC9, 0x7D, 0xA4, 0xC9, 0x7D, 0xA3, 0xC8,
    0x7C, 0xA3, 0xC9, 0x7D, 0xA4, 0x9E, 0x58, 0x74, 0x79, 0x30, 0x41, 0xAE, 0x66, 0x86, 0xAD, 0x66,
    0x86, 0x79, 0x30, 0x41, 0x9E, 0x58, 0x75, 0xC9, 0x7D, 0xA4, 0xA4, 0x65, 0x86, 0x12, 0x0E, 0x17,
    0x4A, 0x1D, 0x2A, 0x79, 0x30, 0x41, 0x66, 0x28, 0x38, 0x46, 0x1B, 0x28, 0x79, 0x30, 0x41, 0x79,
    0x30, 0x41, 0x79, 0x30, 0x41, 0x6A, 0x2A, 0x39, 0x0E, 0x0A, 0x15, 0x3C, 0x18, 0x24, 0x78, 0x30,
    0x41, 0x6D, 0x2B, 0x3B, 0x0D, 0x0A, 0x15, 0x36, 0x15, 0x21, 0x6F, 0x2C, 0x3C, 0x0C, 0x0A, 0x15,
    0x30, 0x13, 0x1F, 0x71, 0x2D, 0x3D, 0x0B, 0x0A, 0x15, 0x0C, 0x0A, 0x15, 0x0E, 0x0A, 0x15, 0x10,
    0x0B, 0x16, 0x0C, 0x0A, 0x15, 0x0C, 0x0A, 0x15, 0x0E, 0x0A, 0x15, 0x16, 0x0C, 0x17, 0x77, 0x2F,
    0x40, 0x10, 0x0B, 0x16, 0x0C, 0x0A, 0x15, 0x0C, 0x0A, 0x15, 0x0C, 0x0A, 0x15, 0x0C, 0x0A, 0x15,
    0x0C, 0x0A, 0x15, 0x0E, 0x0A, 0x15, 0x0C, 0x0A, 0x15, 0x10, 0x0B, 0x16, 0x0C, 0x0A, 0x15, 0x0E,
    0x0A, 0x15, 0x0C, 0x0A, 0x15, 0x10, 0x0B, 0x16, 0x0D, 0x0A, 0x15, 0x0C, 0x0A, 0x15, 0x0C, 0x0A,
    0x15, 0x6D, 0x2B, 0x3B, 0x3A, 0x17, 0x23, 0x0D, 0x0A, 0x15, 0x0C, 0x0A, 0x15, 0x0C, 0x0A, 0x15,
    0x0D, 0x0A, 0x15, 0x0C, 0x0A, 0x15, 0x68, 0x29, 0x38, 0x43, 0x1A, 0x27, 0xAC, 0x6A, 0x8C, 0x77,
    0x49, 0x62, 0x0D, 0x0A, 0x15, 0x64, 0x27, 0x36, 0x79, 0x30, 0x41, 0x4C, 0x1E, 0x2B, 0x61, 0x26,
    0x35, 0x4E, 0x1E, 0x2C, 0x60, 0x26, 0x35, 0x51, 0x20, 0x2D, 0x10, 0x0B, 0x16, 0x0E, 0x0A, 0x15,
    0x0F, 0x0B, 0x16, 0x4D, 0x1E, 0x2C, 0x63, 0x27, 0x36, 0x11, 0x0B, 0x16, 0x49, 0x1D, 0x2A, 0x79,
    0x30, 0x41, 0x97, 0x51, 0x6C, 0xD0, 0x96, 0xAD, 0xDB, 0xB4, 0xBA, 0xC9, 0x7D, 0xA4, 0xC9, 0x7D,
    0xA4, 0xC9, 0x7D, 0xA4, 0xC9, 0x7D, 0xA4, 0xC9, 0x7D, 0xA4, 0xCE, 0x8F, 0xAB, 0xDD, 0xB8, 0xBC,
    0xC9, 0x7D, 0xA4, 0xC9, 0x7D, 0xA4, 0xCD, 0x8B, 0xA9, 0xDE, 0xBB, 0xBE, 0xC9, 0x7D, 0xA4, 0xCC,
    0x88, 0xA8, 0xDF, 0xBE, 0xBF, 0xC9, 0x7D, 0xA4, 0xC9, 0x7D, 0xA4, 0xC9, 0x7D, 0xA4, 0xCA, 0x82,
    0xA6, 0xE1, 0xC2, 0xC1, 0xCA, 0x80, 0xA5, 0xE2, 0xC3, 0xC2, 0xE2, 0xC3, 0xC1, 0xCA, 0x7F, 0xA5,
    0xE2, 0xC3, 0xC2, 0xCA, 0x7F, 0xA5, 0xE1, 0xC2, 0xC1, 0xE2, 0xC4, 0xC2, 0xFE, 0xFC, 0xF1, 0xE4,
    0xC9, 0xC6, 0xE2, 0xC5, 0xC3, 0xFD, 0xFB, 0xEF, 0xE5, 0xCC, 0xC8, 0xFC, 0xF9, 0xEE, 0xE6, 0xCE,
    0xCA, 0xFB, 0xF7, 0xEC, 0xFF, 0xFF, 0xF3, 0xE7, 0xD0, 0xCC, 0xE2, 0xC4, 0xC2, 0xE2, 0xC4, 0xC2,
    0xE2, 0xC4, 0xC2, 0xE2, 0xC4, 0xC2, 0xE2, 0xC4, 0xC2, 0xE2, 0xC3, 0xC2, 0xD0, 0x93, 0xAC, 0xDB,
    0xB4, 0xBA, 0xD0, 0x95, 0xAD, 0xC9, 0x7D, 0xA4, 0x98, 0x52, 0x6D, 0xB5, 0x6C, 0x8E, 0xC9, 0x7D,
    0xA4, 0x9B, 0x55, 0x71, 0x7A, 0x31, 0x43, 0xB1, 0x69, 0x8A, 0x9E, 0x58, 0x74, 0x4F, 0x1F, 0x2D,
    0x60, 0x27, 0x36, 0x60, 0x26, 0x35, 0x13, 0x0C, 0x17, 0x84, 0x51, 0x6C, 0xB0, 0x68, 0x89, 0x63,
    0x28, 0x37, 0x4B, 0x1D, 0x2A, 0x79, 0x30, 0x41, 0x65, 0x28, 0x37, 0x47, 0x1C, 0x29, 0x67, 0x28,
    0x38, 0x45, 0x1B, 0x28, 0x79, 0x30, 0x41, 0x69, 0x29, 0x39, 0x10, 0x0B, 0x16, 0x0F, 0x0B, 0x16,
    0x11, 0x0C, 0x17, 0x3B, 0x17, 0x24, 0x6D, 0x2B, 0x3B, 0x0C, 0x0A, 0x15, 0x36, 0x15, 0x21, 0x6F,
    0x2C, 0x3C, 0x0C, 0x0A, 0x15, 0x0D, 0x0A, 0x15, 0x11, 0x0B, 0x16, 0x0C, 0x0A, 0x15, 0x0C, 0x0A,
    0x15, 0x26, 0x10, 0x1B, 0x75, 0x2E, 0x3F, 0x0A, 0x0A, 0x15, 0x0E, 0x0A, 0x15, 0x0C, 0x0A, 0x15,
    0x0C, 0x0A, 0x15, 0x10, 0x0B, 0x16, 0x0C, 0x0A, 0x15, 0x0C, 0x0A, 0x15, 0x0C, 0x0A, 0x15, 0x0C,
    0x0A, 0x15, 0x0C, 0x0A, 0x15, 0x0A, 0x0A, 0x15, 0x75, 0x2E, 0x3F, 0x23, 0x0F, 0x1A, 0x0C, 0x0A,
    0x15, 0x0B, 0x0A, 0x15, 0x72, 0x2D, 0x3D, 0x2D, 0x13, 0x1E, 0x0C, 0x0A, 0x15, 0x0C, 0x0A, 0x15,
    0x0C, 0x0A, 0x15, 0x0C, 0x0A, 0x15, 0x12, 0x0B, 0x16, 0x0E, 0x0A, 0x15, 0x0C, 0x0A, 0x15, 0x0C,
    0x0A, 0x15, 0x0C, 0x0A, 0x15, 0x69, 0x2A, 0x39, 0x40, 0x19, 0x26, 0x12, 0x0B, 0x16, 0x0E, 0x0A,
    0x15, 0xAC, 0x6A, 0x8C, 0x77, 0x49, 0x62, 0x64, 0x27, 0x37, 0x79, 0x30, 0x41, 0x4C, 0x1E, 0x2B,
    0x62, 0x26, 0x35, 0x4D, 0x1E, 0x2C, 0x0F, 0x0B, 0x16, 0x9F, 0x62, 0x82, 0x9F, 0x59, 0x76, 0x78,
    0x30, 0x41, 0x78, 0x30, 0x41, 0x78, 0x30, 0x41, 0x78, 0x30, 0x41, 0x79, 0x30, 0x41, 0x63, 0x27,
    0x36, 0x49, 0x1C, 0x29, 0x79, 0x30, 0x41, 0x7A, 0x31, 0x42, 0xA2, 0x77, 0x7B, 0xDB, 0xB4, 0xBA,
    0xB8, 0x6F, 0x92, 0x94, 0x4E, 0x68, 0xC9, 0x7D, 0xA4, 0xC9, 0x7D, 0xA4, 0xC9, 0x7D, 0xA4, 0xC9,
    0x7D, 0xA4, 0xC9, 0x7E, 0xA4, 0xC9, 0x7D, 0xA4, 0xC9, 0x7D, 0xA4, 0xCD, 0x8C, 0xA9, 0xDF, 0xBC,
    0xBE, 0xC9, 0x7D, 0xA4, 0xC9, 0x7D, 0xA4, 0xCC, 0x88, 0xA8, 0xE0, 0xBE, 0xBF, 0xC9, 0x7D, 0xA4,
    0xCB, 0x83, 0xA6, 0xE2, 0xC3, 0xC2, 0xE1, 0xC2, 0xC1, 0xC9, 0x7D, 0xA4, 0xCA, 0x80, 0xA5, 0xE2,
    0xC4, 0xC2, 0xE2, 0xC3, 0xC2, 0xE2, 0xC4, 0xC2, 0xE2, 0xC3, 0xC2, 0xE2, 0xC4, 0xC2, 0xFE, 0xFC,
    0xF1, 0xFF, 0xFF, 0xF3, 0xFF, 0xFE, 0xF2, 0xFF, 0xFE, 0xF2, 0xFF, 0xFF, 0xF3, 0xE5, 0xCB, 0xC8,
    0xFC, 0xF9, 0xEE, 0xFF, 0xFE, 0xF2, 0xFF, 0xFF, 0xF3, 0xE7, 0xD0, 0xCC, 0xFA, 0xF6, 0xEB, 0xFF,
    0xFE, 0xF2, 0xE8, 0xD1, 0xCD, 0xE2, 0xC4, 0xC2, 0xE2, 0xC4, 0xC2, 0xE2, 0xC4, 0xC2, 0xD0, 0x93,
    0xAC, 0xC9, 0x7D, 0xA4, 0xC9, 0x7E, 0xA4, 0xC9, 0x7D, 0xA4, 0xC9, 0x7D, 0xA4, 0x97, 0x51, 0x6C,
    0xB4, 0x6C, 0x8E, 0x9B, 0x55, 0x70, 0xB2, 0x6A, 0x8B, 0x9B, 0x55, 0x71, 0x7A, 0x32, 0x43, 0x7A,
    0x31, 0x42, 0x78, 0x30, 0x41, 0x79, 0x30, 0x41, 0x79, 0x30, 0x41, 0x9E, 0x58, 0x75, 0xAF, 0x67,
    0x88, 0x63, 0x28, 0x38, 0x4C, 0x1E, 0x2B, 0x78, 0x30, 0x41, 0x64, 0x27, 0x37, 0x49, 0x1C, 0x29,
    0x78, 0x30, 0x41, 0x79, 0x30, 0x41, 0x78, 0x30, 0x41, 0x69, 0x29, 0x39, 0x11, 0x0B, 0x16, 0x3F,
    0x19, 0x25, 0x90, 0x4B, 0x63, 0xB2, 0x6F, 0x92, 0x0E, 0x0A, 0x15, 0x12, 0x0B, 0x16, 0x0C, 0x0A,
    0x15, 0x0D, 0x0A, 0x15, 0x12, 0x0B, 0x16, 0x0C, 0x0A, 0x15, 0x30, 0x13, 0x1F, 0x71, 0x2D, 0x3D,
    0x0B, 0x0A, 0x15, 0x0C, 0x0A, 0x15, 0x0D, 0x0A, 0x15, 0x13, 0x0B, 0x16, 0x20, 0x0E, 0x1A, 0x76,
    0x2F, 0x3F, 0x0A, 0x0A, 0x15, 0x0C, 0x0A, 0x15, 0x0C, 0x0A, 0x15, 0x0C, 0x0A, 0x15, 0x0C, 0x0A,
    0x15, 0x0C, 0x0A, 0x15, 0x0B, 0x0A, 0x15, 0x0C, 0x0A, 0x15, 0x0C, 0x0A, 0x15, 0x16, 0x0C, 0x17,
    0x0D, 0x0A, 0x15, 0x0A, 0x0A, 0x15, 0x72, 0x2D, 0x3E, 0x2E, 0x13, 0x1E, 0x0E, 0x0A, 0x15, 0x0C,
    0x0A, 0x15, 0x0C, 0x0A, 0x15, 0x0C, 0x0A, 0x15, 0x6E, 0x2B, 0x3B, 0x37, 0x16, 0x22, 0x0B, 0x0A,
    0x15, 0x0C, 0x0A, 0x15, 0x0C, 0x0A, 0x15, 0x0B, 0x0A, 0x15, 0x14, 0x0C, 0x17, 0x0F, 0x0B, 0x16,
    0x0C, 0x0A, 0x15, 0x0C, 0x0A, 0x15, 0xAC, 0x6A, 0x8C, 0x77, 0x49, 0x62, 0x14, 0x0B, 0x16, 0x16,
    0x0C, 0x17, 0x63, 0x27, 0x36, 0x79, 0x30, 0x41, 0x78, 0x30, 0x41, 0x4D, 0x1E, 0x2B, 0x62, 0x28,
    0x38, 0x54, 0x22, 0x30, 0x51, 0x20, 0x2D, 0x79, 0x30, 0x41, 0x62, 0x26, 0x35, 0x4E, 0x1E, 0x2C,
    0x79, 0x30, 0x41, 0x64, 0x27, 0x36, 0x49, 0x1C, 0x29, 0x79, 0x30, 0x41, 0x67, 0x28, 0x38, 0x49,
    0x21, 0x2C, 0x7D, 0x39, 0x48, 0x95, 0x4F, 0x69, 0xC8, 0x7C, 0xA3, 0xC9, 0x7D, 0xA4, 0xC9, 0x7D,
    0xA4, 0xC9, 0x7D, 0xA4, 0xC9, 0x7D, 0xA4, 0xC9, 0x7D, 0xA4, 0xC9, 0x7D, 0xA4, 0xC9, 0x7D, 0xA4,
    0xC9, 0x7D, 0xA4, 0xCA, 0x7F, 0xA5, 0xC9, 0x7D, 0xA4, 0xC9, 0x7D, 0xA4, 0xC9, 0x7D, 0xA4, 0xCC,
    0x87, 0xA8, 0xE0, 0xBF, 0xBF, 0xC9, 0x7D, 0xA4, 0xCB, 0x84, 0xA6, 0xE1, 0xC2, 0xC1, 0xC9, 0x7D,
    0xA4, 0xC9, 0x7F, 0xA5, 0xE2, 0xC4, 0xC2, 0xE2, 0xC4, 0xC2, 0xE2, 0xC4, 0xC2, 0xE2, 0xC4, 0xC2,
    0xE2, 0xC4, 0xC2, 0xE3, 0xC6, 0xC3, 0xE3, 0xC5, 0xC3, 0xFD, 0xFC, 0xF0, 0xFF, 0xFF, 0xF3, 0xE5,
    0xCC, 0xC8, 0xFC, 0xF9, 0xEE, 0xFF, 0xFF, 0xF3, 0xE7, 0xCE, 0xCA, 0xFB, 0xF8, 0xED, 0xE7, 0xCF,
    0xCB, 0xFA, 0xF6, 0xEC, 0xFF, 0xFF, 0xF3, 0xE8, 0xD1, 0xCD, 0xE2, 0xC4, 0xC2, 0xE2, 0xC4, 0xC2,
    0xE2, 0xC4, 0xC2, 0xE2, 0xC3, 0xC1, 0xE1, 0xC3, 0xC1, 0xD0, 0x94, 0xAC, 0xC9, 0x7D, 0xA4, 0xC9,
    0x7D, 0xA4, 0xC8, 0x7C, 0xA3, 0xC8, 0x7D, 0xA3, 0xC8, 0x7C, 0xA3, 0xC9, 0x7D, 0xA4, 0x9C, 0x56,
    0x72, 0x79, 0x30, 0x41, 0xAF, 0x67, 0x88, 0x9E, 0x58, 0x74, 0x79, 0x30, 0x41, 0x79, 0x30, 0x41,
    0x9F, 0x59, 0x76, 0xB0, 0x67, 0x88, 0x61, 0x26, 0x35, 0x4C, 0x1E, 0x2B, 0x79, 0x30, 0x41, 0x64,
    0x27, 0x36, 0x0F, 0x0B, 0x16, 0x16, 0x0C, 0x17, 0x75, 0x47, 0x5F, 0xAC, 0x6A, 0x8C, 0x44, 0x1A,
    0x27, 0x78, 0x2F, 0x40, 0x6A, 0x2A, 0x39, 0x1B, 0x0F, 0x1A, 0x21, 0x14, 0x20, 0x0B, 0x0A, 0x15,
    0x39, 0x16, 0x22, 0x6D, 0x2B, 0x3B, 0x0B, 0x0A, 0x15, 0x34, 0x15, 0x21, 0x6F, 0x2C, 0x3C, 0x0E,
    0x0A, 0x15, 0x16, 0x0C, 0x17, 0x0C, 0x0A, 0x15, 0x0B, 0x0A, 0x15, 0x0C, 0x0A, 0x15, 0x0C, 0x0A,
    0x15, 0x0D, 0x0A, 0x15, 0x22, 0x0F, 0x1A, 0x76, 0x2F, 0x40, 0x0B, 0x0A, 0x15, 0x0A, 0x0A, 0x15,
    0x0C, 0x0A, 0x15, 0x0C, 0x0A, 0x15, 0x0C, 0x0A, 0x15, 0x76, 0x2F, 0x3F, 0x19, 0x0D, 0x18, 0x0C,
    0x0A, 0x15, 0x0A, 0x0A, 0x15, 0x0C, 0x0A, 0x15, 0x0C, 0x0A, 0x15, 0x19, 0x0D, 0x18, 0x71, 0x2D,
    0x3D, 0x2D, 0x12, 0x1E, 0x0C, 0x0A, 0x15, 0x0A, 0x0A, 0x15, 0x0C, 0x0A, 0x15, 0x18, 0x0C, 0x18,
    0x10, 0x0B, 0x16, 0x6B, 0x2A, 0x3A, 0x39, 0x17, 0x23, 0x0C, 0x0A, 0x15, 0x69, 0x29, 0x39, 0x3E,
    0x18, 0x25, 0x0A, 0x0A, 0x15, 0x0B, 0x0A, 0x15, 0x0C, 0x0A, 0x15, 0xAC, 0x6A, 0x8C, 0x77, 0x49,
    0x62, 0x0B, 0x0A, 0x15, 0x62, 0x27, 0x36, 0x78, 0x30, 0x41, 0x4E, 0x1F, 0x2C, 0x63, 0x27, 0x36,
    0x78, 0x30, 0x40, 0x78, 0x30, 0x41, 0x50, 0x1F, 0x2D, 0x50, 0x1F, 0x2D, 0x79, 0x30, 0x41, 0x78,
    0x30, 0x41, 0x78, 0x30, 0x40, 0x64, 0x27, 0x36, 0x4B, 0x1D, 0x2A, 0x78, 0x2F, 0x40, 0x79, 0x30,
    0x41, 0x79, 0x30, 0x41, 0x78, 0x2F, 0x40, 0x79, 0x30, 0x41, 0x94, 0x4E, 0x68, 0xC9, 0x7D, 0xA4,
    0xC9, 0x7D, 0xA4, 0xC9, 0x7D, 0xA4, 0xC9, 0x7D, 0xA4, 0xC9, 0x7D, 0xA4, 0xBD, 0x73, 0x97, 0x8F,
    0x49, 0x61, 0xC9, 0x7D, 0xA4, 0xC9, 0x7D, 0xA4, 0xC9, 0x7D, 0xA4, 0xCC, 0x89, 0xA8, 0xDF, 0xBC,
    0xBE, 0xC9, 0x7D, 0xA4, 0xCB, 0x85, 0xA7, 0xE0, 0xC0, 0xC0, 0xC9, 0x7D, 0xA4, 0xCA, 0x81, 0xA6,
    0xE1, 0xC2, 0xC1, 0xCA, 0x7F, 0xA5, 0xE1, 0xC2, 0xC1, 0xE2, 0xC4, 0xC2, 0xE2, 0xC4, 0xC2, 0xE2,
    0xC4, 0xC2, 0xE2, 0xC4, 0xC2, 0xE2, 0xC4, 0xC2, 0xFD, 0xFB, 0xF0, 0xFE, 0xFD, 0xF2, 0xE5, 0xCA,
    0xC7, 0xFD, 0xFB, 0xF0, 0xFE, 0xFD, 0xF2, 0xFF, 0xFF, 0xF3, 0xE7, 0xCE, 0xCA, 0xFB, 0xF7, 0xEC,
    0xE7, 0xD0, 0xCB, 0xFA, 0xF5, 0xEB, 0xE8, 0xD1, 0xCD, 0xE3, 0xC6, 0xC4, 0xE2, 0xC4, 0xC2, 0xF9,
    0xF3, 0xE9, 0xE8, 0xD2, 0xCE, 0xE2, 0xC4, 0xC2, 0xE2, 0xC4, 0xC2, 0xE2, 0xC4, 0xC2, 0xD0, 0x94,
    0xAD, 0xC9, 0x7D, 0xA4, 0x99, 0x52, 0x6D, 0xC9, 0xA7, 0xA8, 0xD1, 0x98, 0xAE, 0xDA, 0xAF, 0xB8,
    0xA9, 0x7F, 0x83, 0xB1, 0x69, 0x8A, 0x9C, 0x56, 0x72, 0x7C, 0x33, 0x45, 0x7A, 0x32, 0x43, 0x79,
    0x30, 0x41, 0x79, 0x30, 0x41, 0x7B, 0x32, 0x43, 0x9F, 0x59, 0x75, 0xA1, 0x63, 0x83, 0x4C, 0x1E,
    0x2B, 0x64, 0x27, 0x36, 0x4B, 0x1D, 0x2A, 0x63, 0x27, 0x36, 0x75, 0x48, 0x60, 0xB4, 0x6C, 0x8E,
    0x6B, 0x2D, 0x3D, 0x11, 0x0B, 0x16, 0x1A, 0x0C, 0x17, 0x14, 0x0A, 0x15, 0x0C, 0x0A, 0x15, 0x3B,
    0x17, 0x23, 0x6B, 0x2A, 0x3A, 0x10, 0x0B, 0x16, 0x3B, 0x17, 0x23, 0x6D, 0x2B, 0x3B, 0x0F, 0x0A,
    0x15, 0x18, 0x0C, 0x17, 0x0C, 0x0A, 0x15, 0x0C, 0x0A, 0x15, 0x2B, 0x12, 0x1D, 0x72, 0x2D, 0x3D,
    0x0A, 0x0A, 0x15, 0x0C, 0x0A, 0x15, 0x0A, 0x0A, 0x15, 0x0D, 0x0A, 0x15, 0x1A, 0x0D, 0x18, 0x16,
    0x0C, 0x17, 0x76, 0x2F, 0x40, 0x0E, 0x0A, 0x15, 0x0C, 0x0A, 0x15, 0x0C, 0x0A, 0x15, 0x1E, 0x0E,
    0x19, 0x0D, 0x0A, 0x15, 0x0A, 0x0A, 0x15, 0x74, 0x2E, 0x3E, 0x22, 0x0F, 0x1A, 0x0C, 0x0A, 0x15,
    0x0C, 0x0A, 0x15, 0x1D, 0x0E, 0x19, 0x0F, 0x0B, 0x16, 0x0C, 0x0A, 0x15, 0x6E, 0x2B, 0x3B, 0x33,
    0x14, 0x20, 0x0C, 0x0A, 0x15, 0x0C, 0x0A, 0x15, 0x6D, 0x2B, 0x3B, 0x77, 0x2F, 0x40, 0x3B, 0x17,
    0x23, 0x6B, 0x2A, 0x3A, 0x3F, 0x19, 0x25, 0x67, 0x29, 0x38, 0x41, 0x19, 0x26, 0x0C, 0x0A, 0x15,
    0x6C, 0x2E, 0x40, 0x4A, 0x1F, 0x2D, 0x63, 0x27, 0x36, 0x78, 0x30, 0x41, 0x4E, 0x1E, 0x2C, 0x14,
    0x0B, 0x16, 0x18, 0x0C, 0x17, 0x62, 0x26, 0x35, 0x52, 0x20, 0x2E, 0x5E, 0x25, 0x34, 0x77, 0x2F,
    0x40, 0x79, 0x30, 0x41, 0x62, 0x27, 0x36, 0x50, 0x1F, 0x2D, 0x78, 0x30, 0x41, 0x77, 0x2F, 0x40,
    0x79, 0x30, 0x41, 0x66, 0x28, 0x38, 0x49, 0x1C, 0x29, 0x78, 0x2F, 0x40, 0x94, 0x4D, 0x67, 0xC7,
    0x7B, 0xA2, 0xC9, 0x7D, 0xA4, 0xC9, 0x7D, 0xA4, 0xC9, 0x7D, 0xA4, 0xC9, 0x7D, 0xA4, 0xC9, 0x7D,
    0xA4, 0xC8, 0x7D, 0xA3, 0xC6, 0x7B, 0xA1, 0xC9, 0x7D, 0xA4, 0xC9, 0x7D, 0xA4, 0xC9, 0x7D, 0xA4,
    0xC9, 0x7D, 0xA4, 0xCA, 0x81, 0xA5, 0xCC, 0x86, 0xA7, 0xDF, 0xBD, 0xBE, 0xCA, 0x81, 0xA5, 0xCB,
    0x83, 0xA6, 0xE1, 0xC2, 0xC1, 0xE1, 0xC2, 0xC1, 0xCA, 0x7F, 0xA5, 0xE2, 0xC4, 0xC2, 0xE2, 0xC4,
    0xC2, 0xE2, 0xC4, 0xC2, 0xE2, 0xC4, 0xC2, 0xE2, 0xC4, 0xC2, 0xE2, 0xC4, 0xC2, 0xFE, 0xFD, 0xF2,
    0xFF, 0xFF, 0xF3, 0xE4, 0xC8, 0xC5, 0xE3, 0xC7, 0xC4, 0xFD, 0xFB, 0xEF, 0xFF, 0xFF, 0xF3, 0xFE,
    0xFD, 0xF1, 0xFF, 0xFF, 0xF3, 0xFE, 0xFD, 0xF1, 0xFF, 0xFF, 0xF3, 0xE7, 0xCF, 0xCB, 0xF9, 0xF3,
    0xE9, 0xE8, 0xD0, 0xCC, 0xE3, 0xC7, 0xC4, 0xE2, 0xC5, 0xC3, 0xE2, 0xC4, 0xC2, 0xE2, 0xC4, 0xC2,
    0xD1, 0x96, 0xAD, 0xC9, 0x7E, 0xA4, 0xDA, 0xB1, 0xB9, 0xA1, 0x75, 0x79, 0xB6, 0x70, 0x90, 0xC9,
    0x7F, 0xA5, 0x9E, 0x5B, 0x74, 0x7B, 0x37, 0x45, 0x7C, 0x34, 0x46, 0x7B, 0x32, 0x44, 0x79, 0x30,
    0x41, 0xAD, 0x65, 0x86, 0x9E, 0x58, 0x74, 0x9F, 0x58, 0x75, 0x9F, 0x61, 0x81, 0x85, 0x51, 0x6C,
    0xA3, 0x64, 0x85, 0x4C, 0x1E, 0x2B, 0x63, 0x27, 0x36, 0x13, 0x0B, 0x16, 0x4A, 0x1D, 0x2A, 0x79,
    0x32, 0x43, 0x99, 0x53, 0x6E, 0xAB, 0x69, 0x8B, 0x0B, 0x0A, 0x15, 0x6B, 0x41, 0x58, 0xAD, 0x6B,
    0x8D, 0x0C, 0x0A, 0x15, 0x3C, 0x18, 0x24, 0x6D, 0x2B, 0x3B, 0x0C, 0x0A, 0x15, 0x10, 0x0B, 0x16,
    0x1B, 0x0D, 0x18, 0x33, 0x14, 0x20, 0x6E, 0x2B, 0x3B, 0x0C, 0x0A, 0x15, 0x0C, 0x0A, 0x15, 0x0D,
    0x0A, 0x15, 0x1D, 0x0E, 0x19, 0x0C, 0x0A, 0x15, 0x22, 0x0F, 0x1A, 0x74, 0x2E, 0x3E, 0x0A, 0x0A,
    0x15, 0x0C, 0x0A, 0x15, 0x16, 0x0C, 0x17, 0x78, 0x30, 0x41, 0x0E, 0x0A, 0x15, 0x0C, 0x0A, 0x15,
    0x0C, 0x0A, 0x15, 0x0C, 0x0A, 0x15, 0x0C, 0x0A, 0x15, 0x0C, 0x0A, 0x15, 0x21, 0x0F, 0x1A, 0x0E,
    0x0A, 0x15, 0x0C, 0x0A, 0x15, 0x0A, 0x0A, 0x15, 0x0C, 0x0A, 0x15, 0x0C, 0x0A, 0x15, 0x0C, 0x0A,
    0x15, 0x70, 0x2C, 0x3D, 0x34, 0x15, 0x21, 0x0C, 0x0A, 0x15, 0x0A, 0x0A, 0x15, 0x1E, 0x0E, 0x19,
    0x21, 0x0F, 0x1A, 0x12, 0x0B, 0x16, 0x1E, 0x0E, 0x19, 0x13, 0x0B, 0x16, 0x1D, 0x0E, 0x19, 0x13,
    0x0B, 0x16, 0x0B, 0x0A, 0x15, 0x67, 0x28, 0x38, 0x77, 0x2F, 0x40, 0x4A, 0x1D, 0x2A, 0x22, 0x0F,
    0x1A, 0x62, 0x26, 0x35, 0x49, 0x1D, 0x2A, 0x5E, 0x25, 0x34, 0x78, 0x2F, 0x40, 0x4F, 0x1F, 0x2D,
    0x5F, 0x25, 0x34, 0x61, 0x26, 0x35, 0x52, 0x20, 0x2E, 0x61, 0x26, 0x35, 0x15, 0x0C, 0x17, 0x4F,
    0x1F, 0x2C, 0x65, 0x28, 0x37, 0x4D, 0x1E, 0x2B, 0x78, 0x30, 0x40, 0x94, 0x4F, 0x69, 0xCD, 0x92,
    0xA9, 0xD8, 0xAF, 0xB6, 0xC9, 0x7D, 0xA4, 0xC9, 0x7D, 0xA4, 0xC9, 0x7D, 0xA4, 0xBB, 0x72, 0x96,
    0x94, 0x4E, 0x68, 0xC9, 0x7D, 0xA4, 0xC9, 0x7D, 0xA4, 0xC9, 0x7D, 0xA4, 0xC9, 0x7D, 0xA4, 0xC9,
    0x7D, 0xA4, 0xCD, 0x89, 0xA8, 0xDE, 0xB9, 0xBD, 0xC9, 0x7D, 0xA4, 0xCC, 0x87, 0xA7, 0xE2, 0xC4,
    0xC2, 0xDF, 0xBC, 0xBE, 0xC9, 0x7D, 0xA4, 0xCB, 0x83, 0xA6, 0xCC, 0x86, 0xA7, 0xE1, 0xC1, 0xC0,
    0xE2, 0xC4, 0xC2, 0xE2, 0xC4, 0xC2, 0xE2, 0xC4, 0xC2, 0xE2, 0xC4, 0xC2, 0xE2, 0xC4, 0xC2, 0xFD,
    0xFB, 0xEF, 0xE5, 0xCA, 0xC7, 0xFE, 0xFD, 0xF1, 0xFD, 0xFC, 0xF0, 0xFD, 0xFC, 0xF0, 0xE6, 0xCE,
    0xCA, 0xE4, 0xC8, 0xC5, 0xFC, 0xF9, 0xEE, 0xE8, 0xD1, 0xCC, 0xFB, 0xF8, 0xED, 0xFF, 0xFF, 0xF3,
    0xFE, 0xFC, 0xF1, 0xFF, 0xFF, 0xF3, 0xFE, 0xFD, 0xF1, 0xE8, 0xD1, 0xCD, 0xE2, 0xC4, 0xC2, 0xE2,
    0xC4, 0xC2, 0xE2, 0xC4, 0xC2, 0xD0, 0x93, 0xAC, 0xDB, 0xB2, 0xB9, 0xE2, 0xC3, 0xC2, 0xCE, 0x94,
    0xAB, 0xC8, 0x7C, 0xA3, 0xC9, 0x7D, 0xA4, 0xC7, 0x7B, 0xA1, 0xC5, 0x7A, 0xA0, 0xC5, 0x7A, 0xA0,
    0xC5, 0x7A, 0xA0, 0x9C, 0x56, 0x72, 0x7D, 0x35, 0x48, 0x7C, 0x33, 0x45, 0x7C, 0x34, 0x46, 0x66,
    0x2D, 0x3D, 0x84, 0x51, 0x6C, 0xB0, 0x68, 0x89, 0x61, 0x26, 0x35, 0x4C, 0x1E, 0x2B, 0x61, 0x26,
    0x35, 0x47, 0x1B, 0x28, 0x79, 0x30, 0x41, 0x6B, 0x2C, 0x3D, 0x31, 0x1D, 0x2B, 0x40, 0x19, 0x26,
    0x78, 0x31, 0x43, 0x71, 0x32, 0x44, 0x0C, 0x0A, 0x15, 0x3C, 0x18, 0x24, 0x6D, 0x2B, 0x3B, 0x0C,
    0x0A, 0x15, 0x36, 0x15, 0x21, 0x6B, 0x2A, 0x3A, 0x11, 0x0B, 0x16, 0x1F, 0x0E, 0x19, 0x0C, 0x0A,
    0x15, 0x2C, 0x12, 0x1E, 0x6F, 0x2C, 0x3C, 0x0B, 0x0A, 0x15, 0x0C, 0x0A, 0x15, 0x0E, 0x0A, 0x15,
    0x21, 0x0F, 0x1A, 0x0C, 0x0A, 0x15, 0x0A, 0x0A, 0x15, 0x0D, 0x0A, 0x15, 0x22, 0x0F, 0x1A, 0x0C,
    0x0A, 0x15, 0x0C, 0x0A, 0x15, 0x0C, 0x0A, 0x15, 0x0C, 0x0A, 0x15, 0x0C, 0x0A, 0x15, 0x0C, 0x0A,
    0x15, 0x0A, 0x0A, 0x15, 0x0C, 0x0A, 0x15, 0x09, 0x0A, 0x15, 0x6F, 0x2C, 0x3C, 0x2A, 0x11, 0x1D,
    0x0C, 0x0A, 0x15, 0x0B, 0x0A, 0x15, 0x22, 0x0F, 0x1A, 0x12, 0x0B, 0x16, 0x0C, 0x0A, 0x15, 0x6A,
    0x2A, 0x39, 0x37, 0x16, 0x22, 0x69, 0x29, 0x39, 0x3A, 0x17, 0x23, 0x0C, 0x0A, 0x15, 0x0C, 0x0A,
    0x15, 0x66, 0x28, 0x37, 0x75, 0x2E, 0x3F, 0x41, 0x1A, 0x26, 0x67, 0x28, 0x38, 0x4C, 0x1E, 0x2B,
    0x63, 0x27, 0x36, 0x47, 0x1C, 0x28, 0x1E, 0x0E, 0x19, 0x61, 0x26, 0x35, 0x4F, 0x1F, 0x2C, 0x25,
    0x10, 0x1B, 0x18, 0x0C, 0x17, 0x5F, 0x25, 0x34, 0x77, 0x2F, 0x40, 0x76, 0x2F, 0x40, 0x77, 0x2F,
    0x40, 0x5E, 0x25, 0x33, 0x4B, 0x1D, 0x2B, 0x77, 0x2F, 0x40, 0x76, 0x2F, 0x3F, 0x79, 0x30, 0x41,
    0x7C, 0x34, 0x46, 0xA6, 0x79, 0x7F, 0xCD, 0xAB, 0xAC, 0x99, 0x53, 0x6E, 0xC9, 0x7D, 0xA4, 0xC9,
    0x7D, 0xA4, 0xC8, 0x7C, 0xA3, 0xC5, 0x7A, 0xA0, 0xC9, 0x7D, 0xA4, 0xC9, 0x7D, 0xA4, 0xC9, 0x7D,
    0xA4, 0xC9, 0x7D, 0xA4, 0xCD, 0x8A, 0xA9, 0xDD, 0xB9, 0xBC, 0xCE, 0x8E, 0xAA, 0xDE, 0xB9, 0xBD,
    0xCC, 0x86, 0xA7, 0xE0, 0xC0, 0xC0, 0xCD, 0x8A, 0xA9, 0xE0, 0xC0, 0xC0, 0xDF, 0xBD, 0xBF, 0xCA,
    0x80, 0xA5, 0xE2, 0xC4, 0xC2, 0xE2, 0xC4, 0xC2, 0xE2, 0xC4, 0xC2, 0xE2, 0xC4, 0xC2, 0xE2, 0xC4,
    0xC2, 0xE2, 0xC4, 0xC2, 0xFE, 0xFE, 0xF2, 0xFD, 0xFB, 0xF0, 0xFF, 0xFF, 0xF3, 0xFF, 0xFF, 0xF3,
    0xFF, 0xFF, 0xF3, 0xFD, 0xFB, 0xF0, 0xFD, 0xFB, 0xF0, 0xFF, 0xFF, 0xF3, 0xFD, 0xFC, 0xF0, 0xE8,
    0xD2, 0xCD, 0xFB, 0xF8, 0xED, 0xE9, 0xD4, 0xCF, 0xE4, 0xC9, 0xC6, 0xE4, 0xCA, 0xC6, 0xE3, 0xC5,
    0xC3, 0xE2, 0xC4, 0xC2, 0xE2, 0xC4, 0xC2, 0xE2, 0xC4, 0xC2, 0xE1, 0xC1, 0xC0, 0xD1, 0x97, 0xAE,
    0xCB, 0x84, 0xA7, 0xDA, 0xB1, 0xB9, 0xD0, 0x96, 0xAD, 0xC9, 0x7D, 0xA4, 0x9E, 0x58, 0x74, 0x82,
    0x3B, 0x4F, 0xB4, 0x6B, 0x8D, 0xA1, 0x5B, 0x78, 0x7C, 0x34, 0x47, 0xAC, 0x64, 0x84, 0xC4, 0x79,
    0x9F, 0x9C, 0x5F, 0x7E, 0x51, 0x1F, 0x2D, 0x7A, 0x34, 0x46, 0x6A, 0x30, 0x41, 0x4E, 0x1E, 0x2C,
    0x76, 0x2F, 0x40, 0x97, 0x52, 0x6C, 0xAE, 0x68, 0x88, 0x79, 0x30, 0x41, 0x67, 0x28, 0x38, 0x0C,
    0x0A, 0x15, 0x42, 0x1A, 0x27, 0x6B, 0x2A, 0x3A, 0x21, 0x0F, 0x1A, 0x0A, 0x0A, 0x15, 0x13, 0x0B,
    0x16, 0x21, 0x0F, 0x1A, 0x0C, 0x0A, 0x15, 0x12, 0x0B, 0x16, 0x22, 0x0F, 0x1A, 0x0C, 0x0A, 0x15,
    0x0B, 0x0A, 0x15, 0x0C, 0x0A, 0x15, 0x11, 0x0B, 0x16, 0x23, 0x0F, 0x1B, 0x0C, 0x0A, 0x15, 0x0A,
    0x0A, 0x15, 0x0C, 0x0A, 0x15, 0x0C, 0x0A, 0x15, 0x1C, 0x0D, 0x18, 0x73, 0x2E, 0x3E, 0x0B, 0x0A,
    0x15, 0x0A, 0x0A, 0x15, 0x0C, 0x0A, 0x15, 0x0C, 0x0A, 0x15, 0x0C, 0x0A, 0x15, 0x0C, 0x0A, 0x15,
    0x0C, 0x0A, 0x15, 0x0A, 0x0A, 0x15, 0x71, 0x2D, 0x3D, 0x21, 0x0F, 0x1A, 0x6F, 0x2C, 0x3C, 0x36,
    0x15, 0x21, 0x11, 0x0B, 0x16, 0x0C, 0x0A, 0x15, 0x6C, 0x2B, 0x3A, 0x30, 0x13, 0x1F, 0x0C, 0x0A,
    0x15, 0x0C, 0x0A, 0x15, 0x24, 0x10, 0x1B, 0x14, 0x0C, 0x17, 0x24, 0x10, 0x1B, 0x15, 0x0C, 0x17,
    0x0C, 0x0A, 0x15, 0x0B, 0x0A, 0x15, 0x23, 0x0F, 0x1B, 0x28, 0x11, 0x1C, 0x17, 0x0C, 0x17, 0x67,
    0x28, 0x37, 0x75, 0x2E, 0x3F, 0x77, 0x2F, 0x40, 0x49, 0x1D, 0x2A, 0x5F, 0x25, 0x34, 0x77, 0x2F,
    0x40, 0x4D, 0x1E, 0x2B, 0x5C, 0x24, 0x33, 0x74, 0x2E, 0x3E, 0x52, 0x20, 0x2E, 0x28, 0x11, 0x1C,
    0x54, 0x21, 0x2E, 0x79, 0x30, 0x41, 0x77, 0x2F, 0x40, 0x76, 0x2F, 0x3F, 0x79, 0x30, 0x41, 0x79,
    0x30, 0x41, 0x79, 0x30, 0x41, 0x79, 0x30, 0x41, 0xA1, 0x76, 0x7A, 0xDA, 0xB3, 0xB9, 0xC5, 0x79,
    0x9F, 0xC9, 0x7D, 0xA4, 0xC9, 0x7D, 0xA4, 0xC9, 0x7D, 0xA4, 0xC9, 0x7D, 0xA4, 0xC9, 0x7D, 0xA4,
    0xCE, 0x8D, 0xAA, 0xDC, 0xB5, 0xBB, 0xC9, 0x7D, 0xA4, 0xC9, 0x7E, 0xA4, 0xCB, 0x85, 0xA7, 0xCC,
    0x89, 0xA8, 0xE2, 0xC4, 0xC2, 0xDE, 0xBA, 0xBD, 0xCD, 0x8C, 0xA9, 0xE0, 0xBF, 0xC0, 0xE2, 0xC4,
    0xC2, 0xE2, 0xC4, 0xC2, 0xE0, 0xBF, 0xC0, 0xE2, 0xC4, 0xC2, 0xE2, 0xC4, 0xC2, 0xE2, 0xC4, 0xC2,
    0xE2, 0xC4, 0xC2, 0xE2, 0xC4, 0xC2, 0xE2, 0xC4, 0xC2, 0xE5, 0xCA, 0xC7, 0xFE, 0xFE, 0xF2, 0xE6,
    0xCE, 0xCA, 0xE5, 0xCA, 0xC7, 0xFD, 0xFB, 0xF0, 0xFF, 0xFF, 0xF3, 0xFF, 0xFF, 0xF3, 0xE8, 0xD2,
    0xCD, 0xFC, 0xF9, 0xEE, 0xFD, 0xFB, 0xF0, 0xE9, 0xD3, 0xCE, 0xF9, 0xF3, 0xE9, 0xFC, 0xFA, 0xEF,
    0xE7, 0xD0, 0xCC, 0xE2, 0xC4, 0xC2, 0xE2, 0xC4, 0xC2, 0xE2, 0xC4, 0xC2, 0xE2, 0xC4, 0xC2, 0xE2,
    0xC4, 0xC2, 0xE0, 0xC0, 0xC0, 0xD0, 0x93, 0xAC, 0xCB, 0x83, 0xA6, 0xCA, 0x80, 0xA5, 0xC9, 0x7D,
    0xA4, 0xC5, 0x7A, 0xA0, 0x98, 0x52, 0x6D, 0x80, 0x38, 0x4C, 0x7D, 0x35, 0x48, 0x79, 0x30, 0x41,
    0x7F, 0x38, 0x4B, 0xB1, 0x69, 0x8A, 0xAD, 0x66, 0x86, 0x76, 0x2F, 0x3F, 0x79, 0x30, 0x41, 0x77,
    0x2F, 0x40, 0x60, 0x26, 0x35, 0x50, 0x1F, 0x2D, 0x7D, 0x35, 0x47, 0x9C, 0x56, 0x72, 0xA6, 0x65,
    0x86, 0x22, 0x0F, 0x1A, 0x41, 0x19, 0x26, 0x66, 0x28, 0x37, 0x23, 0x0F, 0x1B, 0x3C, 0x18, 0x24,
    0x74, 0x2E, 0x3E, 0x67, 0x29, 0x38, 0x0B, 0x0A, 0x15, 0x37, 0x16, 0x22, 0x69, 0x29, 0x39, 0x0B,
    0x0A, 0x15, 0x32, 0x14, 0x20, 0x6B, 0x2A, 0x3A, 0x0C, 0x0A, 0x15, 0x0C, 0x0A, 0x15, 0x0C, 0x0A,
    0x15, 0x27, 0x10, 0x1C, 0x6F, 0x2C, 0x3C, 0x0A, 0x0A, 0x15, 0x0C, 0x0A, 0x15, 0x0E, 0x0A, 0x15,
    0x28, 0x11, 0x1C, 0x15, 0x0C, 0x17, 0x73, 0x2D, 0x3E, 0x0E, 0x0A, 0x15, 0x0C, 0x0A, 0x15, 0x0C,
    0x0A, 0x15, 0x0C, 0x0A, 0x15, 0x0C, 0x0A, 0x15, 0x0C, 0x0A, 0x15, 0x2A, 0x12, 0x1D, 0x10, 0x0B,
    0x16, 0x2A, 0x11, 0x1D, 0x11, 0x0B, 0x16, 0x0C, 0x0A, 0x15, 0x0C, 0x0A, 0x15, 0x71, 0x2D, 0x3D,
    0x32, 0x14, 0x20, 0x0C, 0x0A, 0x15, 0x0C, 0x0A, 0x15, 0x68, 0x29, 0x39, 0x36, 0x15, 0x21, 0x0C,
    0x0A, 0x15, 0x0C, 0x0A, 0x15, 0x0C, 0x0A, 0x15, 0x65, 0x28, 0x37, 0x3D, 0x18, 0x24, 0x0C, 0x0A,
    0x15, 0x0C, 0x0A, 0x15, 0xA6, 0x65, 0x86, 0x95, 0x4F, 0x69, 0x4F, 0x1F, 0x2C, 0x61, 0x26, 0x35,
    0x4E, 0x1E, 0x2C, 0x65, 0x28, 0x37, 0x4D, 0x1E, 0x2B, 0x61, 0x26, 0x35, 0x55, 0x21, 0x2F, 0x1D,
    0x0D, 0x19, 0x4B, 0x1D, 0x2B, 0x99, 0x54, 0x70, 0xAB, 0x63, 0x83, 0x79, 0x30, 0x41, 0x79, 0x30,
    0x41, 0x79, 0x30, 0x41, 0x67, 0x29, 0x38, 0x4F, 0x1F, 0x2C, 0x95, 0x4F, 0x68, 0xCC, 0x93, 0xA9,
    0xDB, 0xB4, 0xBA, 0xC9, 0x7D, 0xA4, 0xC9, 0x7D, 0xA4, 0xBB, 0x72, 0x96, 0x98, 0x52, 0x6D, 0xC9,
    0x7D, 0xA4, 0xC9, 0x7D, 0xA4, 0xCA, 0x7F, 0xA5, 0xCB, 0x86, 0xA7, 0xC9, 0x7D, 0xA4, 0xCD, 0x8A,
    0xA9, 0xDF, 0xBE, 0xBF, 0xDD, 0xB8, 0xBC, 0xCC, 0x87, 0xA8, 0xCE, 0x8E, 0xAA, 0xE0, 0xBE, 0xBF,
    0xE0, 0xC0, 0xC0, 0xCD, 0x8C, 0xA9, 0xE1, 0xC2, 0xC1, 0xCD, 0x8A, 0xA9, 0xE2, 0xC4, 0xC2, 0xE2,
    0xC4, 0xC2, 0xE2, 0xC4, 0xC2, 0xE2, 0xC4, 0xC2, 0xE2, 0xC4, 0xC2, 0xFC, 0xF9, 0xEE, 0xFC, 0xF9,
    0xEE, 0xE6, 0xCE, 0xCA, 0xFB, 0xF7, 0xEC, 0xFC, 0xF9, 0xEE, 0xFF, 0xFF, 0xF3, 0xE8, 0xD1, 0xCC,
    0xFD, 0xFA, 0xEF, 0xFC, 0xFA, 0xEF, 0xFF, 0xFE, 0xF2, 0xE9, 0xD4, 0xCF, 0xF9, 0xF3, 0xE9, 0xFF,
    0xFE, 0xF2, 0xFF, 0xFF, 0xF3, 0xE8, 0xD1, 0xCD, 0xF7, 0xF0, 0xE6, 0xE8, 0xD1, 0xCD, 0xE2, 0xC4,
    0xC2, 0xE2, 0xC4, 0xC2, 0xD2, 0x9A, 0xAF, 0xCC, 0x87, 0xA8, 0xCA, 0x80, 0xA5, 0x9D, 0x57, 0x73,
    0xB8, 0x6E, 0x91, 0x9F, 0x59, 0x75, 0xC7, 0xA2, 0xA5, 0xCD, 0x95, 0xAA, 0x99, 0x53, 0x6D, 0x79,
    0x30, 0x41, 0xAB, 0x63, 0x83, 0xC2, 0x77, 0x9D, 0x8B, 0x55, 0x71, 0x61, 0x2E, 0x3F, 0x79, 0x30,
    0x41, 0x79, 0x30, 0x41, 0x64, 0x27, 0x37, 0x23, 0x0F, 0x1B, 0x79, 0x49, 0x62, 0xAE, 0x66, 0x86,
    0x6C, 0x2F, 0x40, 0x3E, 0x25, 0x35, 0x42, 0x1A, 0x26, 0x75, 0x2E, 0x3F, 0x69, 0x29, 0x39, 0x3D,
    0x18, 0x24, 0x66, 0x28, 0x38, 0x2B, 0x12, 0x1D, 0x43, 0x1A, 0x27, 0x67, 0x28, 0x38, 0x16, 0x0C,
    0x17, 0x41, 0x19, 0x26, 0x69, 0x29, 0x39, 0x14, 0x0C, 0x17, 0x28, 0x11, 0x1C, 0x0C, 0x0A, 0x15,
    0x0C, 0x0A, 0x15, 0x0C, 0x0A, 0x15, 0x11, 0x0B, 0x16, 0x2A, 0x11, 0x1D, 0x0C, 0x0A, 0x15, 0x0B,
    0x0A, 0x15, 0x0C, 0x0A, 0x15, 0x0C, 0x0A, 0x15, 0x16, 0x0C, 0x17, 0x78, 0x30, 0x41, 0x0E, 0x0A,
    0x15, 0x0C, 0x0A, 0x15, 0x0C, 0x0A, 0x15, 0x0C, 0x0A, 0x15, 0x0C, 0x0A, 0x15, 0x0C, 0x0A, 0x15,
    0x0C, 0x0A, 0x15, 0x0C, 0x0A, 0x15, 0x0C, 0x0A, 0x15, 0x0C, 0x0A, 0x15, 0x0C, 0x0A, 0x15, 0x0C,
    0x0A, 0x15, 0x2B, 0x12, 0x1D, 0x15, 0x0C, 0x17, 0x0C, 0x0A, 0x15, 0x0C, 0x0A, 0x15, 0x2A, 0x11,
    0x1D, 0x68, 0x29, 0x39, 0x37, 0x16, 0x22, 0x0C, 0x0A, 0x15, 0x0C, 0x0A, 0x15, 0x6A, 0x2A, 0x3A,
    0x41, 0x19, 0x26, 0x0C, 0x0A, 0x15, 0x61, 0x26, 0x35, 0x81, 0x3B, 0x50, 0x57, 0x27, 0x37, 0x62,
    0x26, 0x35, 0x77, 0x2F, 0x40, 0x4B, 0x1D, 0x2A, 0x25, 0x10, 0x1B, 0x5F, 0x25, 0x34, 0x51, 0x20,
    0x2D, 0x99, 0x5D, 0x7C, 0x7F, 0x4E, 0x68, 0x50, 0x1F, 0x2D, 0x7F, 0x37, 0x4A, 0x6F, 0x34, 0x47,
    0x2E, 0x13, 0x1E, 0x53, 0x20, 0x2E, 0x67, 0x28, 0x38, 0x4D, 0x1E, 0x2B, 0x74, 0x2E, 0x3F, 0x7D,
    0x36, 0x48, 0xA8, 0x7B, 0x82, 0xCE, 0xAC, 0xAC, 0x9C, 0x56, 0x72, 0xC9, 0x7D, 0xA4, 0xC7, 0x7B,
    0xA2, 0xC3, 0x78, 0x9E, 0xC9, 0x7D, 0xA4, 0xC9, 0x7D, 0xA4, 0xC9, 0x7D, 0xA4, 0xCD, 0x8C, 0xA9,
    0xDB, 0xB4, 0xBA, 0xCD, 0x8B, 0xA9, 0xDF, 0xBD, 0xBF, 0xCF, 0x91, 0xAB, 0xDF, 0xBD, 0xBF, 0xDF,
    0xBE, 0xBF, 0xE0, 0xC0, 0xC0, 0xCE, 0x8D, 0xAA, 0xDF, 0xBD, 0xBF, 0xE2, 0xC4, 0xC2, 0xDF, 0xBD,
    0xBF, 0xE2, 0xC4, 0xC2, 0xE2, 0xC4, 0xC2, 0xE2, 0xC4, 0xC2, 0xE2, 0xC4, 0xC2, 0xE2, 0xC4, 0xC2,
    0xE6, 0xCD, 0xC9, 0xFE, 0xFE, 0xF2, 0xE3, 0xC6, 0xC4, 0xFE, 0xFC, 0xF1, 0xFF, 0xFF, 0xF3, 0xFF,
    0xFF, 0xF3, 0xE5, 0xCA, 0xC7, 0xE5, 0xCC, 0xC8, 0xFC, 0xFA, 0xEF, 0xFF, 0xFF, 0xF3, 0xE7, 0xCE,
    0xCA, 0xFB, 0xF7, 0xEC, 0xEB, 0xD6, 0xD1, 0xE6, 0xCD, 0xC9, 0xF8, 0xF1, 0xE7, 0xEB, 0xD7, 0xD1,
    0xE3, 0xC6, 0xC4, 0xE2, 0xC4, 0xC2, 0xE2, 0xC4, 0xC2, 0xE0, 0xBF, 0xBF, 0xCF, 0x92, 0xAC, 0xC9,
    0x7D, 0xA4, 0xD4, 0xAA, 0xB2, 0xA5, 0x77, 0x7F, 0xB1, 0x69, 0x8A, 0xC9, 0x83, 0xA4, 0xCA, 0x81,
    0xA5, 0x9C, 0x56, 0x72, 0xAB, 0x63, 0x83, 0xA0, 0x5A, 0x77, 0x87, 0x40, 0x56, 0x7B, 0x36, 0x49,
    0x5D, 0x24, 0x33, 0x2E, 0x13, 0x1E, 0x55, 0x21, 0x2F, 0x76, 0x2F, 0x40, 0x5C, 0x24, 0x33, 0x7E,
    0x4D, 0x67, 0xB3, 0x6A, 0x8C, 0x65, 0x28, 0x37, 0x0C, 0x0A, 0x15, 0x45, 0x1B, 0x28, 0x6A, 0x2A,
    0x39, 0x28, 0x11, 0x1C, 0x41, 0x19, 0x26, 0x6A, 0x2A, 0x3A, 0x3A, 0x17, 0x23, 0x73, 0x2E, 0x3E,
    0x6D, 0x2B, 0x3B, 0x0C, 0x0A, 0x15, 0x16, 0x0C, 0x17, 0x2A, 0x11, 0x1D, 0x0C, 0x0A, 0x15, 0x0C,
    0x0A, 0x15, 0x2D, 0x12, 0x1E, 0x6B, 0x2A, 0x3A, 0x0B, 0x0A, 0x15, 0x0C, 0x0A, 0x15, 0x0C, 0x0A,
    0x15, 0x21, 0x0F, 0x1A, 0x6F, 0x2C, 0x3C, 0x0A, 0x0A, 0x15, 0x0C, 0x0A, 0x15, 0x0E, 0x0A, 0x15,
    0x30, 0x13, 0x1F, 0x72, 0x2D, 0x3D, 0x0C, 0x0A, 0x15, 0x0C, 0x0A, 0x15, 0x0C, 0x0A, 0x15, 0x0C,
    0x0A, 0x15, 0x0C, 0x0A, 0x15, 0x0A, 0x0A, 0x15, 0x6D, 0x2B, 0x3B, 0x23, 0x0F, 0x1B, 0x0B, 0x0A,
    0x15, 0x6B, 0x2A, 0x3A, 0x2B, 0x12, 0x1D, 0x69, 0x29, 0x39, 0x2F, 0x13, 0x1F, 0x0C, 0x0A, 0x15,
    0x0C, 0x0A, 0x15, 0x66, 0x28, 0x38, 0x44, 0x1A, 0x27, 0x18, 0x0C, 0x18, 0x0C, 0x0A, 0x15, 0x0C,
    0x0A, 0x15, 0x2B, 0x12, 0x1D, 0x65, 0x28, 0x37, 0x3E, 0x18, 0x25, 0x2A, 0x11, 0x1D, 0x6A, 0x2A,
    0x39, 0x73, 0x2E, 0x3E, 0x76, 0x2F, 0x40, 0x52, 0x20, 0x2E, 0x60, 0x26, 0x35, 0x71, 0x2D, 0x3D,
    0x50, 0x1F, 0x2D, 0x1F, 0x0E, 0x19, 0xA0, 0x63, 0x83, 0x9D, 0x59, 0x76, 0x74, 0x2E, 0x3F, 0x64,
    0x27, 0x36, 0x51, 0x20, 0x2D, 0x71, 0x2D, 0x3D, 0x60, 0x26, 0x34, 0x4E, 0x1F, 0x2C, 0x74, 0x2E,
    0x3E, 0x79, 0x30, 0x41, 0x94, 0x4E, 0x67, 0xCB, 0x92, 0xA7, 0xD9, 0xB2, 0xB8, 0xB3, 0x6B, 0x8D,
    0x9C, 0x56, 0x72, 0xC9, 0x7D, 0xA4, 0xC9, 0x7D, 0xA4, 0xC9, 0x7D, 0xA4, 0xCE, 0x8D, 0xAA, 0xDF,
    0xBC, 0xBE, 0xDC, 0xB4, 0xBA, 0xCC, 0x88, 0xA8, 0xCD, 0x8B, 0xA9, 0xE2, 0xC3, 0xC1, 0xDF, 0xBD,
    0xBF, 0xE2, 0xC4, 0xC2, 0xE2, 0xC4, 0xC2, 0xE2, 0xC3, 0xC2, 0xDF, 0xBD, 0xBE, 0xE2, 0xC4, 0xC2,
    0xE2, 0xC4, 0xC2, 0xE2, 0xC4, 0xC2, 0xE2, 0xC4, 0xC2, 0xE2, 0xC4, 0xC2, 0xE2, 0xC4, 0xC2, 0xE2,
    0xC4, 0xC2, 0xFB, 0xF7, 0xEC, 0xE2, 0xC5, 0xC3, 0xFE, 0xFE, 0xF2, 0xFB, 0xF8, 0xED, 0xE7, 0xD0,
    0xCC, 0xFE, 0xFC, 0xF1, 0xFF, 0xFF, 0xF3, 0xFB, 0xF8, 0xED, 0xFB, 0xF8, 0xED, 0xFF, 0xFE, 0xF2,
    0xEA, 0xD5, 0xD0, 0xF8, 0xF2, 0xE8, 0xFE, 0xFE, 0xF2, 0xE7, 0xD0, 0xCC, 0xF7, 0xEF, 0xE6, 0xEB,
    0xD7, 0xD1, 0xE3, 0xC6, 0xC4, 0xE2, 0xC4, 0xC2, 0xE2, 0xC4, 0xC2, 0xE2, 0xC4, 0xC2, 0xE2, 0xC4,
    0xC2, 0xD0, 0x94, 0xAD, 0xC9, 0x7D, 0xA4, 0xCC, 0x86, 0xA7, 0xC4, 0x7C, 0x9F, 0xC6, 0x7B, 0xA1,
    0xA2, 0x5B, 0x78, 0x88, 0x42, 0x58, 0x7F, 0x37, 0x4A, 0xB1, 0x69, 0x8A, 0xC4, 0x79, 0x9E, 0xC0,
    0x76, 0x9B, 0x9B, 0x55, 0x70, 0x76, 0x2F, 0x3F, 0x71, 0x2D, 0x3D, 0x74, 0x2E, 0x3E, 0x65, 0x28,
    0x37, 0x50, 0x1F, 0x2D, 0x7A, 0x35, 0x48, 0x74, 0x37, 0x4B, 0x28, 0x11, 0x1C, 0x7E, 0x6C, 0x6C,
    0xB6, 0x9C, 0x9B, 0x2A, 0x11, 0x1D, 0x0C, 0x0A, 0x15, 0x41, 0x19, 0x26, 0x6A, 0x2A, 0x3A, 0x3E,
    0x18, 0x25, 0x79, 0x30, 0x41, 0x6D, 0x2B, 0x3B, 0x35, 0x15, 0x21, 0x66, 0x28, 0x38, 0x32, 0x14,
    0x20, 0x68, 0x29, 0x38, 0x0C, 0x0A, 0x15, 0x15, 0x0C, 0x17, 0x2E, 0x13, 0x1E, 0x0C, 0x0A, 0x15,
    0x0C, 0x0A, 0x15, 0x0C, 0x0A, 0x15, 0x11, 0x0B, 0x16, 0x30, 0x13, 0x1F, 0x0C, 0x0A, 0x15, 0x0C,
    0x0A, 0x15, 0x15, 0x0C, 0x17, 0x70, 0x2C, 0x3C, 0x31, 0x14, 0x20, 0x0C, 0x0A, 0x15, 0x0C, 0x0A,
    0x15, 0x0B, 0x0A, 0x15, 0x6E, 0x2C, 0x3C, 0x1B, 0x0D, 0x18, 0x0A, 0x0A, 0x15, 0x75, 0x2E, 0x3F,
    0x26, 0x10, 0x1B, 0x0C, 0x0A, 0x15, 0x30, 0x14, 0x1F, 0x15, 0x0C, 0x17, 0x30, 0x13, 0x1F, 0x69,
    0x29, 0x39, 0x70, 0x2C, 0x3C, 0x32, 0x14, 0x20, 0x2E, 0x13, 0x1E, 0x67, 0x29, 0x38, 0x36, 0x15,
    0x21, 0x64, 0x27, 0x36, 0x39, 0x16, 0x23, 0x62, 0x27, 0x36, 0x49, 0x1D, 0x2A, 0x64, 0x27, 0x36,
    0x3F, 0x19, 0x25, 0x67, 0x28, 0x38, 0x79, 0x30, 0x41, 0x52, 0x20, 0x2E, 0x60, 0x26, 0x35, 0x76,
    0x2F, 0x3F, 0x55, 0x21, 0x2F, 0x21, 0x0F, 0x1A, 0x59, 0x23, 0x31, 0xBC, 0x97, 0x9B, 0xAC, 0x82,
    0x87, 0x64, 0x27, 0x36, 0x52, 0x20, 0x2E, 0x5E, 0x25, 0x34, 0x55, 0x21, 0x2F, 0x76, 0x2F, 0x3F,
    0x73, 0x2E, 0x3E, 0x79, 0x30, 0x41, 0x79, 0x30, 0x41, 0x97, 0x52, 0x6C, 0xD1, 0x96, 0xAE, 0xDB,
    0xB4, 0xBA, 0xC6, 0x7B, 0xA1, 0xC2, 0x77, 0x9C, 0xC9, 0x7D, 0xA4, 0xC9, 0x7D, 0xA4, 0xC9, 0x7D,
    0xA4, 0xCA, 0x80, 0xA5, 0xCD, 0x8B, 0xA9, 0xCC, 0x89, 0xA8, 0xC9, 0x7D, 0xA4, 0xCA, 0x7F, 0xA5,
    0xD0, 0x95, 0xAD, 0xDF, 0xBE, 0xBF, 0xD0, 0x94, 0xAC, 0xE0, 0xBF, 0xC0, 0xCF, 0x92, 0xAC, 0xE2,
    0xC4, 0xC2, 0xE2, 0xC4, 0xC2, 0xE2, 0xC4, 0xC2, 0xE2, 0xC4, 0xC2, 0xE2, 0xC4, 0xC2, 0xE2, 0xC4,
    0xC2, 0xE2, 0xC4, 0xC2, 0xE2, 0xC4, 0xC2, 0xE7, 0xCF, 0xCB, 0xFA, 0xF6, 0xEC, 0xFF, 0xFF, 0xF3,
    0xFF, 0xFF, 0xF3, 0xE3, 0xC7, 0xC5, 0xFD, 0xFC, 0xF0, 0xFF, 0xFF, 0xF3, 0xE9, 0xD4, 0xCF, 0xFD,
    0xFB, 0xEF, 0xFF, 0xFF, 0xF3, 0xE6, 0xCD, 0xC9, 0xFB, 0xF8, 0xED, 0xFF, 0xFF, 0xF3, 0xE7, 0xD0,
    0xCC, 0xE6, 0xCD, 0xC9, 0xF7, 0xF0, 0xE6, 0xE7, 0xD0, 0xCC, 0xE2, 0xC4, 0xC2, 0xE2, 0xC4, 0xC2,
    0xE2, 0xC4, 0xC2, 0xD3, 0x9C, 0xB0, 0xDA, 0xB0, 0xB8, 0xCF, 0x92, 0xAC, 0xC9, 0x7D, 0xA4, 0xC9,
    0x7D, 0xA4, 0xC9, 0x7D, 0xA4, 0x9A, 0x54, 0x6F, 0x79, 0x30, 0x41, 0xAA, 0x63, 0x82, 0xC5, 0x7A,
    0xA0, 0xA6, 0x5F, 0x7D, 0xB3, 0x6B, 0x8D, 0x8B, 0x53, 0x6F, 0x58, 0x22, 0x31, 0x79, 0x30, 0x41,
    0x79, 0x30, 0x41, 0x76, 0x2F, 0x3F, 0x93, 0x50, 0x6B, 0xBF, 0x75, 0x9A, 0x9F, 0x61, 0x80, 0x42,
    0x1A, 0x27, 0x6C, 0x3C, 0x45, 0x53, 0x47, 0x49, 0x3F, 0x19, 0x25, 0x61, 0x26, 0x35, 0x41, 0x19,
    0x26, 0x77, 0x2F, 0x40, 0x72, 0x2D, 0x3D, 0x8D, 0x47, 0x5E, 0xAC, 0x69, 0x8A, 0x19, 0x0D, 0x18,
    0x44, 0x1B, 0x27, 0x68, 0x29, 0x38, 0x2F, 0x13, 0x1F, 0x0C, 0x0A, 0x15, 0x0C, 0x0A, 0x15, 0x2A,
    0x12, 0x1D, 0x6A, 0x2A, 0x39, 0x25, 0x10, 0x1B, 0x6C, 0x2A, 0x3A, 0x0A, 0x0A, 0x15, 0x0C, 0x0A,
    0x15, 0x0C, 0x0A, 0x15, 0x0C, 0x0A, 0x15, 0x16, 0x0C, 0x17, 0x78, 0x30, 0x41, 0x0E, 0x0A, 0x15,
    0x0C, 0x0A, 0x15, 0x0C, 0x0A, 0x15, 0x6E, 0x2B, 0x3B, 0x38, 0x16, 0x22, 0x10, 0x0B, 0x16, 0x0C,
    0x0A, 0x15, 0x34, 0x15, 0x20, 0x13, 0x0B, 0x16, 0x0B, 0x0A, 0x15, 0x69, 0x29, 0x39, 0x2A, 0x11,
    0x1D, 0x68, 0x29, 0x38, 0xB5, 0x6D, 0x8F, 0x5F, 0x35, 0x48, 0x18, 0x0C, 0x18, 0x65, 0x28, 0x37,
    0x77, 0x2F, 0x40, 0x71, 0x2D, 0x3D, 0x77, 0x2F, 0x40, 0x71, 0x2D, 0x3D, 0x49, 0x1C, 0x2A, 0x1D,
    0x0E, 0x19, 0x69, 0x29, 0x39, 0x72, 0x2D, 0x3D, 0x4C, 0x1E, 0x2B, 0x35, 0x15, 0x21, 0x61, 0x26,
    0x35, 0x76, 0x2F, 0x3F, 0x55, 0x21, 0x2F, 0x21, 0x0F, 0x1A, 0x59, 0x23, 0x31, 0x75, 0x2E, 0x3F,
    0x6E, 0x4B, 0x50, 0x4E, 0x3C, 0x3F, 0x2A, 0x11, 0x1D, 0x4F, 0x1F, 0x2C, 0x75, 0x2E, 0x3F, 0x5F,
    0x25, 0x34, 0x55, 0x21, 0x2F, 0x79, 0x30, 0x41, 0x79, 0x30, 0x41, 0x69, 0x29, 0x39, 0x7D, 0x4A,
    0x63, 0xCA, 0x82, 0xA6, 0xCC, 0x88, 0xA8, 0xC9, 0x7D, 0xA4, 0xC9, 0x7D, 0xA4, 0xC9, 0x7D, 0xA4,
    0xC9, 0x7D, 0xA4, 0xC9, 0x7D, 0xA4, 0xC9, 0x7D, 0xA4, 0xCD, 0x8C, 0xA9, 0xDE, 0xBA, 0xBD, 0xDB,
    0xB2, 0xB9, 0xCD, 0x89, 0xA8, 0xDF, 0xBC, 0xBE, 0xDF, 0xBD, 0xBE, 0xCC, 0x88, 0xA8, 0xE2, 0xC3,
    0xC2, 0xDE, 0xBB, 0xBE, 0xE2, 0xC4, 0xC2, 0xE2, 0xC4, 0xC2, 0xE2, 0xC4, 0xC2, 0xE2, 0xC4, 0xC2,
    0xE2, 0xC4, 0xC2, 0xE2, 0xC4, 0xC2, 0xE2, 0xC4, 0xC2, 0xE2, 0xC4, 0xC2, 0xFA, 0xF6, 0xEB, 0xE8,
    0xD1, 0xCC, 0xE7, 0xD0, 0xCB, 0xFE, 0xFD, 0xF2, 0xFB, 0xF7, 0xEC, 0xE8, 0xD2, 0xCE, 0xFD, 0xFC,
    0xF0, 0xFB, 0xF7, 0xEC, 0xE9, 0xD4, 0xCF, 0xFC, 0xFA, 0xEF, 0xFB, 0xF7, 0xED, 0xEA, 0xD6, 0xD1,
    0xFB, 0xF8, 0xED, 0xFB, 0xF8, 0xED, 0xE7, 0xCE, 0xCA, 0xE6, 0xCE, 0xCA, 0xE3, 0xC6, 0xC4, 0xE2,
    0xC4, 0xC2, 0xE2, 0xC4, 0xC2, 0xE2, 0xC4, 0xC2, 0xD0, 0x93, 0xAC, 0xCC, 0x89, 0xA8, 0xCA, 0x82,
    0xA6, 0xC9, 0x7D, 0xA4, 0xC9, 0x7D, 0xA4, 0xC9, 0x7D, 0xA4, 0xC2, 0x77, 0x9C, 0xBE, 0x74, 0x99,
    0xC5, 0x7A, 0xA0, 0xA6, 0x5F, 0x7D, 0xBD, 0x97, 0x9A, 0xAD, 0x81, 0x88, 0x7B, 0x38, 0x4B, 0x73,
    0x2E, 0x3E, 0x79, 0x30, 0x41, 0x65, 0x28, 0x37, 0x80, 0x4B, 0x65, 0xAE, 0x66, 0x86, 0x8B, 0x45,
    0x5C, 0x73, 0x39, 0x4D, 0x48, 0x1C, 0x29, 0x66, 0x28, 0x37, 0x0C, 0x0A, 0x15, 0x44, 0x1B, 0x27,
    0x69, 0x29, 0x39, 0x41, 0x19, 0x26, 0x8E, 0x48, 0x60, 0xB1, 0x69, 0x8A, 0x73, 0x32, 0x43, 0x51,
    0x31, 0x43, 0x34, 0x15, 0x21, 0x67, 0x29, 0x38, 0x31, 0x14, 0x1F, 0x30, 0x13, 0x1F, 0x67, 0x28,
    0x38, 0x0C, 0x0A, 0x15, 0x15, 0x0C, 0x17, 0x32, 0x14, 0x20, 0x13, 0x0B, 0x16, 0x3D, 0x18, 0x24,
    0x6C, 0x2A, 0x3A, 0x1C, 0x0D, 0x19, 0x6D, 0x2B, 0x3B, 0x16, 0x0C, 0x17, 0x6E, 0x2B, 0x3C, 0x35,
    0x15, 0x21, 0x0C, 0x0A, 0x15, 0x0C, 0x0A, 0x15, 0x0C, 0x0A, 0x15, 0x37, 0x16, 0x22, 0x0F, 0x0B,
    0x16, 0x0C, 0x0A, 0x15, 0x0C, 0x0A, 0x15, 0x0C, 0x0A, 0x15, 0x0C, 0x0A, 0x15, 0x0C, 0x0A, 0x15,
    0x34, 0x15, 0x21, 0x16, 0x0C, 0x17, 0x33, 0x15, 0x20, 0xBC, 0x74, 0x99, 0x59, 0x36, 0x4A, 0x0C,
    0x0A, 0x15, 0x32, 0x14, 0x20, 0x37, 0x16, 0x22, 0x37, 0x16, 0x22, 0x37, 0x16, 0x22, 0x37, 0x16,
    0x22, 0x1D, 0x0E, 0x19, 0x0C, 0x0A, 0x15, 0x2F, 0x13, 0x1F, 0x6B, 0x2A, 0x3A, 0x45, 0x1B, 0x28,
    0x5D, 0x24, 0x33, 0x76, 0x2F, 0x3F, 0x79, 0x30, 0x41, 0x4B, 0x1D, 0x2A, 0x59, 0x23, 0x31, 0x75,
    0x2E, 0x3F, 0x79, 0x30, 0x41, 0xA2, 0x5E, 0x7D, 0x7B, 0x4B, 0x65, 0x0C, 0x0A, 0x15, 0x24, 0x0F,
    0x1B, 0x58, 0x22, 0x30, 0x75, 0x2E, 0x3F, 0x72, 0x2D, 0x3E, 0x79, 0x30, 0x41, 0x79, 0x30, 0x41,
    0x76, 0x2F, 0x3F, 0x9C, 0x71, 0x78, 0xD8, 0xAB, 0xB6, 0xC9, 0x7D, 0xA4, 0xC9, 0x7D, 0xA4, 0xC9,
    0x7D, 0xA4, 0xC9, 0x7D, 0xA4, 0xC9, 0x7D, 0xA4, 0xCE, 0x8D, 0xAA, 0xDA, 0xAF, 0xB8, 0xCA, 0x80,
    0xA5, 0xD2, 0x9A, 0xAF, 0xE1, 0xC2, 0xC1, 0xDB, 0xB3, 0xBA, 0xD1, 0x97, 0xAE, 0xE1, 0xC3, 0xC1,
    0xDE, 0xBB, 0xBE, 0xE2, 0xC4, 0xC2, 0xE2, 0xC4, 0xC2, 0xE2, 0xC4, 0xC2, 0xE2, 0xC4, 0xC2, 0xE2,
    0xC4, 0xC2, 0xE2, 0xC4, 0xC2, 0xE2, 0xC4, 0xC2, 0xE2, 0xC4, 0xC2, 0xE2, 0xC5, 0xC3, 0xFA, 0xF5,
    0xEB, 0xFF, 0xFF, 0xF3, 0xE3, 0xC5, 0xC3, 0xF9, 0xF4, 0xEA, 0xFF, 0xFF, 0xF3, 0xFF, 0xFF, 0xF3,
    0xE4, 0xC8, 0xC5, 0xFD, 0xFB, 0xF0, 0xFF, 0xFF, 0xF3, 0xE5, 0xCB, 0xC8, 0xFC, 0xF9, 0xEE, 0xFF,
    0xFF, 0xF3, 0xE7, 0xCE, 0xCA, 0xE7, 0xCF, 0xCB, 0xFB, 0xF8, 0xED, 0xE8, 0xD0, 0xCC, 0xE2, 0xC4,
    0xC2, 0xE2, 0xC4, 0xC2, 0xE2, 0xC4, 0xC2, 0xE2, 0xC4, 0xC2, 0xD3, 0x9D, 0xB0, 0xDA, 0xB0, 0xB8,
    0xDE, 0xB9, 0xBD, 0xCF, 0x91, 0xAB, 0xC9, 0x7D, 0xA4, 0xC9, 0x7D, 0xA4, 0xC9, 0x7D, 0xA4, 0xC9,
    0x7D, 0xA4, 0xC9, 0x7D, 0xA4, 0xA6, 0x5F, 0x7D, 0x62, 0x2F, 0x40, 0xB9, 0x9E, 0x9D, 0xAD, 0x85,
    0x88, 0x79, 0x30, 0x41, 0x79, 0x30, 0x41, 0x79, 0x30, 0x41, 0x75, 0x2E, 0x3F, 0x7B, 0x37, 0x4B,
    0x76, 0x3A, 0x4E, 0x37, 0x16, 0x22, 0x4F, 0x1F, 0x2C, 0x72, 0x2D, 0x3D, 0x66, 0x28, 0x37, 0x3F,
    0x19, 0x25, 0x62, 0x27, 0x36, 0x2F, 0x13, 0x1F, 0x41, 0x19, 0x26, 0x7E, 0x37, 0x49, 0x7F, 0x3F,
    0x54, 0x31, 0x14, 0x1F, 0x0C, 0x0A, 0x15, 0x1A, 0x0D, 0x18, 0x32, 0x14, 0x20, 0x0C, 0x0A, 0x15,
    0x34, 0x15, 0x21, 0x70, 0x2C, 0x3D, 0x0C, 0x0A, 0x15, 0x0C, 0x0A, 0x15, 0x0C, 0x0A, 0x15, 0x0C,
    0x0A, 0x15, 0x13, 0x0B, 0x16, 0x35, 0x15, 0x21, 0x11, 0x0B, 0x16, 0x36, 0x15, 0x21, 0x0F, 0x0A,
    0x15, 0x37, 0x16, 0x22, 0x0C, 0x0A, 0x15, 0x0C, 0x0A, 0x15, 0x0C, 0x0A, 0x15, 0x0C, 0x0A, 0x15,
    0x0C, 0x0A, 0x15, 0x0C, 0x0A, 0x15, 0x0C, 0x0A, 0x15, 0x0A, 0x0A, 0x15, 0x6A, 0x2A, 0x39, 0x22,
    0x0F, 0x1A, 0x0C, 0x0A, 0x15, 0x0C, 0x0A, 0x15, 0x0C, 0x0A, 0x15, 0x0C, 0x0A, 0x15, 0xBB, 0x74,
    0x98, 0x59, 0x36, 0x4A, 0x0C, 0x0A, 0x15, 0x0C, 0x0A, 0x15, 0x63, 0x27, 0x36, 0x35, 0x15, 0x21,
    0x0C, 0x0A, 0x15, 0x0C, 0x0A, 0x15, 0x60, 0x26, 0x34, 0x3A, 0x17, 0x23, 0x0C, 0x0A, 0x15, 0x30,
    0x14, 0x1F, 0x20, 0x0F, 0x1A, 0x66, 0x28, 0x37, 0x79, 0x30, 0x41, 0x55, 0x21, 0x2F, 0x5F, 0x25,
    0x34, 0x75, 0x2E, 0x3F, 0x79, 0x30, 0x41, 0x59, 0x23, 0x31, 0xA3, 0x64, 0x84, 0x9C, 0x58, 0x75,
    0x56, 0x22, 0x30, 0x47, 0x1C, 0x29, 0x72, 0x2D, 0x3D, 0x79, 0x30, 0x41, 0x68, 0x29, 0x38, 0x56,
    0x22, 0x30, 0x79, 0x30, 0x41, 0x79, 0x30, 0x41, 0x76, 0x42, 0x4B, 0x78, 0x58, 0x5F, 0xA1, 0x5B,
    0x78, 0xC9, 0x7D, 0xA4, 0xC9, 0x7D, 0xA4, 0xC9, 0x7D, 0xA4, 0xC9, 0x7D, 0xA4, 0xCA, 0x81, 0xA5,
    0xCD, 0x8B, 0xA9, 0xC9, 0x7D, 0xA4, 0xCE, 0x8E, 0xAA, 0xDF, 0xBC, 0xBE, 0xD1, 0x96, 0xAE, 0xDE,
    0xBA, 0xBD, 0xE2, 0xC4, 0xC2, 0xE0, 0xBF, 0xBF, 0xD0, 0x95, 0xAD, 0xE2, 0xC4, 0xC2, 0xE2, 0xC4,
    0xC2, 0xE2, 0xC4, 0xC2, 0xE2, 0xC4, 0xC2, 0xE2, 0xC4, 0xC2, 0xE2, 0xC4, 0xC2, 0xE2, 0xC4, 0xC2,
    0xE2, 0xC4, 0xC2, 0xE8, 0xD2, 0xCD, 0xFF, 0xFF, 0xF3, 0xFA, 0xF5, 0xEB, 0xE9, 0xD3, 0xCE, 0xE8,
    0xD1, 0xCD, 0xFE, 0xFD, 0xF1, 0xE4, 0xC8, 0xC5, 0xFD, 0xFB, 0xF0, 0xEA, 0xD6, 0xD1, 0xE3, 0xC5,
    0xC3, 0xE7, 0xD0, 0xCC, 0xFC, 0xFA, 0xEE, 0xE7, 0xCE, 0xCA, 0xE2, 0xC4, 0xC2, 0xE7, 0xCF, 0xCB,
    0xE3, 0xC7, 0xC4, 0xE2, 0xC4, 0xC2, 0xE2, 0xC4, 0xC2, 0xE2, 0xC4, 0xC2, 0xE2, 0xC4, 0xC2, 0xCF,
    0x92, 0xAC, 0xDC, 0xB5, 0xBB, 0xD4, 0x9F, 0xB1, 0xCA, 0x82, 0xA6, 0xD8, 0xAA, 0xB6, 0xAB, 0x79,
    0x85, 0xB9, 0x6F, 0x92, 0xA4, 0x5E, 0x7C, 0xB7, 0x6E, 0x91, 0xCF, 0xA2, 0xAD, 0xC1, 0x8E, 0xA0,
    0xC6, 0x84, 0xA3, 0xD1, 0xA6, 0xAF, 0xA5, 0x7B, 0x7F, 0x79, 0x30, 0x41, 0x99, 0x53, 0x6E, 0xA6,
    0x5F, 0x7E, 0x97, 0x51, 0x6C, 0x9A, 0x5D, 0x7B, 0x43, 0x1A, 0x27, 0x72, 0x2D, 0x3D, 0x69, 0x29,
    0x39, 0x30, 0x13, 0x1F, 0x45, 0x1B, 0x28, 0x68, 0x29, 0x38, 0x3C, 0x18, 0x24, 0x71, 0x2C, 0x3D,
    0x79, 0x30, 0x41, 0x6B, 0x2A, 0x3A, 0x0C, 0x0A, 0x15, 0x35, 0x15, 0x21, 0x63, 0x27, 0x36, 0x0C,
    0x0A, 0x15, 0x0C, 0x0A, 0x15, 0x19, 0x0D, 0x18, 0x35, 0x15, 0x21, 0x2B, 0x12, 0x1D, 0x67, 0x28,
    0x38, 0x0C, 0x0A, 0x15, 0x25, 0x10, 0x1B, 0x69, 0x29, 0x39, 0x0A, 0x0A, 0x15, 0x1D, 0x0E, 0x19,
    0x6B, 0x2A, 0x3A, 0x0A, 0x0A, 0x15, 0x0C, 0x0A, 0x15, 0x0C, 0x0A, 0x15, 0x0C, 0x0A, 0x15, 0x0C,
    0x0A, 0x15, 0x0C, 0x0A, 0x15, 0x0B, 0x0A, 0x15, 0x6B, 0x2A, 0x3A, 0x1A, 0x0D, 0x18, 0x0C, 0x0A,
    0x15, 0x39, 0x16, 0x22, 0x13, 0x0B, 0x16, 0x68, 0x29, 0x38, 0x27, 0x10, 0x1C, 0x66, 0x28, 0x37,
    0x2B, 0x12, 0x1D, 0x84, 0x43, 0x5A, 0x3E, 0x1F, 0x2D, 0x0C, 0x0A, 0x15, 0x63, 0x27, 0x36, 0x77,
    0x2F, 0x40, 0x3B, 0x17, 0x23, 0x0C, 0x0A, 0x15, 0x60, 0x26, 0x34, 0x4B, 0x1D, 0x2A, 0x1F, 0x0E,
    0x19, 0x5E, 0x25, 0x33, 0x6D, 0x2B, 0x3B, 0x3E, 0x18, 0x25, 0x66, 0x28, 0x37, 0x79, 0x30, 0x41,
    0x49, 0x1D, 0x2A, 0x30, 0x13, 0x1F, 0x68, 0x29, 0x38, 0x59, 0x23, 0x31, 0x26, 0x10, 0x1B, 0x71,
    0x39, 0x4D, 0x83, 0x3C, 0x50, 0x74, 0x2E, 0x3F, 0x72, 0x2D, 0x3D, 0x67, 0x28, 0x38, 0x58, 0x22,
    0x31, 0x75, 0x2E, 0x3F, 0x5F, 0x25, 0x34, 0x56, 0x21, 0x2F, 0x79, 0x30, 0x41, 0x75, 0x2E, 0x3F,
    0x70, 0x2C, 0x3D, 0x95, 0x4F, 0x69, 0xC9, 0x7D, 0xA4, 0xC9, 0x7D, 0xA4, 0xC9, 0x7D, 0xA4, 0xCE,
    0x8D, 0xAA, 0xD9, 0xAD, 0xB7, 0xC9, 0x7D, 0xA4, 0xCD, 0x8B, 0xA9, 0xDE, 0xBA, 0xBD, 0xDE, 0xBA,
    0xBD, 0xCD, 0x8B, 0xA9, 0xE2, 0xC4, 0xC2, 0xE2, 0xC4, 0xC2, 0xDF, 0xBD, 0xBF, 0xCA, 0x7F, 0xA5,
    0xD0, 0x96, 0xAD, 0xE2, 0xC4, 0xC2, 0xE2, 0xC4, 0xC2, 0xE2, 0xC4, 0xC2, 0xE2, 0xC4, 0xC2, 0xE2,
    0xC4, 0xC2, 0xE2, 0xC4, 0xC2, 0xE2, 0xC5, 0xC3, 0xF9, 0xF4, 0xE9, 0xE9, 0xD3, 0xCE, 0xE8, 0xD2,
    0xCE, 0xF9, 0xF3, 0xE9, 0xF9, 0xF4, 0xEA, 0xE9, 0xD4, 0xCF, 0xE2, 0xC5, 0xC3, 0xFD, 0xFB, 0xF0,
    0xFA, 0xF5, 0xEB, 0xE5, 0xCA, 0xC7, 0xE2, 0xC4, 0xC2, 0xE8, 0xD0, 0xCC, 0xE3, 0xC6, 0xC4, 0xE2,
    0xC4, 0xC2, 0xE2, 0xC4, 0xC2, 0xE2, 0xC4, 0xC2, 0xE2, 0xC4, 0xC2, 0xE2, 0xC4, 0xC2, 0xE2, 0xC4,
    0xC2, 0xD3, 0x9E, 0xB1, 0xDA, 0xAF, 0xB8, 0xD2, 0x9B, 0xAF, 0xCB, 0x82, 0xA6, 0xD8, 0xAA, 0xB6,
    0xE1, 0xC1, 0xC0, 0xC9, 0x92, 0xA5, 0xC5, 0x7A, 0xA0, 0x9A, 0x54, 0x6F, 0xB3, 0x6A, 0x8C, 0xCD,
    0x89, 0xA8, 0xAA, 0x6A, 0x83, 0xB6, 0x6D, 0x8F, 0xD9, 0xAC, 0xB7, 0x9C, 0x84, 0x84, 0x5B, 0x23,
    0x32, 0x82, 0x3B, 0x50, 0xA2, 0x5C, 0x79, 0xA2, 0x62, 0x81, 0x50, 0x30, 0x43, 0x75, 0x46, 0x5E,
    0x9F, 0x5F, 0x7E, 0x4F, 0x1F, 0x2C, 0x6D, 0x2B, 0x3B, 0x61, 0x26, 0x35, 0x4D, 0x1E, 0x2B, 0x70,
    0x2C, 0x3D, 0x79, 0x30, 0x41, 0x6E, 0x2B, 0x3B, 0x34, 0x15, 0x20, 0x36, 0x15, 0x21, 0x65, 0x27,
    0x37, 0x35, 0x15, 0x21, 0x32, 0x14, 0x20, 0x63, 0x27, 0x36, 0x0C, 0x0A, 0x15, 0x0C, 0x0A, 0x15,
    0x30, 0x13, 0x1F, 0x72, 0x2D, 0x3D, 0x0B, 0x0A, 0x15, 0x15, 0x0C, 0x17, 0x38, 0x16, 0x22, 0x1F,
    0x0E, 0x19, 0x6B, 0x2A, 0x3A, 0x39, 0x17, 0x23, 0x17, 0x0C, 0x17, 0x6C, 0x2A, 0x3A, 0x12, 0x0B,
    0x16, 0x6C, 0x2B, 0x3B, 0x0C, 0x0A, 0x15, 0x0C, 0x0A, 0x15, 0x0C, 0x0A, 0x15, 0x3B, 0x17, 0x24,
    0x11, 0x0B, 0x16, 0x0C, 0x0A, 0x15, 0x0C, 0x0A, 0x15, 0x0C, 0x0A, 0x15, 0x39, 0x17, 0x23, 0x16,
    0x0C, 0x17, 0x72, 0x2D, 0x3D, 0x30, 0x13, 0x1F, 0x70, 0x2C, 0x3D, 0x34, 0x15, 0x21, 0x0C, 0x0A,
    0x15, 0x37, 0x16, 0x22, 0x3C, 0x18, 0x24, 0x1D, 0x0E, 0x19, 0x0C, 0x0A, 0x15, 0x35, 0x15, 0x21,
    0x1F, 0x0E, 0x19, 0x0C, 0x0A, 0x15, 0x69, 0x29, 0x39, 0x53, 0x21, 0x2E, 0x60, 0x26, 0x35, 0x75,
    0x2E, 0x3F, 0x79, 0x30, 0x41, 0x71, 0x2C, 0x3D, 0x6C, 0x2A, 0x3A, 0x52, 0x20, 0x2E, 0x5D, 0x25,
    0x33, 0x6C, 0x2A, 0x3A, 0x53, 0x21, 0x2E, 0x3C, 0x18, 0x24, 0x5B, 0x24, 0x32, 0x79, 0x30, 0x41,
    0x61, 0x26, 0x35, 0x4D, 0x1E, 0x2B, 0x79, 0x30, 0x41, 0x75, 0x2E, 0x3F, 0x70, 0x2C, 0x3D, 0x79,
    0x30, 0x41, 0x79, 0x30, 0x41, 0x79, 0x30, 0x41, 0x95, 0x4F, 0x69, 0xC9, 0x7D, 0xA4, 0xC9, 0x7D,
    0xA4, 0xC9, 0x7D, 0xA4, 0xCA, 0x82, 0xA6, 0xCE, 0x8D, 0xAA, 0xCD, 0x8C, 0xA9, 0xDA, 0xB1, 0xB9,
    0xCF, 0x91, 0xAB, 0xCE, 0x8E, 0xAA, 0xCA, 0x80, 0xA5, 0xD2, 0x9A, 0xAF, 0xE0, 0xBE, 0xBF, 0xD1,
    0x96, 0xAD, 0xDD, 0xB7, 0xBC, 0xDD, 0xB8, 0xBC, 0xE2, 0xC4, 0xC2, 0xE2, 0xC4, 0xC2, 0xE2, 0xC4,
    0xC2, 0xE2, 0xC4, 0xC2, 0xE2, 0xC4, 0xC2, 0xE2, 0xC5, 0xC3, 0xF9, 0xF4, 0xE9, 0xFF, 0xFF, 0xF3,
    0xE2, 0xC5, 0xC3, 0xE2, 0xC4, 0xC2, 0xE9, 0xD3, 0xCE, 0xFE, 0xFE, 0xF2, 0xE4, 0xC8, 0xC5, 0xE2,
    0xC4, 0xC2, 0xE8, 0xD2, 0xCD, 0xE9, 0xD3, 0xCE, 0xE3, 0xC6, 0xC3, 0xE2, 0xC4, 0xC2, 0xE2, 0xC4,
    0xC2, 0xE2, 0xC4, 0xC2, 0xE2, 0xC4, 0xC2, 0xE2, 0xC4, 0xC2, 0xE2, 0xC4, 0xC2, 0xE2, 0xC4, 0xC2,
    0xD3, 0x9D, 0xB0, 0xCF, 0x91, 0xAB, 0xCA, 0x82, 0xA6, 0xCE, 0x8C, 0xAA, 0xCB, 0x82, 0xA6, 0xC9,
    0x7D, 0xA4, 0xCD, 0x8C, 0xA9, 0xCF, 0x91, 0xAB, 0xA7, 0x66, 0x7F, 0x90, 0x4A, 0x63, 0xAE, 0x66,
    0x87, 0xD2, 0xA3, 0xB0, 0xD0, 0x95, 0xAD, 0xC0, 0x76, 0x9B, 0xD1, 0xA1, 0xAE, 0xE0, 0xBF, 0xC0,
    0x97, 0x83, 0x82, 0x50, 0x1F, 0x2D, 0x79, 0x30, 0x41, 0x83, 0x3C, 0x50, 0x74, 0x3B, 0x50, 0x0C,
    0x0A, 0x15, 0x59, 0x2D, 0x3E, 0x77, 0x3D, 0x52, 0x48, 0x1C, 0x29, 0x79, 0x30, 0x41, 0x75, 0x2E,
    0x3F, 0x70, 0x2C, 0x3C, 0x79, 0x30, 0x41, 0x6D, 0x2B, 0x3B, 0x35, 0x15, 0x21, 0x37, 0x16, 0x22,
    0x64, 0x27, 0x36, 0x36, 0x15, 0x21, 0x0C, 0x0A, 0x15, 0x38, 0x16, 0x22, 0x6F, 0x2C, 0x3C, 0x0C,
    0x0A, 0x15, 0x0C, 0x0A, 0x15, 0x19, 0x0D, 0x18, 0x44, 0x1B, 0x28, 0x66, 0x28, 0x37, 0x0B, 0x0A,
    0x15, 0x22, 0x0F, 0x1A, 0x6A, 0x2A, 0x39, 0x3A, 0x17, 0x23, 0x0B, 0x0A, 0x15, 0x10, 0x0B, 0x16,
    0x3C, 0x17, 0x24, 0x0E, 0x0A, 0x15, 0x3C, 0x18, 0x24, 0x0C, 0x0A, 0x15, 0x0C, 0x0A, 0x15, 0x0C,
    0x0A, 0x15, 0x0C, 0x0A, 0x15, 0x0A, 0x0A, 0x15, 0x68, 0x29, 0x39, 0x1E, 0x0E, 0x19, 0x67, 0x28,
    0x38, 0x6B, 0x2A, 0x3A, 0x26, 0x10, 0x1C, 0x3A, 0x17, 0x23, 0x19, 0x0D, 0x18, 0x39, 0x17, 0x23,
    0x65, 0x28, 0x37, 0x30, 0x13, 0x1F, 0x0C, 0x0A, 0x15, 0x60, 0x26, 0x35, 0x6B, 0x2A, 0x3A, 0x35,
    0x15, 0x21, 0x5F, 0x25, 0x34, 0x6B, 0x2A, 0x3A, 0x39, 0x17, 0x23, 0x35, 0x15, 0x21, 0x23, 0x0F,
    0x1A, 0x34, 0x15, 0x21, 0x6B, 0x2A, 0x3A, 0x57, 0x22, 0x30, 0x69, 0x2A, 0x39, 0x79, 0x30, 0x41,
    0x4C, 0x1E, 0x2B, 0x61, 0x26, 0x35, 0x79, 0x30, 0x41, 0x4F, 0x1F, 0x2C, 0x54, 0x21, 0x2F, 0x71,
    0x2D, 0x3D, 0x67, 0x28, 0x38, 0x31, 0x14, 0x20, 0x4D, 0x1E, 0x2B, 0x79, 0x30, 0x41, 0x79, 0x30,
    0x41, 0x6A, 0x2A, 0x39, 0x56, 0x22, 0x30, 0x91, 0x4B, 0x64, 0xC1, 0x87, 0x9C, 0xCE, 0xA3, 0xAB,
    0xC9, 0x7D, 0xA4, 0xC9, 0x7D, 0xA4, 0xC9, 0x7D, 0xA4, 0xC9, 0x7D, 0xA4, 0xC9, 0x7D, 0xA4, 0xCA,
    0x82, 0xA6, 0xCE, 0x8E, 0xAA, 0xC9, 0x7D, 0xA4, 0xCD, 0x89, 0xA8, 0xD9, 0xAF, 0xB8, 0xCA, 0x80,
    0xA5, 0xCE, 0x8F, 0xAB, 0xCC, 0x88, 0xA8, 0xE2, 0xC4, 0xC2, 0xE2, 0xC4, 0xC2, 0xE2, 0xC4, 0xC2,
    0xE2, 0xC4, 0xC2, 0xE2, 0xC4, 0xC2, 0xE2, 0xC4, 0xC2, 0xE2, 0xC4, 0xC2, 0xE2, 0xC4, 0xC2, 0xE9,
    0xD4, 0xCF, 0xE9, 0xD4, 0xCF, 0xE2, 0xC4, 0xC2, 0xF8, 0xF2, 0xE8, 0xF9, 0xF3, 0xE9, 0xEA, 0xD5,
    0xD0, 0xE2, 0xC5, 0xC3, 0xE2, 0xC4, 0xC2, 0xE2, 0xC4, 0xC2, 0xE2, 0xC4, 0xC2, 0xE2, 0xC4, 0xC2,
    0xE2, 0xC4, 0xC2, 0xE2, 0xC4, 0xC2, 0xE2, 0xC4, 0xC2, 0xD2, 0x9B, 0xB0, 0xCF, 0x92, 0xAC, 0xCF,
    0x92, 0xAC, 0xCF, 0x92, 0xAC, 0xCA, 0x82, 0xA6, 0xD8, 0xAC, 0xB7, 0xCE, 0x8D, 0xAA, 0xC9, 0x7D,
    0xA4, 0xC9, 0x7D, 0xA4, 0xC9, 0x7D, 0xA4, 0xD7, 0xA9, 0xB5, 0xDC, 0xB6, 0xBB, 0xC5, 0x8B, 0xA1,
    0xBA, 0x70, 0x94, 0xC4, 0x79, 0x9F, 0xCD, 0x8B, 0xA9, 0xCB, 0x85, 0xA7, 0xC9, 0x7D, 0xA4, 0xCD,
    0x8A, 0xA9, 0xB2, 0x7D, 0x8C, 0x81, 0x4E, 0x56, 0x71, 0x2D, 0x3D, 0x79, 0x30, 0x41, 0x67, 0x28,
    0x38, 0x52, 0x20, 0x2E, 0x6B, 0x2A, 0x3A, 0x5E, 0x25, 0x33, 0x33, 0x14, 0x20, 0x70, 0x43, 0x5A,
    0xA0, 0x5F, 0x7E, 0x76, 0x43, 0x5A, 0xAB, 0x63, 0x83, 0x6D, 0x2B, 0x3B, 0x36, 0x15, 0x21, 0x38,
    0x16, 0x22, 0x63, 0x27, 0x36, 0x37, 0x16, 0x22, 0x0C, 0x0A, 0x15, 0x0C, 0x0A, 0x15, 0x1D, 0x0E,
    0x19, 0x48, 0x1C, 0x29, 0x6B, 0x2A, 0x3A, 0x63, 0x27, 0x36, 0x0C, 0x0A, 0x15, 0x2E, 0x13, 0x1E,
    0x73, 0x2D, 0x3E, 0x0B, 0x0A, 0x15, 0x26, 0x10, 0x1B, 0x75, 0x2E, 0x3F, 0x0A, 0x0A, 0x15, 0x0C,
    0x0A, 0x15, 0x0C, 0x0A, 0x15, 0x0C, 0x0A, 0x15, 0x0C, 0x0A, 0x15, 0x0C, 0x0A, 0x15, 0x0C, 0x0A,
    0x15, 0x0C, 0x0A, 0x15, 0x0C, 0x0A, 0x15, 0x0C, 0x0A, 0x15, 0x0B, 0x0A, 0x15, 0x3E, 0x18, 0x25,
    0x14, 0x0B, 0x16, 0x3D, 0x18, 0x24, 0x40, 0x19, 0x25, 0x18, 0x0C, 0x17, 0x0C, 0x0A, 0x15, 0x0C,
    0x0A, 0x15, 0x0C, 0x0A, 0x15, 0x6F, 0x2C, 0x3C, 0x36, 0x15, 0x21, 0x0C, 0x0A, 0x15, 0x39, 0x17,
    0x23, 0x70, 0x2C, 0x3C, 0x3C, 0x18, 0x24, 0x38, 0x16, 0x22, 0x40, 0x19, 0x25, 0x22, 0x0F, 0x1A,
    0x5B, 0x24, 0x32, 0x3B, 0x17, 0x24, 0x5A, 0x23, 0x31, 0x75, 0x2E, 0x3F, 0x48, 0x1C, 0x29, 0x64,
    0x27, 0x36, 0x79, 0x30, 0x41, 0x70, 0x2C, 0x3C, 0x53, 0x20, 0x2E, 0x67, 0x29, 0x38, 0x70, 0x2C,
    0x3D, 0x54, 0x21, 0x2F, 0x5C, 0x24, 0x33, 0x73, 0x2E, 0x3E, 0x55, 0x21, 0x2F, 0x4D, 0x1E, 0x2B,
    0x79, 0x30, 0x41, 0x69, 0x2A, 0x39, 0x51, 0x20, 0x2D, 0x6F, 0x2C, 0x3C, 0x97, 0x52, 0x6C, 0xD1,
    0x96, 0xAE, 0xE0, 0xC0, 0xC0, 0xD7, 0xA9, 0xB5, 0xBD, 0x73, 0x97, 0xA2, 0x5B, 0x79, 0xCE, 0x8D,
    0xAA, 0xD8, 0xAB, 0xB6, 0xCD, 0x8B, 0xA9, 0xD9, 0xAC, 0xB7, 0xC9, 0x7D, 0xA4, 0xCE, 0x8D, 0xAA,
    0xE1, 0xC2, 0xC1, 0xD9, 0xAF, 0xB8, 0xCC, 0x86, 0xA7, 0xDB, 0xB2, 0xB9, 0xD2, 0x99, 0xAF, 0xE2,
    0xC4, 0xC2, 0xE2, 0xC4, 0xC2, 0xE2, 0xC4, 0xC2, 0xE2, 0xC4, 0xC2, 0xE2, 0xC4, 0xC2, 0xE2, 0xC4,
    0xC2, 0xE2, 0xC5, 0xC3, 0xF8, 0xF2, 0xE8, 0xF8, 0xF2, 0xE8, 0xE2, 0xC5, 0xC3, 0xFF, 0xFE, 0xF2,
    0xFF, 0xFF, 0xF3, 0xF8, 0xF2, 0xE8, 0xF8, 0xF2, 0xE8, 0xE3, 0xC7, 0xC5, 0xE2, 0xC4, 0xC2, 0xE2,
    0xC4, 0xC2, 0xF6, 0xEE, 0xE4, 0xE5, 0xCA, 0xC7, 0xE2, 0xC4, 0xC2, 0xE2, 0xC4, 0xC2, 0xDD, 0xB8,
    0xBC, 0xDC, 0xB5, 0xBB, 0xDC, 0xB5, 0xBB, 0xDC, 0xB5, 0xBB, 0xDC, 0xB5, 0xBB, 0xD2, 0x9B, 0xB0,
    0xCB, 0x82, 0xA6, 0xC9, 0x7D, 0xA4, 0xC9, 0x7D, 0xA4, 0xC9, 0x7D, 0xA4, 0xCE, 0x8D, 0xAA, 0xD0,
    0x93, 0xAC, 0xCB, 0x84, 0xA7, 0xC9, 0x7D, 0xA4, 0xC9, 0x7D, 0xA4, 0xC9, 0x7D, 0xA4, 0xC9, 0x7D,
    0xA4, 0xC9, 0x7D, 0xA4, 0xAA, 0x63, 0x82, 0x84, 0x3D, 0x52, 0xA3, 0x5C, 0x7A, 0xA3, 0x5C, 0x7A,
    0x79, 0x30, 0x41, 0x61, 0x26, 0x35, 0x4D, 0x1E, 0x2B, 0x79, 0x30, 0x41, 0x63, 0x27, 0x36, 0x0C,
    0x0A, 0x15, 0x7A, 0x4A, 0x64, 0xC2, 0x78, 0x9E, 0xA8, 0x65, 0x85, 0x9F, 0x58, 0x75, 0xA0, 0x60,
    0x7F, 0x0C, 0x0A, 0x15, 0x3F, 0x19, 0x25, 0x6B, 0x2A, 0x3A, 0x0C, 0x0A, 0x15, 0x33, 0x14, 0x20,
    0x60, 0x25, 0x34, 0x0C, 0x0A, 0x15, 0x1D, 0x0E, 0x19, 0x40, 0x19, 0x25, 0x3B, 0x17, 0x23, 0x0C,
    0x0A, 0x15, 0x19, 0x0D, 0x18, 0x3C, 0x18, 0x24, 0x0C, 0x0A, 0x15, 0x26, 0x10, 0x1B, 0x75, 0x2E,
    0x3F, 0x0A, 0x0A, 0x15, 0x0C, 0x0A, 0x15, 0x16, 0x0C, 0x17, 0x69, 0x29, 0x39, 0x0C, 0x0A, 0x15,
    0x0C, 0x0A, 0x15, 0x0C, 0x0A, 0x15, 0x0C, 0x0A, 0x15, 0x68, 0x29, 0x38, 0x16, 0x0C, 0x17, 0x0C,
    0x0A, 0x15, 0x0A, 0x0A, 0x15, 0x66, 0x28, 0x37, 0x21, 0x0F, 0x1A, 0x0C, 0x0A, 0x15, 0x0C, 0x0A,
    0x15, 0x63, 0x27, 0x36, 0x2A, 0x11, 0x1D, 0x0C, 0x0A, 0x15, 0x6F, 0x2C, 0x3C, 0x36, 0x15, 0x21,
    0x0C, 0x0A, 0x15, 0x0C, 0x0A, 0x15, 0x6D, 0x2B, 0x3B, 0x6D, 0x2B, 0x3B, 0x35, 0x15, 0x21, 0x5C,
    0x24, 0x33, 0x69, 0x29, 0x39, 0x4F, 0x1F, 0x2C, 0x60, 0x26, 0x34, 0x74, 0x2E, 0x3F, 0x79, 0x30,
    0x41, 0x6F, 0x2C, 0x3C, 0x74, 0x2E, 0x3E, 0x5A, 0x23, 0x31, 0x69, 0x29, 0x39, 0x6F, 0x2C, 0x3C,
    0x73, 0x2E, 0x3E, 0x79, 0x30, 0x41, 0x70, 0x2C, 0x3C, 0x70, 0x2C, 0x3C, 0x79, 0x30, 0x41, 0x73,
    0x2E, 0x3E, 0x6F, 0x2C, 0x3C, 0x79, 0x30, 0x41, 0x74, 0x2E, 0x3E, 0x6F, 0x2C, 0x3C, 0x79, 0x30,
    0x41, 0x82, 0x3B, 0x4F, 0xB0, 0x80, 0x8A, 0xDD, 0xB8, 0xBC, 0xCE, 0x8F, 0xAA, 0xC5, 0x7A, 0xA0,
    0xBC, 0x72, 0x96, 0xCB, 0x83, 0xA6, 0xCF, 0x90, 0xAB, 0xCA, 0x82, 0xA6, 0xD2, 0x9B, 0xAF, 0xD8,
    0xAC, 0xB7, 0xCE, 0x8D, 0xAA, 0xDF, 0xBD, 0xBF, 0xD2, 0x9A, 0xAF, 0xDA, 0xB1, 0xB9, 0xD1, 0x99,
    0xAE, 0xDB, 0xB2, 0xB9, 0xD2, 0x99, 0xAF, 0xE2, 0xC4, 0xC2, 0xE2, 0xC4, 0xC2, 0xE2, 0xC4, 0xC2,
    0xE2, 0xC4, 0xC2, 0xE2, 0xC4, 0xC2, 0xE3, 0xC5, 0xC3, 0xFF, 0xFE, 0xF3, 0xEA, 0xD6, 0xD1, 0xF8,
    0xF1, 0xE7, 0xFF, 0xFF, 0xF3, 0xFF, 0xFF, 0xF3, 0xEB, 0xD8, 0xD2, 0xEA, 0xD6, 0xD0, 0xF7, 0xF0,
    0xE6, 0xE4, 0xC8, 0xC5, 0xF6, 0xEE, 0xE4, 0xEC, 0xD9, 0xD3, 0xE3, 0xC6, 0xC4, 0xE2, 0xC4, 0xC2,
    0xE2, 0xC4, 0xC2, 0xF4, 0xEB, 0xE2, 0xE6, 0xCD, 0xC9, 0xE2, 0xC4, 0xC2, 0xD4, 0x9F, 0xB1, 0xDE,
    0xBB, 0xBE, 0xCF, 0x90, 0xAB, 0xD8, 0xAA, 0xB6, 0xCE, 0x8D, 0xAA, 0xC9, 0x7D, 0xA4, 0xC9, 0x7D,
    0xA4, 0xC9, 0x7D, 0xA4, 0xC9, 0x7D, 0xA4, 0xA7, 0x60, 0x7E, 0xBA, 0x71, 0x94, 0xD6, 0xA5, 0xB4,
    0xDC, 0xB5, 0xBB, 0xD0, 0x94, 0xAD, 0xC9, 0x7D, 0xA4, 0x9E, 0x58, 0x74, 0x79, 0x30, 0x41, 0xAE,
    0x66, 0x87, 0xC2, 0x77, 0x9D, 0xA3, 0x5C, 0x7A, 0x61, 0x26, 0x35, 0x29, 0x11, 0x1D, 0x5B, 0x23,
    0x32, 0x74, 0x2E, 0x3E, 0x57, 0x22, 0x30, 0x59, 0x2E, 0x3F, 0x94, 0x4E, 0x68, 0x8D, 0x47, 0x5E,
    0x76, 0x36, 0x4A, 0x60, 0x3A, 0x4F, 0x5F, 0x3A, 0x4E, 0x9D, 0x60, 0x7F, 0x3A, 0x17, 0x23, 0x0C,
    0x0A, 0x15, 0x3B, 0x17, 0x23, 0x6D, 0x2B, 0x3B, 0x30, 0x13, 0x1F, 0x60, 0x26, 0x34, 0x0C, 0x0A,
    0x15, 0x2B, 0x12, 0x1D, 0x62, 0x26, 0x35, 0x0C, 0x0A, 0x15, 0x0C, 0x0A, 0x15, 0x0C, 0x0A, 0x15,
    0x16, 0x0C, 0x17, 0x3F, 0x19, 0x25, 0x0B, 0x0A, 0x15, 0x0C, 0x0A, 0x15, 0x10, 0x0B, 0x16, 0x41,
    0x19, 0x26, 0x0C, 0x0A, 0x15, 0x0C, 0x0A, 0x15, 0x0C, 0x0A, 0x15, 0x0C, 0x0A, 0x15, 0x42, 0x1A,
    0x27, 0x67, 0x29, 0x38, 0x19, 0x0D, 0x18, 0x0B, 0x0A, 0x15, 0x41, 0x19, 0x26, 0x16, 0x0C, 0x17,
    0x0C, 0x0A, 0x15, 0x0C, 0x0A, 0x15, 0x3F, 0x19, 0x25, 0x1B, 0x0D, 0x18, 0x0C, 0x0A, 0x15, 0x6F,
    0x2C, 0x3C, 0x6B, 0x2A, 0x3A, 0x30, 0x13, 0x1F, 0x5E, 0x25, 0x33, 0x4D, 0x1E, 0x2B, 0x43, 0x1A,
    0x27, 0x61, 0x26, 0x35, 0x4E, 0x1F, 0x2C, 0x43, 0x1A, 0x27, 0x60, 0x25, 0x34, 0x74, 0x2E, 0x3F,
    0x79, 0x30, 0x41, 0x58, 0x23, 0x31, 0x43, 0x1A, 0x27, 0x6A, 0x2A, 0x3A, 0x4B, 0x1D, 0x2A, 0x36,
    0x16, 0x21, 0x69, 0x29, 0x39, 0x5D, 0x24, 0x33, 0x68, 0x29, 0x38, 0x79, 0x30, 0x41, 0x79, 0x30,
    0x41, 0x79, 0x30, 0x41, 0x79, 0x30, 0x41, 0x79, 0x30, 0x41, 0x79, 0x30, 0x41, 0x79, 0x30, 0x41,
    0x79, 0x30, 0x41, 0x79, 0x30, 0x41, 0x90, 0x4A, 0x62, 0xC5, 0x8E, 0xA1, 0xDB, 0xB4, 0xBA, 0xC9,
    0x7D, 0xA4, 0xC9, 0x7D, 0xA4, 0xC9, 0x7D, 0xA4, 0xCD, 0x8C, 0xA9, 0xD8, 0xAA, 0xB6, 0xCD, 0x8B,
    0xA9, 0xD9, 0xAE, 0xB8, 0xCF, 0x91, 0xAB, 0xCA, 0x82, 0xA6, 0xD2, 0x9B, 0xAF, 0xDC, 0xB6, 0xBB,
    0xE1, 0xC2, 0xC1, 0xDC, 0xB6, 0xBB, 0xE1, 0xC2, 0xC1, 0xDC, 0xB5, 0xBB, 0xE2, 0xC4, 0xC2, 0xE2,
    0xC4, 0xC2, 0xE2, 0xC4, 0xC2, 0xE2, 0xC4, 0xC2, 0xE3, 0xC5, 0xC3, 0xF7, 0xF0, 0xE6, 0xEB, 0xD7,
    0xD1, 0xE2, 0xC5, 0xC2, 0xFF, 0xFE, 0xF3, 0xFF, 0xFF, 0xF3, 0xEB, 0xD8, 0xD2, 0xE2, 0xC5, 0xC3,
    0xE2, 0xC4, 0xC2, 0xEA, 0xD6, 0xD0, 0xE3, 0xC5, 0xC3, 0xEA, 0xD5, 0xD0, 0xE3, 0xC6, 0xC4, 0xE2,
    0xC4, 0xC2, 0xE2, 0xC4, 0xC2, 0xE2, 0xC4, 0xC2, 0xE9, 0xD4, 0xCF, 0xE4, 0xC7, 0xC5, 0xD4, 0x9F,
    0xB1, 0xD9, 0xAE, 0xB8, 0xE1, 0xC1, 0xC0, 0xCF, 0x90, 0xAB, 0xCF, 0x90, 0xAB, 0xD9, 0xAD, 0xB7,
    0xCE, 0x8E, 0xAA, 0xA5, 0x5E, 0x7D, 0xBC, 0x72, 0x96, 0xC9, 0x7D, 0xA4, 0xCB, 0x9E, 0xA8, 0xCA,
    0x8E, 0xA6, 0xDA, 0xB0, 0xB9, 0xD7, 0xA7, 0xB5, 0xD8, 0xAA, 0xB6, 0xB4, 0x81, 0x8E, 0xAB, 0x64,
    0x83, 0x95, 0x50, 0x6A, 0x8B, 0x45, 0x5C, 0x88, 0x4B, 0x65, 0x75, 0x3E, 0x53, 0x73, 0x2D, 0x3E,
    0x68, 0x29, 0x38, 0x6F, 0x2C, 0x3C, 0x79, 0x30, 0x41, 0x74, 0x2E, 0x3E, 0x88, 0x48, 0x61, 0xA7,
    0x60, 0x7E, 0x6C, 0x2B, 0x3B, 0x39, 0x17, 0x23, 0x0C, 0x0A, 0x15, 0x3D, 0x24, 0x34, 0x64, 0x3C,
    0x52, 0x0C, 0x0A, 0x15, 0x0C, 0x0A, 0x15, 0x20, 0x0F, 0x1A, 0x3C, 0x18, 0x24, 0x1F, 0x0E, 0x19,
    0x3D, 0x18, 0x24, 0x0C, 0x0A, 0x15, 0x1C, 0x0D, 0x19, 0x4A, 0x1D, 0x2A, 0x62, 0x26, 0x35, 0x0C,
    0x0A, 0x15, 0x23, 0x0F, 0x1B, 0x64, 0x27, 0x36, 0x0A, 0x0A, 0x15, 0x1C, 0x0D, 0x18, 0x66, 0x28,
    0x37, 0x0B, 0x0A, 0x15, 0x14, 0x0B, 0x16, 0x67, 0x29, 0x38, 0x0D, 0x0A, 0x15, 0x0C, 0x0A, 0x15,
    0x0C, 0x0A, 0x15, 0x0C, 0x0A, 0x15, 0x44, 0x1B, 0x27, 0x12, 0x0B, 0x16, 0x0C, 0x0A, 0x15, 0x0C,
    0x0A, 0x15, 0x0C, 0x0A, 0x15, 0x0B, 0x0A, 0x15, 0x62, 0x26, 0x35, 0x27, 0x10, 0x1C, 0x0C, 0x0A,
    0x15, 0x0C, 0x0A, 0x15, 0xA8, 0x64, 0x84, 0x66, 0x35, 0x49, 0x20, 0x0E, 0x1A, 0x6D, 0x2B, 0x3B,
    0x3B, 0x17, 0x23, 0x0C, 0x0A, 0x15, 0x3D, 0x18, 0x24, 0x60, 0x26, 0x34, 0x37, 0x16, 0x22, 0x3B,
    0x17, 0x24, 0x45, 0x1B, 0x28, 0x6D, 0x2B, 0x3B, 0x47, 0x1C, 0x29, 0x56, 0x22, 0x30, 0x73, 0x2E,
    0x3E, 0x4B, 0x1D, 0x2A, 0x53, 0x21, 0x2E, 0x73, 0x2D, 0x3E, 0x4E, 0x1F, 0x2C, 0x60, 0x26, 0x34,
    0x5F, 0x25, 0x34, 0x5E, 0x25, 0x34, 0x68, 0x29, 0x39, 0x5D, 0x24, 0x33, 0x79, 0x30, 0x41, 0x79,
    0x30, 0x41, 0x6A, 0x2A, 0x3A, 0x5A, 0x23, 0x32, 0x79, 0x30, 0x41, 0xA0, 0x6F, 0x78, 0xDD, 0xB8,
    0xBC, 0xDB, 0xB4, 0xBA, 0xC9, 0x7D, 0xA4, 0xC9, 0x7D, 0xA4, 0xC9, 0x7D, 0xA4, 0xCF, 0x91, 0xAB,
    0xDD, 0xB8, 0xBC, 0xCB, 0x83, 0xA6, 0xD3, 0x9D, 0xB0, 0xD8, 0xAB, 0xB6, 0xCC, 0x88, 0xA8, 0xDC,
    0xB6, 0xBB, 0xE0, 0xBE, 0xBF, 0xD3, 0x9E, 0xB0, 0xE2, 0xC4, 0xC2, 0xE2, 0xC4, 0xC2, 0xE1, 0xC0,
    0xC0, 0xD2, 0x9B, 0xAF, 0xE2, 0xC4, 0xC2, 0xE2, 0xC4, 0xC2, 0xE2, 0xC4, 0xC2, 0xE2, 0xC5, 0xC2,
    0xEB, 0xD7, 0xD2, 0xE2, 0xC4, 0xC2, 0xE2, 0xC4, 0xC2, 0xEB, 0xD7, 0xD2, 0xEB, 0xD8, 0xD2, 0xE2,
    0xC5, 0xC2, 0xE2, 0xC4, 0xC2, 0xE2, 0xC4, 0xC2, 0xE2, 0xC4, 0xC2, 0xE2, 0xC4, 0xC2, 0xD2, 0x9B,
    0xAF, 0xE0, 0xC0, 0xC0, 0xF5, 0xEB, 0xE2, 0xE5, 0xCA, 0xC7, 0xE2, 0xC4, 0xC2, 0xE2, 0xC4, 0xC2,
    0xD4, 0xA0, 0xB1, 0xD9, 0xAE, 0xB8, 0xD3, 0x9D, 0xB0, 0xDF, 0xBC, 0xBE, 0xCF, 0x90, 0xAB, 0xD7,
    0xA8, 0xB5, 0xD3, 0x9E, 0xB1, 0xCB, 0x84, 0xA7, 0xBB, 0x72, 0x95, 0xA0, 0x5A, 0x77, 0xBC, 0x72,
    0x96, 0xCE, 0x8F, 0xAB, 0xCC, 0x86, 0xA7, 0xCE, 0x8F, 0xAA, 0xCC, 0x87, 0xA7, 0xCE, 0x8E, 0xAA,
    0xA1, 0x66, 0x79, 0xB0, 0x68, 0x89, 0x9F, 0x59, 0x75, 0xA1, 0x5A, 0x78, 0x9C, 0x59, 0x75, 0x6F,
    0x2C, 0x3C, 0x68, 0x29, 0x39, 0x5D, 0x24, 0x33, 0x6A, 0x2A, 0x39, 0x5B, 0x24, 0x32, 0x91, 0x4C,
    0x65, 0xBC, 0x73, 0x97, 0xC3, 0x78, 0x9E, 0x9B, 0x5C, 0x7A, 0x39, 0x17, 0x23, 0x67, 0x29, 0x38,
    0x5A, 0x23, 0x31, 0x0C, 0x0A, 0x15, 0x34, 0x15, 0x21, 0x5C, 0x24, 0x32, 0x0C, 0x0A, 0x15, 0x30,
    0x14, 0x1F, 0x67, 0x29, 0x38, 0x5E, 0x25, 0x34, 0x0C, 0x0A, 0x15, 0x0C, 0x0A, 0x15, 0x1C, 0x0D,
    0x18, 0x41, 0x19, 0x26, 0x0C, 0x0A, 0x15, 0x18, 0x0C, 0x17, 0x42, 0x1A, 0x26, 0x0B, 0x0A, 0x15,
    0x14, 0x0B, 0x16, 0x43, 0x1A, 0x27, 0x0B, 0x0A, 0x15, 0x0F, 0x0B, 0x16, 0x44, 0x1B, 0x27, 0x0D,
    0x0A, 0x15, 0x0C, 0x0A, 0x15, 0x0C, 0x0A, 0x15, 0x0C, 0x0A, 0x15, 0x0C, 0x0A, 0x15, 0x0C, 0x0A,
    0x15, 0x0A, 0x0A, 0x15, 0x63, 0x27, 0x36, 0x20, 0x0E, 0x1A, 0x0B, 0x0A, 0x15, 0x73, 0x2D, 0x3E,
    0x2E, 0x13, 0x1E, 0x0C, 0x0A, 0x15, 0x5F, 0x25, 0x34, 0xCD, 0xA5, 0xAC, 0x64, 0x51, 0x56, 0x0C,
    0x0A, 0x15, 0x6D, 0x2B, 0x3B, 0x3B, 0x17, 0x23, 0x0C, 0x0A, 0x15, 0x5A, 0x23, 0x32, 0x50, 0x1F,
    0x2D, 0x5F, 0x25, 0x34, 0x38, 0x16, 0x22, 0x0C, 0x0A, 0x15, 0x67, 0x28, 0x38, 0x6C, 0x2B, 0x3B,
    0x73, 0x2E, 0x3E, 0x5B, 0x24, 0x32, 0x5C, 0x24, 0x33, 0x73, 0x2D, 0x3E, 0x79, 0x30, 0x41, 0x6E,
    0x2B, 0x3B, 0x72, 0x2D, 0x3D, 0x50, 0x1F, 0x2D, 0x2E, 0x13, 0x1E, 0x38, 0x16, 0x22, 0x4E, 0x1E,
    0x2C, 0x79, 0x30, 0x41, 0x79, 0x30, 0x41, 0x73, 0x2D, 0x3E, 0x6D, 0x2B, 0x3B, 0x6C, 0x2B, 0x3A,
    0x8F, 0x75, 0x76, 0xE2, 0xC4, 0xC2, 0xDB, 0xB4, 0xBA, 0xC9, 0x7D, 0xA4, 0xC9, 0x7D, 0xA4, 0xC9,
    0x7D, 0xA4, 0xCB, 0x84, 0xA6, 0xD3, 0x9E, 0xB1, 0xD7, 0xA9, 0xB5, 0xCB, 0x83, 0xA6, 0xD3, 0x9D,
    0xB0, 0xD9, 0xAE, 0xB7, 0xD4, 0xA0, 0xB1, 0xDF, 0xBC, 0xBE, 0xCA, 0x81, 0xA5, 0xD1, 0x98, 0xAE,
    0xD3, 0x9D, 0xB0, 0xE1, 0xC3, 0xC1, 0xDB, 0xB3, 0xBA, 0xE2, 0xC4, 0xC2, 0xE2, 0xC4, 0xC2, 0xE2,
    0xC4, 0xC2, 0xE2, 0xC3, 0xC1, 0xD1, 0x99, 0xAE, 0xE2, 0xC4, 0xC2, 0xE2, 0xC4, 0xC2, 0xE2, 0xC4,
    0xC2, 0xE2, 0xC4, 0xC2, 0xE2, 0xC4, 0xC2, 0xD2, 0x9A, 0xAF, 0xE1, 0xC2, 0xC1, 0xE2, 0xC4, 0xC2,
    0xD2, 0x9C, 0xB0, 0xDA, 0xB0, 0xB8, 0xE1, 0xC2, 0xC1, 0xEA, 0xD6, 0xD1, 0xD5, 0xA2, 0xB3, 0xE0,
    0xBE, 0xBF, 0xD4, 0xA0, 0xB1, 0xD9, 0xAE, 0xB7, 0xE1, 0xC1, 0xC0, 0xCE, 0x8E, 0xAA, 0xD0, 0x93,
    0xAC, 0xCB, 0x83, 0xA6, 0xCF, 0x92, 0xAC, 0xCB, 0x84, 0xA6, 0xC9, 0x7D, 0xA4, 0xC9, 0x7D, 0xA4,
    0xBB, 0x71, 0x95, 0xD1, 0xA1, 0xAE, 0xDB, 0xB2, 0xB9, 0xCF, 0x91, 0xAB, 0xD5, 0xA3, 0xB3, 0xDB,
    0xB2, 0xB9, 0xB4, 0x7F, 0x8E, 0xAB, 0x63, 0x83, 0xA4, 0x5D, 0x7B, 0x86, 0x40, 0x55, 0x78, 0x40,
    0x56, 0x78, 0x40, 0x56, 0x79, 0x30, 0x41, 0x72, 0x2D, 0x3D, 0x6E, 0x2B, 0x3B, 0x73, 0x2D, 0x3E,
    0x6D, 0x2B, 0x3B, 0x84, 0x3E, 0x53, 0xAA, 0x63, 0x82, 0xB4, 0x70, 0x93, 0x65, 0x3D, 0x53, 0x44,
    0x1B, 0x27, 0x79, 0x30, 0x41, 0x74, 0x2E, 0x3F, 0x59, 0x23, 0x31, 0x24, 0x0F, 0x1B, 0x4F, 0x1F,
    0x2C, 0x5B, 0x24, 0x32, 0x21, 0x0F, 0x1A, 0x46, 0x1B, 0x28, 0x4D, 0x1E, 0x2B, 0x5E, 0x25, 0x33,
    0x2A, 0x11, 0x1D, 0x5F, 0x25, 0x34, 0x0C, 0x0A, 0x15, 0x24, 0x10, 0x1B, 0x61, 0x26, 0x35, 0x0B,
    0x0A, 0x15, 0x0C, 0x0A, 0x15, 0x0C, 0x0A, 0x15, 0x18, 0x0C, 0x18, 0x65, 0x28, 0x37, 0x0B, 0x0A,
    0x15, 0x0C, 0x0A, 0x15, 0x0C, 0x0A, 0x15, 0x0C, 0x0A, 0x15, 0x0C, 0x0A, 0x15, 0x64, 0x27, 0x36,
    0x16, 0x0C, 0x17, 0x0C, 0x0A, 0x15, 0x0B, 0x0A, 0x15, 0x46, 0x1B, 0x28, 0x17, 0x0C, 0x17, 0x0C,
    0x0A, 0x15, 0x44, 0x1B, 0x27, 0x1C, 0x0D, 0x18, 0x0C, 0x0A, 0x15, 0x43, 0x1A, 0x27, 0xD2, 0xB5,
    0xB4, 0x68, 0x59, 0x5A, 0x0C, 0x0A, 0x15, 0x41, 0x19, 0x26, 0x23, 0x0F, 0x1A, 0x5A, 0x23, 0x32,
    0x50, 0x1F, 0x2D, 0x5F, 0x25, 0x34, 0x51, 0x20, 0x2D, 0x5E, 0x25, 0x34, 0x38, 0x16, 0x22, 0x67,
    0x28, 0x38, 0x5B, 0x24, 0x32, 0x6C, 0x2B, 0x3A, 0x6C, 0x2B, 0x3B, 0x72, 0x2D, 0x3E, 0x79, 0x30,
    0x41, 0x79, 0x30, 0x41, 0x5F, 0x25, 0x34, 0xA4, 0x85, 0x86, 0x98, 0x72, 0x75, 0x65, 0x28, 0x37,
    0x65, 0x28, 0x37, 0x5B, 0x24, 0x32, 0x5E, 0x25, 0x33, 0x79, 0x30, 0x41, 0x79, 0x30, 0x41, 0x6C,
    0x2A, 0x3A, 0x53, 0x20, 0x2E, 0x9A, 0x77, 0x79, 0xDD, 0xB9, 0xBD, 0xCF, 0x92, 0xAC, 0xC9, 0x7D,
    0xA4, 0xC9, 0x7D, 0xA4, 0xC9, 0x7D, 0xA4, 0xC9, 0x7D, 0xA4, 0xCB, 0x84, 0xA6, 0xD0, 0x94, 0xAC,
    0xCD, 0x89, 0xA8, 0xD9, 0xAD, 0xB7, 0xD0, 0x95, 0xAD, 0xCA, 0x82, 0xA6, 0xD3, 0x9D, 0xB0, 0xD8,
    0xAB, 0xB6, 0xC9, 0x7D, 0xA4, 0xCC, 0x87, 0xA7, 0xE2, 0xC4, 0xC2, 0xE1, 0xC1, 0xC1, 0xD1, 0x99,
    0xAE, 0xD2, 0x99, 0xAE, 0xD2, 0x99, 0xAE, 0xD2, 0x9A, 0xAF, 0xDA, 0xB1, 0xB9, 0xE2, 0xC4, 0xC2,
    0xD2, 0x99, 0xAF, 0xE2, 0xC4, 0xC2, 0xE2, 0xC4, 0xC2, 0xE2, 0xC4, 0xC2, 0xCA, 0x81, 0xA5, 0xD1,
    0x97, 0xAE, 0xE1, 0xC2, 0xC1, 0xDB, 0xB2, 0xBA, 0xE1, 0xC2, 0xC1, 0xD3, 0x9E, 0xB1, 0xE0, 0xC0,
    0xC0, 0xCD, 0x89, 0xA8, 0xD0, 0x95, 0xAD, 0xCA, 0x82, 0xA6, 0xD0, 0x95, 0xAD, 0xD2, 0x99, 0xAE,
    0xCB, 0x83, 0xA6, 0xC9, 0x7D, 0xA4, 0xC9, 0x7D, 0xA4, 0xA6, 0x5F, 0x7D, 0xBF, 0x75, 0x99, 0xC9,
    0x7D, 0xA4, 0xC9, 0x7D, 0xA4, 0xC9, 0x7D, 0xA4, 0xDB, 0xB3, 0xBA, 0xD7, 0xA8, 0xB5, 0xAE, 0x70,
    0x87, 0xC1, 0x87, 0x9D, 0xDC, 0xB7, 0xBC, 0xC6, 0x93, 0xA3, 0xA4, 0x5D, 0x7B, 0x86, 0x40, 0x56,
    0xA0, 0x5A, 0x77, 0x8C, 0x4C, 0x65, 0x8C, 0x4C, 0x66, 0xA0, 0x59, 0x76, 0x79, 0x30, 0x41, 0x6A,
    0x2A, 0x39, 0x48, 0x1C, 0x29, 0x7C, 0x45, 0x5D, 0xA3, 0x5C, 0x7A, 0x79, 0x3A, 0x4E, 0x66, 0x3E,
    0x54, 0x3A, 0x17, 0x23, 0x5E, 0x25, 0x33, 0x48, 0x1C, 0x29, 0x48, 0x1C, 0x29, 0x3F, 0x19, 0x25,
    0x0C, 0x0A, 0x15, 0x24, 0x0F, 0x1B, 0x4F, 0x1F, 0x2C, 0x5B, 0x24, 0x32, 0x2E, 0x13, 0x1E, 0x61,
    0x26, 0x35, 0x42, 0x1A, 0x26, 0x1E, 0x0E, 0x19, 0x43, 0x1A, 0x27, 0x0C, 0x0A, 0x15, 0x1A, 0x0D,
    0x18, 0x45, 0x1B, 0x28, 0x1F, 0x0E, 0x19, 0x62, 0x26, 0x35, 0x0A, 0x0A, 0x15, 0x13, 0x0B, 0x16,
    0x47, 0x1C, 0x29, 0x0C, 0x0A, 0x15, 0x0C, 0x0A, 0x15, 0x0C, 0x0A, 0x15, 0x0C, 0x0A, 0x15, 0x0C,
    0x0A, 0x15, 0x49, 0x1C, 0x29, 0x10, 0x0B, 0x16, 0x62, 0x27, 0x36, 0x1B, 0x0D, 0x18, 0x0C, 0x0A,
    0x15, 0x0C, 0x0A, 0x15, 0x0B, 0x0A, 0x15, 0x5F, 0x25, 0x34, 0x26, 0x10, 0x1B, 0x0C, 0x0A, 0x15,
    0x0C, 0x0A, 0x15, 0xC2, 0x8E, 0xA1, 0x60, 0x45, 0x51, 0x0C, 0x0A, 0x15, 0x0C, 0x0A, 0x15, 0x5A,
    0x23, 0x31, 0x50, 0x1F, 0x2D, 0x5F, 0x25, 0x34, 0x51, 0x20, 0x2D, 0x5E, 0x25, 0x33, 0x74, 0x2E,
    0x3E, 0x44, 0x1B, 0x27, 0x67, 0x28, 0x38, 0x6B, 0x2A, 0x3A, 0x73, 0x2D, 0x3E, 0x5D, 0x24, 0x33,
    0x6B, 0x2A, 0x3A, 0x79, 0x30, 0x41, 0x79, 0x30, 0x41, 0x4E, 0x1F, 0x2C, 0x84, 0x63, 0x66, 0x8E,
    0x5A, 0x61, 0x69, 0x29, 0x39, 0x60, 0x26, 0x34, 0x72, 0x2D, 0x3D, 0x6C, 0x2B, 0x3B, 0x6B, 0x2A,
    0x3A, 0x5D, 0x25, 0x33, 0x73, 0x2D, 0x3E, 0x6B, 0x2A, 0x3A, 0xA3, 0x79, 0x7C, 0xDB, 0xB3, 0xBA,
    0xC9, 0x7D, 0xA4, 0xC9, 0x7D, 0xA4, 0xC9, 0x7D, 0xA4, 0xC9, 0x7D, 0xA4, 0xC9, 0x7D, 0xA4, 0xCD,
    0x8A, 0xA9, 0xD7, 0xA7, 0xB5, 0xCB, 0x83, 0xA6, 0xD0, 0x95, 0xAD, 0xCC, 0x88, 0xA8, 0xD7, 0xA9,
    0xB5, 0xCA, 0x82, 0xA6, 0xD3, 0x9D, 0xB0, 0xDA, 0xB0, 0xB9, 0xDB, 0xB2, 0xBA, 0xE2, 0xC4, 0xC2,
    0xE1, 0xC3, 0xC1, 0xD9, 0xAD, 0xB7, 0xCA, 0x80, 0xA5, 0xD9, 0xAF, 0xB8, 0xCA, 0x7F, 0xA5, 0xE2,
    0xC3, 0xC2, 0xD2, 0x9A, 0xAF, 0xDA, 0xB0, 0xB9, 0xE2, 0xC4, 0xC2, 0xE2, 0xC4, 0xC2, 0xD2, 0x9B,
    0xB0, 0xC9, 0x7E, 0xA4, 0xC9, 0x7D, 0xA4, 0xE1, 0xC1, 0xC0, 0xD3, 0x9E, 0xB0, 0xD2, 0x9A, 0xAF,
    0xD9, 0xAE, 0xB8, 0xE1, 0xC2, 0xC1, 0xDB, 0xB3, 0xBA, 0xDA, 0xB0, 0xB9, 0xCC, 0x87, 0xA7, 0xC9,
    0x7D, 0xA4, 0xD7, 0xA8, 0xB5, 0xCC, 0x89, 0xA8, 0xC9, 0x7D, 0xA4, 0xC9, 0x7D, 0xA4, 0xB8, 0x6F,
    0x92, 0xC4, 0x79, 0x9F, 0xC9, 0x7D, 0xA4, 0xC9, 0x7D, 0xA4, 0xD5, 0xA4, 0xB3, 0xE0, 0xBE, 0xBF,
    0xDC, 0xB6, 0xBB, 0xC1, 0x86, 0x9C, 0xCE, 0x9D, 0xAB, 0xD5, 0xA2, 0xB2, 0xB1, 0x74, 0x8B, 0x87,
    0x40, 0x56, 0x79, 0x30, 0x41, 0x8E, 0x48, 0x61, 0x73, 0x3B, 0x4F, 0x74, 0x3B, 0x50, 0x8E, 0x48,
    0x60, 0x79, 0x30, 0x41, 0x61, 0x26, 0x35, 0x6A, 0x40, 0x57, 0xB4, 0x70, 0x93, 0xB3, 0x6A, 0x8C,
    0x65, 0x28, 0x37, 0x3A, 0x17, 0x23, 0x6B, 0x2A, 0x3A, 0x68, 0x29, 0x38, 0x0C, 0x0A, 0x15, 0x35,
    0x15, 0x21, 0x58, 0x22, 0x30, 0x0C, 0x0A, 0x15, 0x31, 0x14, 0x20, 0x69, 0x29, 0x39, 0x6D, 0x2B,
    0x3B, 0x22, 0x0F, 0x1A, 0x43, 0x1A, 0x27, 0x0C, 0x0A, 0x15, 0x0C, 0x0A, 0x15, 0x28, 0x11, 0x1C,
    0x5E, 0x25, 0x33, 0x0C, 0x0A, 0x15, 0x0C, 0x0A, 0x15, 0x18, 0x0C, 0x17, 0x47, 0x1C, 0x29, 0x0B,
    0x0A, 0x15, 0x0C, 0x0A, 0x15, 0x0C, 0x0A, 0x15, 0x13, 0x0B, 0x16, 0x63, 0x27, 0x36, 0x0D, 0x0A,
    0x15, 0x0C, 0x0A, 0x15, 0x0C, 0x0A, 0x15, 0x0C, 0x0A, 0x15, 0x0B, 0x0A, 0x15, 0x49, 0x1D, 0x2A,
    0x15, 0x0C, 0x17, 0x0B, 0x0A, 0x15, 0x5F, 0x25, 0x34, 0x21, 0x0F, 0x1A, 0x47, 0x1C, 0x29, 0x1D,
    0x0E, 0x19, 0x0C, 0x0A, 0x15, 0x5C, 0x24, 0x32, 0x94, 0x50, 0x6A, 0x46, 0x25, 0x35, 0x5A, 0x23,
    0x31, 0x2F, 0x13, 0x1F, 0x43, 0x1A, 0x27, 0x25, 0x10, 0x1B, 0x42, 0x1A, 0x26, 0x5E, 0x25, 0x33,
    0x52, 0x20, 0x2E, 0x4B, 0x1D, 0x2A, 0x2A, 0x11, 0x1D, 0x67, 0x28, 0x38, 0x79, 0x30, 0x41, 0x79,
    0x30, 0x41, 0x49, 0x1D, 0x2A, 0x63, 0x27, 0x36, 0x5F, 0x25, 0x34, 0x6A, 0x2A, 0x3A, 0x4E, 0x1F,
    0x2C, 0x3B, 0x17, 0x23, 0x69, 0x29, 0x39, 0x71, 0x2D, 0x3D, 0x6C, 0x2B, 0x3B, 0x79, 0x30, 0x41,
    0x79, 0x30, 0x41, 0x72, 0x2D, 0x3D, 0x6B, 0x2A, 0x3A, 0x79, 0x30, 0x41, 0x79, 0x30, 0x41, 0xA3,
    0x79, 0x7C, 0xDB, 0xB3, 0xBA, 0xC9, 0x7D, 0xA4, 0xC9, 0x7D, 0xA4, 0xC9, 0x7D, 0xA4, 0xC9, 0x7D,
    0xA4, 0xCD, 0x8B, 0xA9, 0xD8, 0xAB, 0xB6, 0xD0, 0x96, 0xAD, 0xC9, 0x7D, 0xA4, 0xCC, 0x88, 0xA8,
    0xDB, 0xB3, 0xBA, 0xDE, 0xBB, 0xBE, 0xCC, 0x86, 0xA7, 0xD9, 0xAD, 0xB7, 0xD2, 0x9B, 0xAF, 0xD2,
    0x9B, 0xAF, 0xD2, 0x9B, 0xAF, 0xD2, 0x9B, 0xAF, 0xD3, 0x9C, 0xB0, 0xDA, 0xB0, 0xB9, 0xE2, 0xC3,
    0xC2, 0xD9, 0xAE, 0xB8, 0xD2, 0x9B, 0xAF, 0xC9, 0x7E, 0xA4, 0xE2, 0xC3, 0xC2, 0xD3, 0x9C, 0xB0,
    0xD2, 0x9B, 0xAF, 0xC9, 0x7E, 0xA4, 0xD9, 0xAD, 0xB7, 0xDA, 0xAF, 0xB8, 0xE2, 0xC3, 0xC1, 0xDA,
    0xB1, 0xB9, 0xDA, 0xAF, 0xB8, 0xE1, 0xC2, 0xC1, 0xD4, 0xA1, 0xB2, 0xD2, 0x9B, 0xAF, 0xE0, 0xBF,
    0xBF, 0xCD, 0x8B, 0xA9, 0xC9, 0x7D, 0xA4, 0xDE, 0xBA, 0xBD, 0xCE, 0x8E, 0xAA, 0xC9, 0x7D, 0xA4,
    0xC9, 0x7D, 0xA4, 0xC9, 0x7D, 0xA4, 0xC9, 0x7D, 0xA4, 0xA9, 0x61, 0x81, 0xBE, 0x74, 0x99, 0xD0,
    0x93, 0xAC, 0xB6, 0x88, 0x92, 0xC7, 0x93, 0xA3, 0xCC, 0x88, 0xA8, 0xCF, 0x92, 0xAC, 0xCC, 0x88,
    0xA8, 0xBB, 0x71, 0x95, 0x92, 0x4C, 0x65, 0x79, 0x30, 0x41, 0x79, 0x30, 0x41, 0x6D, 0x2B, 0x3B,
    0x6D, 0x2B, 0x3B, 0x6A, 0x2A, 0x39, 0x4B, 0x1D, 0x2A, 0x3C, 0x18, 0x24, 0x80, 0x4E, 0x69, 0xC9,
    0x7D, 0xA4, 0xAB, 0x68, 0x8A, 0x3E, 0x18, 0x25, 0x47, 0x1C, 0x29, 0x79, 0x30, 0x41, 0x68, 0x29,
    0x38, 0x0C, 0x0A, 0x15, 0x41, 0x19, 0x26, 0x6A, 0x2A, 0x3A, 0x55, 0x33, 0x47, 0x9D, 0x5D, 0x7C,
    0x79, 0x30, 0x41, 0x6D, 0x2B, 0x3B, 0x0C, 0x0A, 0x15, 0x2C, 0x12, 0x1E, 0x5B, 0x24, 0x32, 0x0C,
    0x0A, 0x15, 0x1E, 0x0E, 0x19, 0x46, 0x1B, 0x28, 0x0C, 0x0A, 0x15, 0x0C, 0x0A, 0x15, 0x0C, 0x0A,
    0x15, 0x0C, 0x0A, 0x15, 0x0C, 0x0A, 0x15, 0x18, 0x0C, 0x17, 0x62, 0x26, 0x35, 0x0F, 0x0B, 0x16,
    0x4A, 0x1D, 0x2A, 0x0D, 0x0A, 0x15, 0x0C, 0x0A, 0x15, 0x0C, 0x0A, 0x15, 0x0C, 0x0A, 0x15, 0x0C,
    0x0A, 0x15, 0x0C, 0x0A, 0x15, 0x0C, 0x0A, 0x15, 0x0B, 0x0A, 0x15, 0x49, 0x1D, 0x2A, 0x1A, 0x0D,
    0x18, 0x0C, 0x0A, 0x15, 0x0C, 0x0A, 0x15, 0x5B, 0x24, 0x32, 0x50, 0x1F, 0x2D, 0x4C, 0x1E, 0x2B,
    0x5F, 0x25, 0x34, 0x51, 0x20, 0x2D, 0x5E, 0x25, 0x34, 0x62, 0x26, 0x35, 0x30, 0x14, 0x1F, 0x57,
    0x22, 0x30, 0x52, 0x20, 0x2E, 0x29, 0x11, 0x1C, 0x0C, 0x0A, 0x15, 0x54, 0x21, 0x2F, 0x9E, 0x5B,
    0x78, 0x8E, 0x48, 0x60, 0x5E, 0x25, 0x33, 0x5B, 0x24, 0x32, 0x72, 0x2D, 0x3D, 0x6B, 0x2A, 0x3A,
    0x71, 0x2D, 0x3D, 0x6C, 0x2A, 0x3A, 0x40, 0x19, 0x26, 0x5F, 0x25, 0x34, 0x6A, 0x2A, 0x39, 0x61,
    0x26, 0x35, 0x79, 0x30, 0x41, 0x79, 0x30, 0x41, 0x79, 0x30, 0x41, 0x79, 0x30, 0x41, 0x6D, 0x2B,
    0x3B, 0x5D, 0x25, 0x33, 0x8A, 0x54, 0x5C, 0xA6, 0x77, 0x80, 0xAB, 0x63, 0x83, 0xC9, 0x7D, 0xA4,
    0xC9, 0x7D, 0xA4, 0xC9, 0x7D, 0xA4, 0xCB, 0x85, 0xA7, 0xD4, 0xA0, 0xB2, 0xD6, 0xA6, 0xB4, 0xC9,
    0x7D, 0xA4, 0xCB, 0x83, 0xA6, 0xD3, 0x9C, 0xB0, 0xD1, 0x98, 0xAE, 0xCA, 0x82, 0xA6, 0xD1, 0x98,
    0xAE, 0xC9, 0x7D, 0xA4, 0xCB, 0x83, 0xA6, 0xD8, 0xAB, 0xB6, 0xC9, 0x7D, 0xA4, 0xCB, 0x83, 0xA6,
    0xE2, 0xC4, 0xC2, 0xE1, 0xC3, 0xC1, 0xD3, 0x9D, 0xB0, 0xD9, 0xAE, 0xB8, 0xD9, 0xAE, 0xB8, 0xD3,
    0x9C, 0xB0, 0xC9, 0x7D, 0xA4, 0xC9, 0x7D, 0xA4, 0xC9, 0x7D, 0xA4, 0xE1, 0xC2, 0xC1, 0xD3, 0x9E,
    0xB1, 0xD3, 0x9C, 0xB0, 0xE1, 0xC1, 0xC1, 0xE2, 0xC4, 0xC2, 0xE2, 0xC4, 0xC2, 0xDA, 0xB1, 0xB9,
    0xD9, 0xAE, 0xB8, 0xD4, 0x9F, 0xB1, 0xD8, 0xAB, 0xB6, 0xD9, 0xAE, 0xB8, 0xD4, 0xA0, 0xB1, 0xCB,
    0x84, 0xA6, 0xD6, 0xA6, 0xB4, 0xCD, 0x8A, 0xA9, 0xC9, 0x7D, 0xA4, 0xC9, 0x7D, 0xA4, 0xB7, 0x6E,
    0x91, 0xC3, 0x78, 0x9E, 0xAB, 0x63, 0x83, 0xAB, 0x64, 0x84, 0xC2, 0x77, 0x9D, 0xC9, 0x7D, 0xA4,
    0xC9, 0x7D, 0xA4, 0xC9, 0x7D, 0xA4, 0xC9, 0x7D, 0xA4, 0x9D, 0x57, 0x73, 0x79, 0x30, 0x41, 0x9E,
    0x58, 0x74, 0x82, 0x48, 0x60, 0x62, 0x26, 0x35, 0x70, 0x2C, 0x3D, 0x4E, 0x1E, 0x2C, 0x69, 0x40,
    0x56, 0xA1, 0x60, 0x7F, 0x94, 0x54, 0x6F, 0x77, 0x44, 0x5C, 0x62, 0x26, 0x35, 0x5C, 0x24, 0x32,
    0x4C, 0x1E, 0x2B, 0x53, 0x20, 0x2E, 0x62, 0x26, 0x35, 0x5D, 0x24, 0x33, 0x52, 0x20, 0x2E, 0x84,
    0x47, 0x5F, 0xC4, 0x79, 0x9F, 0xA7, 0x60, 0x7F, 0x6D, 0x2B, 0x3B, 0x0C, 0x0A, 0x15, 0x22, 0x0F,
    0x1A, 0x50, 0x1F, 0x2D, 0x5B, 0x24, 0x32, 0x0C, 0x0A, 0x15, 0x25, 0x10, 0x1B, 0x5D, 0x24, 0x33,
    0x0B, 0x0A, 0x15, 0x1F, 0x0E, 0x19, 0x5F, 0x25, 0x34, 0x0B, 0x0A, 0x15, 0x13, 0x0B, 0x16, 0x4B,
    0x1D, 0x2B, 0x0C, 0x0A, 0x15, 0x0C, 0x0A, 0x15, 0x0C, 0x0A, 0x15, 0x0C, 0x0A, 0x15, 0x0C, 0x0A,
    0x15, 0x60, 0x26, 0x34, 0x15, 0x0C, 0x17, 0x0B, 0x0A, 0x15, 0x5F, 0x25, 0x34, 0x1C, 0x0D, 0x19,
    0x0B, 0x0A, 0x15, 0x5D, 0x24, 0x33, 0x23, 0x0F, 0x1A, 0x0C, 0x0A, 0x15, 0x48, 0x1C, 0x29, 0x20,
    0x0E, 0x1A, 0x59, 0x23, 0x31, 0x51, 0x20, 0x2D, 0x24, 0x0F, 0x1B, 0x46, 0x1B, 0x28, 0x72, 0x2D,
    0x3D, 0x67, 0x28, 0x38, 0x53, 0x20, 0x2E, 0x28, 0x11, 0x1C, 0x0C, 0x0A, 0x15, 0x54, 0x21, 0x2E,
    0x73, 0x2D, 0x3E, 0xB6, 0x6D, 0x8F, 0x85, 0x4D, 0x66, 0x5B, 0x24, 0x32, 0x55, 0x21, 0x2F, 0x6C,
    0x2B, 0x3A, 0x60, 0x26, 0x35, 0x4E, 0x1E, 0x2C, 0x6B, 0x2A, 0x3A, 0x4F, 0x1F, 0x2C, 0x5F, 0x25,
    0x34, 0x70, 0x2C, 0x3C, 0x5A, 0x23, 0x32, 0x4E, 0x1E, 0x2C, 0x61, 0x26, 0x35, 0x6C, 0x2B, 0x3A,
    0x5F, 0x25, 0x34, 0x72, 0x2D, 0x3D, 0x69, 0x29, 0x39, 0x6E, 0x2B, 0x3B, 0x5D, 0x24, 0x33, 0x9C,
    0x68, 0x73, 0xD9, 0xAD, 0xB7, 0xD5, 0xA3, 0xB3, 0xCD, 0x8B, 0xA9, 0xD9, 0xAD, 0xB7, 0xD8, 0xAA,
    0xB6, 0xD4, 0xA1, 0xB2, 0xD6, 0xA5, 0xB4, 0xC9, 0x7D, 0xA4, 0xC9, 0x7D, 0xA4, 0xC9, 0x7D, 0xA4,
    0xCB, 0x85, 0xA7, 0xD9, 0xAD, 0xB7, 0xD9, 0xAD, 0xB7, 0xD8, 0xAC, 0xB7, 0xD4, 0x9F, 0xB1, 0xD9,
    0xAD, 0xB7, 0xD9, 0xAF, 0xB8, 0xE2, 0xC4, 0xC2, 0xE2, 0xC3, 0xC2, 0xD9, 0xAE, 0xB8, 0xE2, 0xC3,
    0xC2, 0xD3, 0x9D, 0xB0, 0xC9, 0x7E, 0xA4, 0xD9, 0xAD, 0xB7, 0xC9, 0x7E, 0xA4, 0xC9, 0x7D, 0xA4,
    0xE1, 0xC2, 0xC1, 0xCA, 0x82, 0xA6, 0xC9, 0x7D, 0xA4, 0xD2, 0x9B, 0xAF, 0xD3, 0x9D, 0xB0, 0xE1,
    0xC0, 0xC0, 0xD5, 0xA2, 0xB2, 0xD3, 0x9D, 0xB0, 0xCB, 0x82, 0xA6, 0xD1, 0x99, 0xAE, 0xE0, 0xBE,
    0xBF, 0xCE, 0x8E, 0xAA, 0xC9, 0x7D, 0xA4, 0xDD, 0xB8, 0xBC, 0xCF, 0x90, 0xAB, 0xC9, 0x7D, 0xA4,
    0xAA, 0x62, 0x82, 0xBF, 0x75, 0x9A, 0xC9, 0x7D, 0xA4, 0xB7, 0x6E, 0x91, 0xC2, 0x77, 0x9D, 0xC9,
    0x7D, 0xA4, 0xC9, 0x7D, 0xA4, 0xC9, 0x7D, 0xA4, 0xAE, 0x66, 0x87, 0xBB, 0x71, 0x95, 0x9D, 0x57,
    0x73, 0x79, 0x30, 0x41, 0x91, 0x4B, 0x64, 0x7E, 0x40, 0x55, 0x6C, 0x2A, 0x3A, 0x79, 0x30, 0x41,
    0x8B, 0x4A, 0x62, 0xB2, 0x6E, 0x91, 0xA9, 0x67, 0x88, 0x3F, 0x19, 0x25, 0x49, 0x1D, 0x2A, 0x6D,
    0x2B, 0x3B, 0x41, 0x19, 0x26, 0x0C, 0x0A, 0x15, 0x44, 0x1B, 0x27, 0x6F, 0x2C, 0x3C, 0x43, 0x1A,
    0x27, 0x3F, 0x19, 0x25, 0x83, 0x3C, 0x51, 0x98, 0x56, 0x72, 0x7A, 0x49, 0x62, 0x46, 0x1B, 0x28,
    0x2C, 0x12, 0x1E, 0x59, 0x23, 0x31, 0x34, 0x15, 0x21, 0x70, 0x2C, 0x3D, 0x0C, 0x0A, 0x15, 0x1E,
    0x0E, 0x19, 0x49, 0x1D, 0x2A, 0x0C, 0x0A, 0x15, 0x19, 0x0D, 0x18, 0x4B, 0x1D, 0x2B, 0x0B, 0x0A,
    0x15, 0x0C, 0x0A, 0x15, 0x0C, 0x0A, 0x15, 0x0C, 0x0A, 0x15, 0x0C, 0x0A, 0x15, 0x0C, 0x0A, 0x15,
    0x0C, 0x0A, 0x15, 0x0C, 0x0A, 0x15, 0x4E, 0x1E, 0x2C, 0x12, 0x0B, 0x16, 0x0B, 0x0A, 0x15, 0x4D,
    0x1E, 0x2B, 0x17, 0x0C, 0x17, 0x0B, 0x0A, 0x15, 0x4B, 0x1D, 0x2B, 0x5E, 0x25, 0x34, 0x24, 0x10,
    0x1B, 0x0C, 0x0A, 0x15, 0x0C, 0x0A, 0x15, 0x48, 0x1C, 0x29, 0x5D, 0x25, 0x33, 0x2C, 0x12, 0x1E,
    0x0C, 0x0A, 0x15, 0x6D, 0x2B, 0x3B, 0x5A, 0x23, 0x32, 0x5C, 0x24, 0x33, 0x60, 0x26, 0x34, 0x33,
    0x14, 0x20, 0x44, 0x1B, 0x27, 0x4F, 0x1F, 0x2C, 0xB0, 0x6B, 0x8D, 0x8C, 0x4F, 0x69, 0x55, 0x21,
    0x2F, 0x5B, 0x23, 0x32, 0x71, 0x2D, 0x3D, 0x6A, 0x2A, 0x39, 0x3D, 0x18, 0x24, 0x3F, 0x19, 0x25,
    0x5A, 0x23, 0x31, 0x70, 0x2C, 0x3C, 0x79, 0x30, 0x41, 0x70, 0x2C, 0x3C, 0x60, 0x26, 0x34, 0x6A,
    0x2A, 0x39, 0x71, 0x2D, 0x3D, 0x5B, 0x23, 0x32, 0x5F, 0x25, 0x34, 0x79, 0x30, 0x41, 0x72, 0x2D,
    0x3D, 0x68, 0x29, 0x38, 0xA0, 0x74, 0x78, 0xE2, 0xC4, 0xC2, 0xE0, 0xBE, 0xBF, 0xD7, 0xA9, 0xB5,
    0xD3, 0x9E, 0xB1, 0xD1, 0x98, 0xAE, 0xCB, 0x85, 0xA7, 0xD1, 0x98, 0xAE, 0xCC, 0x87, 0xA8, 0xD6,
    0xA6, 0xB4, 0xCC, 0x86, 0xA7, 0xDA, 0xB0, 0xB9, 0xE2, 0xC4, 0xC2, 0xE2, 0xC4, 0xC2, 0xE1, 0xC2,
    0xC1, 0xD9, 0xAF, 0xB8, 0xE2, 0xC4, 0xC2, 0xE1, 0xC2, 0xC1, 0xD4, 0xA0, 0xB1, 0xE2, 0xC3, 0xC1,
    0xD3, 0x9E, 0xB1, 0xD3, 0x9E, 0xB0, 0xC9, 0x7E, 0xA4, 0xD9, 0xAC, 0xB7, 0xE2, 0xC4, 0xC2, 0xCA,
    0x7F, 0xA5, 0xC9, 0x7D, 0xA4, 0xD3, 0x9D, 0xB0, 0xCA, 0x7F, 0xA5, 0xC9, 0x7D, 0xA4, 0xD7, 0xAA,
    0xB6, 0xCA, 0x82, 0xA6, 0xD2, 0x9B, 0xAF, 0xCA, 0x81, 0xA6, 0xD7, 0xA7, 0xB5, 0xD9, 0xAC, 0xB7,
    0xCC, 0x86, 0xA7, 0xD2, 0x99, 0xAF, 0xCB, 0x84, 0xA6, 0xC9, 0x7D, 0xA4, 0xD1, 0x98, 0xAE, 0xCB,
    0x85, 0xA7, 0xC9, 0x7D, 0xA4, 0xB6, 0x6D, 0x8F, 0xC3, 0x78, 0x9D, 0xAC, 0x64, 0x84, 0xBE, 0x74,
    0x99, 0xC9, 0x7D, 0xA4, 0xAD, 0x65, 0x86, 0xBD, 0x73, 0x97, 0xC9, 0x7D, 0xA4, 0x9B, 0x55, 0x70,
    0xB2, 0x69, 0x8B, 0xB9, 0x70, 0x93, 0x91, 0x4B, 0x64, 0x9D, 0x56, 0x72, 0x81, 0x47, 0x5F, 0x63,
    0x27, 0x36, 0x79, 0x30, 0x41, 0xB1, 0x91, 0x95, 0xE5, 0xC9, 0xCD, 0xB1, 0x8D, 0x96, 0x3B, 0x17,
    0x23, 0x82, 0x45, 0x5C, 0x93, 0x56, 0x72, 0x0C, 0x0A, 0x15, 0x37, 0x16, 0x22, 0x5C, 0x24, 0x32,
    0x44, 0x1B, 0x27, 0x57, 0x34, 0x48, 0x98, 0x5A, 0x77, 0x79, 0x30, 0x41, 0x6C, 0x2B, 0x3A, 0x0C,
    0x0A, 0x15, 0x2D, 0x12, 0x1E, 0x5D, 0x24, 0x33, 0x48, 0x1C, 0x29, 0x22, 0x0F, 0x1A, 0x49, 0x1C,
    0x2A, 0x0C, 0x0A, 0x15, 0x0C, 0x0A, 0x15, 0x0C, 0x0A, 0x15, 0x0C, 0x0A, 0x15, 0x0C, 0x0A, 0x15,
    0x1C, 0x0D, 0x18, 0x5E, 0x25, 0x33, 0x0B, 0x0A, 0x15, 0x15, 0x0C, 0x17, 0x5F, 0x25, 0x34, 0x0C,
    0x0A, 0x15, 0x0C, 0x0A, 0x15, 0x0C, 0x0A, 0x15, 0x0C, 0x0A, 0x15, 0x0C, 0x0A, 0x15, 0x0C, 0x0A,
    0x15, 0x0C, 0x0A, 0x15, 0x0B, 0x0A, 0x15, 0x5C, 0x24, 0x33, 0x1E, 0x0E, 0x19, 0x0B, 0x0A, 0x15,
    0x73, 0x2D, 0x3E, 0x2E, 0x13, 0x1E, 0x59, 0x23, 0x31, 0x27, 0x11, 0x1C, 0x0C, 0x0A, 0x15, 0x6F,
    0x2C, 0x3C, 0x38, 0x16, 0x22, 0x0C, 0x0A, 0x15, 0x48, 0x1C, 0x29, 0x27, 0x11, 0x1C, 0x6B, 0x2A,
    0x3A, 0x79, 0x30, 0x41, 0x41, 0x19, 0x26, 0x0C, 0x0A, 0x15, 0x51, 0x20, 0x2D, 0xBE, 0x93, 0x9E,
    0x8E, 0x68, 0x71, 0x2F, 0x13, 0x1F, 0x64, 0x27, 0x36, 0x61, 0x26, 0x35, 0x6C, 0x2B, 0x3B, 0x6A,
    0x2A, 0x39, 0x5F, 0x25, 0x34, 0x56, 0x22, 0x30, 0x6A, 0x2A, 0x3A, 0x79, 0x30, 0x41, 0x79, 0x30,
    0x41, 0x6C, 0x2A, 0x3A, 0x62, 0x26, 0x35, 0x79, 0x30, 0x41, 0x71, 0x2D, 0x3D, 0x69, 0x29, 0x39,
    0x79, 0x30, 0x41, 0x8C, 0x46, 0x5E, 0xB4, 0x7A, 0x8E, 0xCA, 0xA9, 0xA9, 0xE2, 0xC4, 0xC2, 0xE2,
    0xC4, 0xC2, 0xE0, 0xBE, 0xBF, 0xD5, 0xA2, 0xB3, 0xC9, 0x7D, 0xA4, 0xC9, 0x7D, 0xA4, 0xC9, 0x7D,
    0xA4, 0xCE, 0x8E, 0xAA, 0xE0, 0xC0, 0xC0, 0xDA, 0xB0, 0xB8, 0xE0, 0xBF, 0xC0, 0xD6, 0xA4, 0xB3,
    0xE2, 0xC4, 0xC2, 0xE1, 0xC1, 0xC0, 0xD5, 0xA3, 0xB3, 0xE1, 0xC2, 0xC1, 0xD4, 0xA0, 0xB1, 0xD9,
    0xAD, 0xB7, 0xE2, 0xC3, 0xC2, 0xD8, 0xAC, 0xB7, 0xD8, 0xAB, 0xB6, 0xC9, 0x7E, 0xA4, 0xD4, 0x9F,
    0xB1, 0xE2, 0xC4, 0xC2, 0xCA, 0x7F, 0xA5, 0xC9, 0x7D, 0xA4, 0xD8, 0xAA, 0xB6, 0xCA, 0x80, 0xA5,
    0xC9, 0x7D, 0xA4, 0xD3, 0x9D, 0xB0, 0xCA, 0x81, 0xA5, 0xC9, 0x7D, 0xA4, 0xC9, 0x7D, 0xA4, 0xDF,
    0xBD, 0xBE, 0xD6, 0xA5, 0xB4, 0xCB, 0x83, 0xA6, 0xD6, 0xA5, 0xB4, 0xD8, 0xAC, 0xB7, 0xCC, 0x88,
    0xA8, 0xD5, 0xA3, 0xB3, 0xCC, 0x89, 0xA8, 0xC9, 0x7D, 0xA4, 0xC9, 0x7D, 0xA4, 0xC9, 0x7D, 0xA4,
    0xB6, 0x6D, 0x8F, 0xC2, 0x77, 0x9D, 0xC9, 0x7D, 0xA4, 0xB7, 0x6E, 0x91, 0xA5, 0x5E, 0x7C, 0xBD,
    0x73, 0x97, 0xB8, 0x6F, 0x92, 0xC0, 0x75, 0x9A, 0xB1, 0x68, 0x8A, 0xA9, 0x62, 0x81, 0xA6, 0x5F,
    0x7D, 0x6A, 0x3A, 0x4F, 0x75, 0x43, 0x5B, 0xAE, 0x66, 0x87, 0xC4, 0x92, 0xA5, 0xC9, 0xAC, 0xB3,
    0x7B, 0x6A, 0x6A, 0x6D, 0x3F, 0x55, 0xA2, 0x60, 0x7F, 0x70, 0x44, 0x5C, 0x0C, 0x0A, 0x15, 0x45,
    0x1B, 0x28, 0x68, 0x29, 0x38, 0x58, 0x35, 0x49, 0x9F, 0x60, 0x7F, 0x97, 0x52, 0x6C, 0x79, 0x30,
    0x41, 0x74, 0x2E, 0x3E, 0x55, 0x21, 0x2F, 0x39, 0x17, 0x23, 0x6E, 0x2B, 0x3B, 0x0C, 0x0A, 0x15,
    0x29, 0x11, 0x1C, 0x58, 0x22, 0x31, 0x0C, 0x0A, 0x15, 0x24, 0x10, 0x1B, 0x5A, 0x23, 0x32, 0x0B,
    0x0A, 0x15, 0x0C, 0x0A, 0x15, 0x18, 0x0C, 0x17, 0x4E, 0x1E, 0x2C, 0x0B, 0x0A, 0x15, 0x12, 0x0B,
    0x16, 0x4F, 0x1F, 0x2C, 0x10, 0x0B, 0x16, 0x5F, 0x25, 0x34, 0x0C, 0x0A, 0x15, 0x0C, 0x0A, 0x15,
    0x0B, 0x0A, 0x15, 0x5D, 0x24, 0x33, 0x17, 0x0C, 0x17, 0x0B, 0x0A, 0x15, 0x4F, 0x1F, 0x2C, 0x1A,
    0x0D, 0x18, 0x0C, 0x0A, 0x15, 0x4D, 0x1E, 0x2B, 0x5D, 0x24, 0x33, 0x53, 0x20, 0x2E, 0x22, 0x0F,
    0x1A, 0x57, 0x22, 0x30, 0x75, 0x2E, 0x3F, 0x64, 0x27, 0x36, 0x2C, 0x12, 0x1E, 0x0C, 0x0A, 0x15,
    0x54, 0x21, 0x2F, 0x73, 0x2E, 0x3E, 0x5D, 0x24, 0x33, 0x5B, 0x24, 0x32, 0x5E, 0x25, 0x34, 0x55,
    0x21, 0x2F, 0xC5, 0xA8, 0xA7, 0x87, 0x74, 0x74, 0x4E, 0x1F, 0x2C, 0x56, 0x22, 0x30, 0x32, 0x14,
    0x20, 0x62, 0x27, 0x36, 0x79, 0x30, 0x41, 0x63, 0x27, 0x36, 0x59, 0x23, 0x31, 0x6F, 0x2C, 0x3C,
    0x79, 0x30, 0x41, 0x79, 0x30, 0x41, 0x70, 0x2C, 0x3C, 0x69, 0x29, 0x39, 0x79, 0x30, 0x41, 0x79,
    0x30, 0x41, 0x79, 0x30, 0x41, 0x79, 0x30, 0x41, 0x9E, 0x6A, 0x76, 0xDB, 0xB3, 0xBA, 0xE2, 0xC4,
    0xC2, 0xE2, 0xC4, 0xC2, 0xE2, 0xC4, 0xC2, 0xE2, 0xC4, 0xC2, 0xDD, 0xB7, 0xBC, 0xC9, 0x7D, 0xA4,
    0xC9, 0x7D, 0xA4, 0xCC, 0x87, 0xA8, 0xDA, 0xB0, 0xB8, 0xE0, 0xBE, 0xBF, 0xD4, 0xA0, 0xB1, 0xD5,
    0xA2, 0xB2, 0xD9, 0xAE, 0xB8, 0xE2, 0xC4, 0xC2, 0xE1, 0xC2, 0xC1, 0xD9, 0xAD, 0xB7, 0xE1, 0xC2,
    0xC1, 0xD9, 0xAC, 0xB7, 0xE1, 0xC2, 0xC1, 0xD4, 0xA1, 0xB2, 0xE2, 0xC4, 0xC2, 0xE2, 0xC4, 0xC2,
    0xD8, 0xAB, 0xB6, 0xD8, 0xAB, 0xB6, 0xD4, 0xA0, 0xB1, 0xC9, 0x7E, 0xA4, 0xD8, 0xAA, 0xB6, 0xD4,
    0xA0, 0xB2, 0xCA, 0x7F, 0xA5, 0xD7, 0xA9, 0xB5, 0xCA, 0x81, 0xA5, 0xC9, 0x7D, 0xA4, 0xD6, 0xA7,
    0xB4, 0xCB, 0x83, 0xA6, 0xD3, 0x9C, 0xB0, 0xCB, 0x83, 0xA6, 0xC9, 0x7D, 0xA4, 0xDE, 0xBA, 0xBD,
    0xD7, 0xA7, 0xB5, 0xCB, 0x85, 0xA7, 0xD2, 0x9A, 0xAF, 0xD7, 0xA9, 0xB5, 0xCD, 0x89, 0xA8, 0xC9,
    0x7D, 0xA4, 0xC9, 0x7D, 0xA4, 0xC9, 0x7D, 0xA4, 0xC9, 0x7D, 0xA4, 0xC9, 0x7D, 0xA4, 0xC9, 0x7D,
    0xA4, 0xB7, 0x6E, 0x90, 0xA5, 0x5E, 0x7D, 0xA1, 0x5A, 0x78, 0xBC, 0x72, 0x96, 0x9D, 0x57, 0x73,
    0xB0, 0x68, 0x89, 0x9F, 0x59, 0x75, 0x50, 0x1F, 0x2D, 0x87, 0x53, 0x6E, 0xC9, 0x7D, 0xA4, 0xB3,
    0x6F, 0x92, 0x6E, 0x43, 0x5A, 0x3B, 0x17, 0x23, 0x7B, 0x3E, 0x54, 0x86, 0x4A, 0x63, 0x0C, 0x0A,
    0x15, 0x37, 0x16, 0x22, 0x67, 0x29, 0x38, 0x68, 0x29, 0x38, 0x59, 0x31, 0x43, 0xA4, 0x5D, 0x7C,
    0x9D, 0x5A, 0x77, 0x51, 0x20, 0x2D, 0x51, 0x20, 0x2D, 0x54, 0x21, 0x2F, 0x5C, 0x24, 0x32, 0x4A,
    0x1D, 0x2A, 0x0C, 0x0A, 0x15, 0x23, 0x0F, 0x1B, 0x4B, 0x1D, 0x2B, 0x25, 0x10, 0x1B, 0x5D, 0x24,
    0x33, 0x4D, 0x1E, 0x2B, 0x20, 0x0E, 0x19, 0x5B, 0x23, 0x32, 0x0B, 0x0A, 0x15, 0x0C, 0x0A, 0x15,
    0x0C, 0x0A, 0x15, 0x0C, 0x0A, 0x15, 0x0C, 0x0A, 0x15, 0x13, 0x0B, 0x16, 0x79, 0x30, 0x41, 0x0C,
    0x0A, 0x15, 0x0C, 0x0A, 0x15, 0x5C, 0x24, 0x33, 0x53, 0x20, 0x2E, 0x15, 0x0C, 0x17, 0x0C, 0x0A,
    0x15, 0x0C, 0x0A, 0x15, 0x0C, 0x0A, 0x15, 0x0B, 0x0A, 0x15, 0x58, 0x22, 0x31, 0x54, 0x21, 0x2F,
    0x21, 0x0F, 0x1A, 0x0C, 0x0A, 0x15, 0x4C, 0x1E, 0x2B, 0x73, 0x2E, 0x3E, 0x79, 0x30, 0x41, 0x64,
    0x27, 0x36, 0x2D, 0x12, 0x1E, 0x49, 0x1D, 0x2A, 0x52, 0x20, 0x2E, 0x2B, 0x12, 0x1D, 0x69, 0x29,
    0x39, 0x5F, 0x25, 0x34, 0x2E, 0x13, 0x1E, 0xC1, 0xA7, 0xA6, 0x87, 0x74, 0x74, 0x65, 0x28, 0x37,
    0x68, 0x29, 0x38, 0x5D, 0x24, 0x33, 0x56, 0x22, 0x30, 0x6C, 0x2B, 0x3B, 0x4E, 0x1F, 0x2C, 0x41,
    0x19, 0x26, 0x6B, 0x2A, 0x3A, 0x79, 0x30, 0x41, 0x79, 0x30, 0x41, 0x79, 0x30, 0x41, 0x79, 0x30,
    0x41, 0x6D, 0x2B, 0x3B, 0x62, 0x26, 0x35, 0x79, 0x30, 0x41, 0x79, 0x30, 0x41, 0x9D, 0x65, 0x73,
    0xD8, 0xAC, 0xB7, 0xE2, 0xC4, 0xC2, 0xE7, 0xCE, 0xCA, 0xF3, 0xE8, 0xDF, 0xEF, 0xE0, 0xD9, 0xDD,
    0xB7, 0xBC, 0xC9, 0x7D, 0xA4, 0xCC, 0x88, 0xA8, 0xDA, 0xAF, 0xB8, 0xE0, 0xBE, 0xBF, 0xD5, 0xA2,
    0xB3, 0xD8, 0xAA, 0xB6, 0xD9, 0xAE, 0xB8, 0xE2, 0xC4, 0xC2, 0xE2, 0xC4, 0xC2, 0xE2, 0xC4, 0xC2,
    0xE2, 0xC4, 0xC2, 0xE2, 0xC4, 0xC2, 0xE2, 0xC4, 0xC2, 0xE1, 0xC1, 0xC1, 0xC9, 0x7E, 0xA4, 0xD5,
    0xA2, 0xB2, 0xE2, 0xC3, 0xC2, 0xD4, 0xA1, 0xB2, 0xD4, 0xA1, 0xB2, 0xC9, 0x7D, 0xA4, 0xC9, 0x7D,
    0xA4, 0xD4, 0xA0, 0xB2, 0xC9, 0x7E, 0xA4, 0xD7, 0xA8, 0xB5, 0xD5, 0xA1, 0xB2, 0xD7, 0xA9, 0xB6,
    0xCA, 0x82, 0xA6, 0xE0, 0xBE, 0xBF, 0xD9, 0xAD, 0xB7, 0xCB, 0x84, 0xA6, 0xC9, 0x7D, 0xA4, 0xD5,
    0xA4, 0xB3, 0xE0, 0xC0, 0xC0, 0xDA, 0xAF, 0xB8, 0xD8, 0xAA, 0xB6, 0xCC, 0x88, 0xA8, 0xDD, 0xB8,
    0xBC, 0xDA, 0xB0, 0xB9, 0xCD, 0x8A, 0xA9, 0xD4, 0xA0, 0xB1, 0xCD, 0x8B, 0xA9, 0xC9, 0x7D, 0xA4,
    0xC9, 0x7D, 0xA4, 0xC9, 0x7D, 0xA4, 0xC9, 0x7D, 0xA4, 0xB6, 0x6D, 0x90, 0x8D, 0x48, 0x5F, 0xB2,
    0x69, 0x8B, 0xB8, 0x6E, 0x91, 0xA6, 0x5F, 0x7E, 0xB4, 0x86, 0x8F, 0x8F, 0x69, 0x6D, 0x96, 0x57,
    0x73, 0xC9, 0x7D, 0xA4, 0xA1, 0x64, 0x84, 0x0C, 0x0A, 0x15, 0x4C, 0x1E, 0x2B, 0x6D, 0x2B, 0x3B,
    0x44, 0x1A, 0x27, 0x37, 0x16, 0x22, 0x5A, 0x23, 0x31, 0x60, 0x26, 0x34, 0x72, 0x2D, 0x3D, 0x66,
    0x28, 0x37, 0x85, 0x3F, 0x54, 0x8F, 0x50, 0x6A, 0x0C, 0x0A, 0x15, 0x2E, 0x13, 0x1E, 0x5B, 0x24,
    0x32, 0x4A, 0x1D, 0x2A, 0x0C, 0x0A, 0x15, 0x0C, 0x0A, 0x15, 0x0C, 0x0A, 0x15, 0x0C, 0x0A, 0x15,
    0x21, 0x0F, 0x1A, 0x54, 0x21, 0x2F, 0x58, 0x22, 0x31, 0x1C, 0x0D, 0x18, 0x4F, 0x1F, 0x2C, 0x0B,
    0x0A, 0x15, 0x19, 0x0D, 0x18, 0x5B, 0x24, 0x32, 0x0B, 0x0A, 0x15, 0x0C, 0x0A, 0x15, 0x0F, 0x0B,
    0x16, 0x52, 0x20, 0x2E, 0x0C, 0x0A, 0x15, 0x0C, 0x0A, 0x15, 0x53, 0x20, 0x2E, 0x13, 0x0B, 0x16,
    0x0B, 0x0A, 0x15, 0x5A, 0x23, 0x31, 0x1B, 0x0D, 0x18, 0x0B, 0x0A, 0x15, 0x58, 0x22, 0x30, 0x55,
    0x21, 0x2F, 0x20, 0x0E, 0x1A, 0x0C, 0x0A, 0x15, 0x55, 0x21, 0x2F, 0x28, 0x11, 0x1C, 0x4C, 0x1E,
    0x2B, 0x73, 0x2E, 0x3E, 0x5D, 0x24, 0x33, 0x5A, 0x23, 0x32, 0x5C, 0x24, 0x33, 0x2F, 0x13, 0x1F,
    0x51, 0x1F, 0x2D, 0x72, 0x2D, 0x3E, 0x42, 0x1A, 0x27, 0x0C, 0x0A, 0x15, 0x98, 0x77, 0x79, 0x69,
    0x52, 0x55, 0x65, 0x28, 0x37, 0x62, 0x27, 0x36, 0x6E, 0x2B, 0x3B, 0x68, 0x29, 0x38, 0x6F, 0x2C,
    0x3C, 0x68, 0x29, 0x39, 0x5C, 0x24, 0x33, 0x6E, 0x2B, 0x3C, 0x79, 0x30, 0x41, 0x6C, 0x2B, 0x3A,
    0x64, 0x27, 0x36, 0x79, 0x30, 0x41, 0x70, 0x2C, 0x3C, 0x67, 0x29, 0x38, 0x79, 0x30, 0x41, 0x79,
    0x30, 0x41, 0x9E, 0x69, 0x75, 0xDA, 0xB1, 0xB9, 0xE7, 0xCF, 0xCB, 0xF6, 0xEE, 0xE4, 0xFB, 0xF8,
    0xED, 0xE9, 0xD4, 0xD1, 0xD5, 0xA4, 0xB3, 0xD4, 0xA1, 0xB2, 0xCB, 0x86, 0xA7, 0xD7, 0xA9, 0xB5,
    0xDE, 0xBA, 0xBD, 0xCB, 0x84, 0xA7, 0xD7, 0xA8, 0xB5, 0xE2, 0xC4, 0xC2, 0xE2, 0xC4, 0xC2, 0xE2,
    0xC4, 0xC2, 0xE2, 0xC4, 0xC2, 0xE2, 0xC4, 0xC2, 0xE2, 0xC4, 0xC2, 0xE2, 0xC4, 0xC2, 0xE1, 0xC3,
    0xC1, 0xD7, 0xA9, 0xB5, 0xD7, 0xA9, 0xB5, 0xD5, 0xA2, 0xB2, 0xD7, 0xA8, 0xB5, 0xC9, 0x7E, 0xA4,
    0xD7, 0xA9, 0xB5, 0xD7, 0xA9, 0xB5, 0xC9, 0x7E, 0xA5, 0xC9, 0x7D, 0xA4, 0xD4, 0xA0, 0xB2, 0xD7,
    0xA9, 0xB5, 0xD5, 0xA3, 0xB3, 0xCA, 0x81, 0xA5, 0xD3, 0x9E, 0xB1, 0xE0, 0xC0, 0xC0, 0xCD, 0x89,
    0xA8, 0xD5, 0xA3, 0xB3, 0xE0, 0xC0, 0xC0, 0xD7, 0xA8, 0xB5, 0xD5, 0xA2, 0xB2, 0xDF, 0xBE, 0xBF,
    0xDA, 0xAF, 0xB8, 0xD5, 0xA3, 0xB3, 0xDF, 0xBD, 0xBF, 0xDA, 0xB0, 0xB8, 0xD5, 0xA4, 0xB3, 0xCC,
    0x88, 0xA8, 0xD3, 0x9E, 0xB1, 0xCD, 0x8C, 0xA9, 0xC9, 0x7D, 0xA4, 0xC9, 0x7D, 0xA4, 0xC9, 0x7D,
    0xA4, 0xB6, 0x6D, 0x90, 0xA6, 0x5F, 0x7E, 0xA3, 0x5D, 0x7A, 0x8B, 0x45, 0x5C, 0x9F, 0x73, 0x77,
    0xB8, 0x94, 0x95, 0xC2, 0x8E, 0x9E, 0xB4, 0x70, 0x93, 0x70, 0x44, 0x5C, 0x3A, 0x17, 0x23, 0x68,
    0x29, 0x38, 0x70, 0x2C, 0x3C, 0x4C, 0x1E, 0x2B, 0x48, 0x1C, 0x29, 0x66, 0x28, 0x37, 0x63, 0x38,
    0x4D, 0xAB, 0x64, 0x83, 0x9F, 0x59, 0x76, 0x71, 0x2D, 0x3D, 0x56, 0x22, 0x30, 0x5C, 0x24, 0x33,
    0x5A, 0x23, 0x32, 0x4B, 0x1D, 0x2A, 0x2B, 0x12, 0x1D, 0x53, 0x21, 0x2E, 0x29, 0x11, 0x1C, 0x55,
    0x21, 0x2F, 0x0C, 0x0A, 0x15, 0x0C, 0x0A, 0x15, 0x20, 0x0E, 0x1A, 0x4F, 0x1F, 0x2C, 0x0C, 0x0A,
    0x15, 0x0C, 0x0A, 0x15, 0x1B, 0x0D, 0x18, 0x5C, 0x24, 0x32, 0x52, 0x20, 0x2E, 0x0B, 0x0A, 0x15,
    0x12, 0x0B, 0x16, 0x5B, 0x24, 0x32, 0x0D, 0x0A, 0x15, 0x0C, 0x0A, 0x15, 0x0C, 0x0A, 0x15, 0x0C,
    0x0A, 0x15, 0x0C, 0x0A, 0x15, 0x0B, 0x0A, 0x15, 0x53, 0x20, 0x2E, 0x5B, 0x23, 0x32, 0x1C, 0x0D,
    0x19, 0x51, 0x20, 0x2D, 0x1E, 0x0E, 0x19, 0x0C, 0x0A, 0x15, 0x55, 0x21, 0x2F, 0x56, 0x22, 0x30,
    0x24, 0x10, 0x1B, 0x0C, 0x0A, 0x15, 0x4D, 0x1E, 0x2B, 0x28, 0x11, 0x1C, 0x4C, 0x1E, 0x2B, 0x72,
    0x2D, 0x3E, 0x63, 0x27, 0x36, 0x72, 0x2D, 0x3E, 0x79, 0x30, 0x41, 0x64, 0x27, 0x37, 0x5B, 0x24,
    0x32, 0x71, 0x2D, 0x3D, 0x66, 0x28, 0x37, 0x70, 0x2C, 0x3D, 0x66, 0x28, 0x38, 0x70, 0x2C, 0x3C,
    0x64, 0x27, 0x36, 0x6D, 0x2B, 0x3B, 0x79, 0x30, 0x41, 0x65, 0x28, 0x37, 0x55, 0x21, 0x2F, 0x65,
    0x28, 0x37, 0x60, 0x26, 0x34, 0x4E, 0x1E, 0x2C, 0x79, 0x30, 0x41, 0x6E, 0x2B, 0x3B, 0x63, 0x27,
    0x36, 0x6F, 0x2C, 0x3C, 0x62, 0x27, 0x36, 0xA3, 0x79, 0x7C, 0xE2, 0xC4, 0xC2, 0xEB, 0xD7, 0xD1,
    0xFF, 0xFF, 0xF3, 0xF8, 0xF2, 0xE8, 0xDC, 0xB6, 0xBB, 0xCF, 0x91, 0xAB, 0xE0, 0xBE, 0xBF, 0xD7,
    0xA8, 0xB5, 0xD9, 0xAE, 0xB8, 0xE0, 0xBF, 0xC0, 0xD7, 0xA8, 0xB5, 0xD9, 0xAD, 0xB7, 0xE2, 0xC4,
    0xC2, 0xE2, 0xC4, 0xC2, 0xE2, 0xC4, 0xC2, 0xE2, 0xC4, 0xC2, 0xE2, 0xC4, 0xC2, 0xE2, 0xC4, 0xC2,
    0xE2, 0xC4, 0xC2, 0xE1, 0xC3, 0xC1, 0xD6, 0xA4, 0xB3, 0xE2, 0xC3, 0xC2, 0xD7, 0xA8, 0xB5, 0xD5,
    0xA3, 0xB3, 0xD7, 0xA8, 0xB5, 0xD5, 0xA3, 0xB3, 0xE2, 0xC4, 0xC2, 0xCA, 0x80, 0xA5, 0xD6, 0xA7,
    0xB4, 0xCA, 0x7F, 0xA5, 0xE1, 0xC1, 0xC0, 0xD8, 0xAA, 0xB6, 0xD7, 0xA8, 0xB5, 0xCA, 0x82, 0xA6,
    0xDF, 0xBD, 0xBF, 0xD8, 0xAC, 0xB7, 0xD5, 0xA4, 0xB3, 0xD5, 0xA3, 0xB3, 0xCB, 0x84, 0xA7, 0xD4,
    0xA1, 0xB2, 0xE0, 0xBF, 0xC0, 0xE2, 0xC4, 0xC2, 0xCF, 0x90, 0xAB, 0xDD, 0xB7, 0xBC, 0xE2, 0xC4,
    0xC2, 0xD0, 0x93, 0xAC, 0xD3, 0x9E, 0xB1, 0xDF, 0xBD, 0xBE, 0xDA, 0xB1, 0xB9, 0xCD, 0x8C, 0xA9,
    0xC9, 0x7D, 0xA4, 0xC9, 0x7D, 0xA4, 0xC9, 0x7D, 0xA4, 0xB6, 0x6D, 0x8F, 0x8E, 0x48, 0x60, 0x9A,
    0x54, 0x6F, 0xC2, 0xA6, 0xA9, 0xE5, 0xD9, 0xD1, 0xD1, 0xBD, 0xBC, 0x7D, 0x48, 0x61, 0x5B, 0x24,
    0x32, 0x68, 0x29, 0x38, 0x6E, 0x2B, 0x3B, 0x63, 0x27, 0x36, 0x70, 0x2C, 0x3C, 0x59, 0x23, 0x31,
    0x70, 0x3C, 0x51, 0xA9, 0x68, 0x8A, 0xBF, 0x75, 0x9A, 0x94, 0x52, 0x6D, 0x4A, 0x1D, 0x2A, 0x3F,
    0x19, 0x25, 0x72, 0x2D, 0x3D, 0x4B, 0x1D, 0x2B, 0x2C, 0x12, 0x1E, 0x5A, 0x23, 0x31, 0x4D, 0x1E,
    0x2B, 0x26, 0x10, 0x1B, 0x56, 0x22, 0x30, 0x54, 0x21, 0x2F, 0x0C, 0x0A, 0x15, 0x0C, 0x0A, 0x15,
    0x0C, 0x0A, 0x15, 0x1F, 0x0E, 0x19, 0x5B, 0x24, 0x32, 0x5A, 0x23, 0x32, 0x53, 0x20, 0x2E, 0x0B,
    0x0A, 0x15, 0x14, 0x0B, 0x17, 0x5C, 0x24, 0x32, 0x78, 0x30, 0x41, 0x0E, 0x0A, 0x15, 0x0C, 0x0A,
    0x15, 0x0C, 0x0A, 0x15, 0x59, 0x23, 0x31, 0x14, 0x0B, 0x16, 0x0C, 0x0A, 0x15, 0x0B, 0x0A, 0x15,
    0x53, 0x21, 0x2E, 0x1B, 0x0D, 0x18, 0x0C, 0x0A, 0x15, 0x0C, 0x0A, 0x15, 0x0C, 0x0A, 0x15, 0x50,
    0x1F, 0x2D, 0x59, 0x23, 0x31, 0x27, 0x10, 0x1C, 0x52, 0x20, 0x2E, 0x5A, 0x23, 0x31, 0x5A, 0x23,
    0x31, 0x5A, 0x23, 0x31, 0x73, 0x2D, 0x3E, 0x79, 0x30, 0x41, 0x79, 0x30, 0x41, 0x79, 0x30, 0x41,
    0x79, 0x30, 0x41, 0x62, 0x26, 0x35, 0x70, 0x2C, 0x3C, 0x79, 0x30, 0x41, 0x79, 0x30, 0x41, 0x79,
    0x30, 0x41, 0x79, 0x30, 0x41, 0x67, 0x28, 0x38, 0x57, 0x22, 0x30, 0x56, 0x22, 0x30, 0x58, 0x23,
    0x31, 0x5A, 0x23, 0x31, 0x68, 0x29, 0x38, 0x6E, 0x2B, 0x3B, 0x67, 0x29, 0x38, 0x6E, 0x2B, 0x3B,
    0x57, 0x22, 0x30, 0x66, 0x28, 0x37, 0x70, 0x2C, 0x3C, 0x65, 0x28, 0x37, 0xA3, 0x79, 0x7C, 0xE7,
    0xCF, 0xCB, 0xF6, 0xED, 0xE4, 0xFB, 0xF8, 0xED, 0xED, 0xDB, 0xD5, 0xDF, 0xBE, 0xBF, 0xD9, 0xAE,
    0xB8, 0xE2, 0xC4, 0xC2, 0xE2, 0xC4, 0xC2, 0xE2, 0xC4, 0xC2, 0xE2, 0xC4, 0xC2, 0xE0, 0xBF, 0xC0,
    0xD7, 0xAA, 0xB6, 0xE2, 0xC4, 0xC2, 0xE2, 0xC4, 0xC2, 0xE1, 0xC1, 0xC0, 0xD7, 0xA8, 0xB5, 0xE1,
    0xC1, 0xC1, 0xD6, 0xA7, 0xB4, 0xE2, 0xC4, 0xC2, 0xE1, 0xC1, 0xC1, 0xC9, 0x7E, 0xA4, 0xD5, 0xA4,
    0xB3, 0xD5, 0xA4, 0xB3, 0xD7, 0xA7, 0xB4, 0xD5, 0xA4, 0xB3, 0xC9, 0x7E, 0xA4, 0xD5, 0xA3, 0xB3,
    0xD7, 0xA7, 0xB4, 0xD6, 0xA4, 0xB3, 0xCA, 0x7F, 0xA5, 0xD5, 0xA2, 0xB2, 0xD5, 0xA4, 0xB3, 0xE1,
    0xC1, 0xC1, 0xD8, 0xAA, 0xB6, 0xE1, 0xC1, 0xC0, 0xD7, 0xA9, 0xB5, 0xD6, 0xA7, 0xB4, 0xD7, 0xA7,
    0xB4, 0xD7, 0xA7, 0xB4, 0xE0, 0xBF, 0xC0, 0xD8, 0xAB, 0xB6, 0xDF, 0xBE, 0xBF, 0xD9, 0xAE, 0xB8,
    0xDF, 0xBE, 0xBF, 0xE2, 0xC4, 0xC2, 0xDA, 0xAF, 0xB8, 0xDF, 0xBD, 0xBF, 0xE2, 0xC4, 0xC2, 0xE2,
    0xC4, 0xC2, 0xDA, 0xB1, 0xB9, 0xD7, 0xA7, 0xB4, 0xCE, 0x8D, 0xAA, 0xC9, 0x7D, 0xA4, 0xC9, 0x7D,
    0xA4, 0xB6, 0x6D, 0x8F, 0xBE, 0x73, 0x98, 0xE2, 0xC3, 0xC8, 0xF0, 0xE3, 0xDB, 0xC5, 0xB4, 0xAF,
    0x68, 0x29, 0x38, 0x6D, 0x2B, 0x3B, 0x56, 0x22, 0x30, 0x46, 0x1B, 0x28, 0x35, 0x15, 0x21, 0x56,
    0x22, 0x30, 0x70, 0x3D, 0x52, 0xA8, 0x68, 0x89, 0xC9, 0x7D, 0xA4, 0xB2, 0x6C, 0x8F, 0x4A, 0x1D,
    0x2A, 0x30, 0x13, 0x1F, 0x59, 0x23, 0x31, 0x4C, 0x1E, 0x2B, 0x2C, 0x12, 0x1E, 0x59, 0x23, 0x31,
    0x4E, 0x1E, 0x2C, 0x0C, 0x0A, 0x15, 0x0C, 0x0A, 0x15, 0x25, 0x10, 0x1B, 0x50, 0x1F, 0x2D, 0x24,
    0x0F, 0x1B, 0x54, 0x21, 0x2F, 0x0C, 0x0A, 0x15, 0x1D, 0x0E, 0x19, 0x56, 0x22, 0x30, 0x53, 0x21,
    0x2E, 0x0B, 0x0A, 0x15, 0x16, 0x0C, 0x17, 0x5A, 0x23, 0x31, 0x56, 0x22, 0x30, 0x56, 0x21, 0x2F,
    0x0D, 0x0A, 0x15, 0x0C, 0x0A, 0x15, 0x0C, 0x0A, 0x15, 0x56, 0x22, 0x30, 0x13, 0x0B, 0x16, 0x57,
    0x22, 0x30, 0x18, 0x0C, 0x17, 0x0B, 0x0A, 0x15, 0x55, 0x21, 0x2F, 0x59, 0x23, 0x31, 0x20, 0x0E,
    0x1A, 0x53, 0x20, 0x2E, 0x59, 0x23, 0x31, 0x58, 0x22, 0x30, 0x58, 0x23, 0x31, 0x74, 0x2E, 0x3E,
    0x79, 0x30, 0x41, 0x79, 0x30, 0x41, 0x79, 0x30, 0x41, 0x60, 0x26, 0x34, 0x57, 0x22, 0x30, 0x57,
    0x22, 0x30, 0x71, 0x2D, 0x3D, 0x79, 0x30, 0x41, 0x44, 0x1B, 0x27, 0x67, 0x28, 0x38, 0x79, 0x30,
    0x41, 0x79, 0x30, 0x41, 0x64, 0x27, 0x37, 0x57, 0x22, 0x30, 0x6E, 0x2B, 0x3B, 0x66, 0x28, 0x38,
    0x59, 0x23, 0x31, 0x6D, 0x2B, 0x3B, 0x67, 0x28, 0x38, 0x57, 0x22, 0x30, 0x57, 0x22, 0x30, 0x66,
    0x28, 0x37, 0x6E, 0x2C, 0x3C, 0x66, 0x28, 0x37, 0x79, 0x30, 0x41, 0x79, 0x30, 0x41, 0x70, 0x2C,
    0x3C, 0x95, 0x76, 0x77, 0xEB, 0xD8, 0xD2, 0xFF, 0xFF, 0xF3, 0xF8, 0xF1, 0xE7, 0xDF, 0xBD, 0xBE,
    0xD6, 0xA5, 0xB4, 0xD9, 0xAD, 0xB7, 0xE2, 0xC4, 0xC2, 0xE2, 0xC4, 0xC2, 0xE2, 0xC4, 0xC2, 0xE2,
    0xC4, 0xC2, 0xDE, 0xBA, 0xBD, 0xCD, 0x8B, 0xA9, 0xE2, 0xC4, 0xC2, 0xE2, 0xC4, 0xC2, 0xE1, 0xC1,
    0xC0, 0xD7, 0xA9, 0xB6, 0xE1, 0xC2, 0xC1, 0xD6, 0xA6, 0xB4, 0xD7, 0xA7, 0xB5, 0xE1, 0xC3, 0xC1,
    0xD6, 0xA4, 0xB3, 0xC9, 0x7E, 0xA4, 0xD6, 0xA7, 0xB4, 0xE2, 0xC4, 0xC2, 0xD6, 0xA6, 0xB4, 0xC9,
    0x7E, 0xA4, 0xC9, 0x7D, 0xA4, 0xE1, 0xC3, 0xC1, 0xD7, 0xA7, 0xB5, 0xCA, 0x7F, 0xA5, 0xC9, 0x7D,
    0xA4, 0xD5, 0xA3, 0xB3, 0xD6, 0xA5, 0xB4, 0xE1, 0xC1, 0xC1, 0xE2, 0xC4, 0xC2, 0xD8, 0xAA, 0xB6,
    0xD6, 0xA5, 0xB4, 0xE0, 0xBF, 0xC0, 0xE2, 0xC4, 0xC2, 0xE2, 0xC4, 0xC2, 0xD9, 0xAC, 0xB7, 0xE0,
    0xBE, 0xBF, 0xE2, 0xC4, 0xC2, 0xE2, 0xC4, 0xC2, 0xE2, 0xC4, 0xC2, 0xE2, 0xC4, 0xC2, 0xE2, 0xC4,
    0xC2, 0xE2, 0xC4, 0xC2, 0xE2, 0xC4, 0xC2, 0xE2, 0xC4, 0xC2, 0xE2, 0xC4, 0xC2, 0xD2, 0x99, 0xAF,
    0xB4, 0x6B, 0x8D, 0xA7, 0x60, 0x7E, 0xA7, 0x60, 0x7E, 0xC6, 0x90, 0xA2, 0xDD, 0xB9, 0xBD, 0xC1,
    0xA7, 0xA6, 0x8C, 0x72, 0x73, 0x89, 0x64, 0x68, 0x9C, 0x78, 0x7A, 0x47, 0x1C, 0x29, 0x37, 0x16,
    0x22, 0x59, 0x23, 0x31, 0x49, 0x1C, 0x2A, 0x7A, 0x4A, 0x64, 0xBF, 0x75, 0x99, 0xA1, 0x5E, 0x7C,
    0x7E, 0x4D, 0x67, 0x30, 0x13, 0x1F, 0x58, 0x22, 0x31, 0x4C, 0x1E, 0x2B, 0x2D, 0x12, 0x1E, 0x58,
    0x23, 0x31, 0x4E, 0x1F, 0x2C, 0x2A, 0x11, 0x1D, 0x50, 0x1F, 0x2D, 0x0C, 0x0A, 0x15, 0x0C, 0x0A,
    0x15, 0x0C, 0x0A, 0x15, 0x23, 0x0F, 0x1A, 0x57, 0x22, 0x30, 0x54, 0x21, 0x2F, 0x0B, 0x0A, 0x15,
    0x0C, 0x0A, 0x15, 0x0C, 0x0A, 0x15, 0x18, 0x0C, 0x17, 0x5A, 0x23, 0x32, 0x77, 0x2F, 0x40, 0x0B,
    0x0A, 0x15, 0x0C, 0x0A, 0x15, 0x0C, 0x0A, 0x15, 0x0C, 0x0A, 0x15, 0x0C, 0x0A, 0x15, 0x0C, 0x0A,
    0x15, 0x0B, 0x0A, 0x15, 0x57, 0x22, 0x30, 0x17, 0x0C, 0x17, 0x54, 0x21, 0x2F, 0x58, 0x23, 0x31,
    0x59, 0x23, 0x31, 0x20, 0x0E, 0x1A, 0x53, 0x20, 0x2E, 0x59, 0x23, 0x31, 0x58, 0x22, 0x30, 0x58,
    0x23, 0x31, 0x74, 0x2E, 0x3E, 0x60, 0x26, 0x34, 0x73, 0x2E, 0x3E, 0x79, 0x30, 0x41, 0x60, 0x26,
    0x34, 0x57, 0x22, 0x30, 0x57, 0x22, 0x30, 0x58, 0x22, 0x31, 0x59, 0x23, 0x31, 0x58, 0x22, 0x30,
    0x70, 0x2C, 0x3D, 0x79, 0x30, 0x41, 0x65, 0x28, 0x37, 0x58, 0x22, 0x30, 0x57, 0x22, 0x30, 0x6E,
    0x2B, 0x3B, 0x79, 0x30, 0x41, 0x67, 0x28, 0x38, 0x59, 0x23, 0x31, 0x58, 0x22, 0x30, 0x57, 0x22,
    0x30, 0x45, 0x1B, 0x28, 0x4E, 0x1E, 0x2C, 0x79, 0x30, 0x41, 0x79, 0x30, 0x41, 0x6F, 0x2C, 0x3C,
    0x59, 0x23, 0x31, 0x58, 0x22, 0x31, 0x95, 0x76, 0x77, 0xE7, 0xCE, 0xCA, 0xF5, 0xEC, 0xE3, 0xF8,
    0xF1, 0xE7, 0xDF, 0xBD, 0xBE, 0xD3, 0x9C, 0xB0, 0xCC, 0x88, 0xA8, 0xD9, 0xAD, 0xB7, 0xE0, 0xBE,
    0xBF, 0xD9, 0xAC, 0xB7, 0xE0, 0xBF, 0xC0, 0xD4, 0xA0, 0xB1, 0xCD, 0x8B, 0xA9, 0xE2, 0xC4, 0xC2,
    0xE0, 0xC0, 0xC0, 0xD6, 0xA6, 0xB4, 0xD7, 0xA9, 0xB6, 0xE1, 0xC2, 0xC1, 0xD6, 0xA6, 0xB4, 0xD7,
    0xA7, 0xB5, 0xE2, 0xC4, 0xC2, 0xE1, 0xC2, 0xC1, 0xCA, 0x7F, 0xA5, 0xE2, 0xC4, 0xC2, 0xD6, 0xA6,
    0xB4, 0xE2, 0xC4, 0xC2, 0xD6, 0xA5, 0xB4, 0xD6, 0xA5, 0xB4, 0xD6, 0xA6, 0xB4, 0xE2, 0xC3, 0xC2,
    0xCA, 0x82, 0xA6, 0xD5, 0xA3, 0xB3, 0xD6, 0xA6, 0xB4, 0xCA, 0x81, 0xA5, 0xD5, 0xA2, 0xB2, 0xE1,
    0xC1, 0xC0, 0xE2, 0xC4, 0xC2, 0xD8, 0xAA, 0xB6, 0xE0, 0xBF, 0xC0, 0xE2, 0xC4, 0xC2, 0xE2, 0xC4,
    0xC2, 0xE2, 0xC4, 0xC2, 0xE2, 0xC4, 0xC2, 0xE2, 0xC4, 0xC2, 0xE2, 0xC4, 0xC2, 0xE2, 0xC4, 0xC2,
    0xE2, 0xC4, 0xC2, 0xED, 0xDC, 0xD5, 0xF1, 0xE4, 0xDC, 0xE6, 0xCE, 0xCA, 0xE2, 0xC4, 0xC2, 0xE2,
    0xC4, 0xC2, 0xDA, 0xB0, 0xB9, 0xA1, 0x6C, 0x79, 0x98, 0x52, 0x6D, 0xA7, 0x60, 0x7E, 0xC6, 0x90,
    0xA2, 0xC5, 0x9B, 0xA2, 0x89, 0x65, 0x68, 0x74, 0x40, 0x57, 0x9B, 0x74, 0x82, 0x8F, 0x75, 0x76,
    0x47, 0x1C, 0x29, 0x4C, 0x1E, 0x2B, 0x6F, 0x2C, 0x3C, 0x70, 0x3C, 0x52, 0xA7, 0x67, 0x88, 0xB5,
    0x6C, 0x8E, 0x67, 0x28, 0x38, 0x0C, 0x0A, 0x15, 0x42, 0x1A, 0x27, 0x69, 0x29, 0x39, 0x0C, 0x0A,
    0x15, 0x2D, 0x12, 0x1E, 0x4F, 0x1F, 0x2C, 0x0C, 0x0A, 0x15, 0x2A, 0x11, 0x1D, 0x58, 0x23, 0x31,
    0x50, 0x1F, 0x2D, 0x0C, 0x0A, 0x15, 0x24, 0x10, 0x1B, 0x51, 0x20, 0x2D, 0x21, 0x0F, 0x1A, 0x58,
    0x23, 0x31, 0x53, 0x21, 0x2E, 0x0B, 0x0A, 0x15, 0x1A, 0x0D, 0x18, 0x5A, 0x23, 0x31, 0x78, 0x30,
    0x40, 0x57, 0x22, 0x30, 0x0B, 0x0A, 0x15, 0x10, 0x0B, 0x16, 0x57, 0x22, 0x30, 0x0D, 0x0A, 0x15,
    0x55, 0x21, 0x2F, 0x11, 0x0B, 0x16, 0x0C, 0x0A, 0x15, 0x0B, 0x0A, 0x15, 0x54, 0x21, 0x2F, 0x5A,
    0x23, 0x31, 0x1C, 0x0D, 0x18, 0x52, 0x20, 0x2E, 0x1F, 0x0E, 0x19, 0x0C, 0x0A, 0x15, 0x50, 0x1F,
    0x2D, 0x75, 0x2E, 0x3F, 0x34, 0x15, 0x21, 0x52, 0x20, 0x2E, 0x57, 0x22, 0x30, 0x73, 0x2E, 0x3E,
    0x61, 0x26, 0x35, 0x73, 0x2D, 0x3E, 0x79, 0x30, 0x41, 0x79, 0x30, 0x41, 0x41, 0x19, 0x26, 0x4A,
    0x1D, 0x2A, 0x70, 0x2C, 0x3D, 0x64, 0x27, 0x37, 0x70, 0x2C, 0x3D, 0x63, 0x27, 0x36, 0x6F, 0x2C,
    0x3C, 0x79, 0x30, 0x41, 0x79, 0x30, 0x41, 0x79, 0x30, 0x41, 0x65, 0x28, 0x37, 0x56, 0x22, 0x30,
    0x6C, 0x2B, 0x3B, 0x79, 0x30, 0x41, 0x6D, 0x2B, 0x3B, 0x7C, 0x41, 0x58, 0x97, 0x51, 0x6B, 0x79,
    0x30, 0x41, 0x6E, 0x2C, 0x3C, 0x56, 0x22, 0x30, 0x63, 0x27, 0x36, 0xA3, 0x79, 0x7C, 0xE2, 0xC4,
    0xC2, 0xE7, 0xCE, 0xCA, 0xEE, 0xDD, 0xD6, 0xE2, 0xC4, 0xC2, 0xDF, 0xBD, 0xBF, 0xD3, 0x9C, 0xB0,
    0xCC, 0x88, 0xA8, 0xD4, 0x9F, 0xB1, 0xCE, 0x8E, 0xAA, 0xE0, 0xBF, 0xBF, 0xD5, 0xA4, 0xB3, 0xD7,
    0xAA, 0xB6, 0xE2, 0xC4, 0xC2, 0xDF, 0xBD, 0xBE, 0xCB, 0x82, 0xA6, 0xD7, 0xA8, 0xB5, 0xE1, 0xC1,
    0xC1, 0xD6, 0xA7, 0xB4, 0xE2, 0xC4, 0xC2, 0xE1, 0xC3, 0xC1, 0xD6, 0xA7, 0xB4, 0xD5, 0xA4, 0xB3,
    0xD6, 0xA6, 0xB4, 0xC9, 0x7E, 0xA4, 0xD7, 0xA7, 0xB4, 0xE2, 0xC4, 0xC2, 0xD7, 0xA8, 0xB5, 0xC9,
    0x7E, 0xA4, 0xE1, 0xC2, 0xC1, 0xCA, 0x82, 0xA6, 0xD6, 0xA5, 0xB3, 0xD6, 0xA4, 0xB3, 0xD5, 0xA4,
    0xB3, 0xCA, 0x82, 0xA6, 0xDF, 0xBD, 0xBF, 0xE2, 0xC4, 0xC2, 0xE2, 0xC4, 0xC2, 0xE2, 0xC4, 0xC2,
    0xE2, 0xC4, 0xC2, 0xE2, 0xC4, 0xC2, 0xE2, 0xC4, 0xC2, 0xE2, 0xC4, 0xC2, 0xE2, 0xC4, 0xC2, 0xE2,
    0xC4, 0xC2, 0xE2, 0xC4, 0xC2, 0xED, 0xDB, 0xD5, 0xFB, 0xF8, 0xED, 0xF6, 0xED, 0xE4, 0xF1, 0xE3,
    0xDC, 0xE7, 0xCE, 0xCA, 0xE2, 0xC4, 0xC2, 0xDA, 0xB1, 0xB9, 0xB8, 0x7E, 0x93, 0xBD, 0x73, 0x97,
    0xB6, 0x6D, 0x8F, 0xA9, 0x62, 0x81, 0x8E, 0x48, 0x61, 0x68, 0x29, 0x38, 0x82, 0x45, 0x5D, 0x8F,
    0x4F, 0x6A, 0x44, 0x1B, 0x27, 0x0C, 0x0A, 0x15, 0x4C, 0x1E, 0x2B, 0x82, 0x42, 0x58, 0xA6, 0x67,
    0x88, 0xBF, 0x75, 0x9A, 0x96, 0x54, 0x6F, 0x59, 0x23, 0x31, 0x56, 0x22, 0x30, 0x57, 0x22, 0x30,
    0x59, 0x23, 0x31, 0x4B, 0x1D, 0x2B, 0x0C, 0x0A, 0x15, 0x2A, 0x12, 0x1D, 0x4D, 0x1E, 0x2B, 0x0C,
    0x0A, 0x15, 0x29, 0x11, 0x1D, 0x52, 0x20, 0x2E, 0x0C, 0x0A, 0x15, 0x25, 0x10, 0x1B, 0x54, 0x21,
    0x2F, 0x0C, 0x0A, 0x15, 0x20, 0x0E, 0x1A, 0x56, 0x21, 0x2F, 0x1B, 0x0D, 0x18, 0x59, 0x23, 0x31,
    0x78, 0x2F, 0x40, 0x58, 0x22, 0x30, 0x0B, 0x0A, 0x15, 0x0C, 0x0A, 0x15, 0x13, 0x0B, 0x16, 0x79,
    0x30, 0x41, 0x0D, 0x0A, 0x15, 0x5A, 0x23, 0x32, 0x12, 0x0B, 0x16, 0x0B, 0x0A, 0x15, 0x53, 0x20,
    0x2E, 0x78, 0x2F, 0x40, 0x23, 0x0F, 0x1B, 0x0B, 0x0A, 0x15, 0x57, 0x22, 0x30, 0x56, 0x21, 0x2F,
    0x20, 0x0E, 0x1A, 0x55, 0x21, 0x2F, 0x9C, 0x58, 0x74, 0x48, 0x28, 0x38, 0x4D, 0x1E, 0x2C, 0x73,
    0x2E, 0x3E, 0x79, 0x30, 0x41, 0x3B, 0x17, 0x23, 0x6C, 0x2B, 0x3A, 0x63, 0x27, 0x36, 0x72, 0x2D,
    0x3E, 0x60, 0x26, 0x34, 0x71, 0x2C, 0x3D, 0x79, 0x30, 0x41, 0x61, 0x26, 0x35, 0x6F, 0x2C, 0x3C,
    0x79, 0x30, 0x41, 0x66, 0x28, 0x38, 0x70, 0x2C, 0x3C, 0x67, 0x29, 0x38, 0x5B, 0x24, 0x32, 0x6E,
    0x2C, 0x3C, 0x68, 0x29, 0x39, 0x5B, 0x24, 0x32, 0x68, 0x29, 0x39, 0x6E, 0x2C, 0x3C, 0x81, 0x44,
    0x5B, 0x93, 0x52, 0x6D, 0x5B, 0x24, 0x32, 0x67, 0x28, 0x38, 0x79, 0x30, 0x41, 0x79, 0x30, 0x41,
    0x91, 0x5F, 0x66, 0xBB, 0x97, 0x98, 0xC7, 0xA5, 0xA5, 0xE2, 0xC4, 0xC2, 0xDF, 0xBD, 0xBF, 0xD7,
    0xA8, 0xB5, 0xD6, 0xA7, 0xB4, 0xD5, 0xA3, 0xB3, 0xD5, 0xA3, 0xB3, 0xD5, 0xA4, 0xB3, 0xD7, 0xA8,
    0xB5, 0xD7, 0xA8, 0xB5, 0xD9, 0xAD, 0xB7, 0xE0, 0xC0, 0xC0, 0xD7, 0xA7, 0xB5, 0xD7, 0xA7, 0xB5,
    0xE2, 0xC4, 0xC2, 0xE2, 0xC4, 0xC2, 0xE2, 0xC4, 0xC2, 0xE1, 0xC2, 0xC1, 0xD6, 0xA6, 0xB4, 0xCA,
    0x80, 0xA5, 0xE1, 0xC3, 0xC1, 0xC9, 0x7D, 0xA4, 0xC9, 0x7E, 0xA4, 0xD5, 0xA3, 0xB3, 0xD7, 0xA8,
    0xB5, 0xC9, 0x7E, 0xA4, 0xD5, 0xA2, 0xB2, 0xE2, 0xC3, 0xC2, 0xCA, 0x82, 0xA6, 0xC9, 0x7D, 0xA4,
    0xE0, 0xC0, 0xC0, 0xD8, 0xAB, 0xB6, 0xCA, 0x82, 0xA6, 0xDF, 0xBD, 0xBF, 0xE2, 0xC4, 0xC2, 0xE2,
    0xC4, 0xC2, 0xD9, 0xAD, 0xB7, 0xE0, 0xC0, 0xC0, 0xE2, 0xC4, 0xC2, 0xE2, 0xC4, 0xC2, 0xE2, 0xC4,
    0xC2, 0xED, 0xDC, 0xD6, 0xF0, 0xE2, 0xDB, 0xF0, 0xE2, 0xDB, 0xFB, 0xF8, 0xED, 0xF6, 0xED, 0xE4,
    0xF1, 0xE3, 0xDC, 0xFB, 0xF7, 0xEC, 0xF5, 0xEB, 0xE2, 0xDF, 0xBD, 0xC2, 0xBB, 0x7F, 0x96, 0xBF,
    0x75, 0x99, 0xC9, 0x7D, 0xA4, 0x9D, 0x57, 0x73, 0x79, 0x30, 0x41, 0x79, 0x30, 0x41, 0x65, 0x28,
    0x37, 0x66, 0x28, 0x37, 0x79, 0x30, 0x41, 0x6D, 0x2B, 0x3B, 0x44, 0x1B, 0x27, 0x68, 0x3A, 0x4F,
    0xB2, 0x6A, 0x8C, 0xC9, 0x7D, 0xA4, 0xAF, 0x6A, 0x8C, 0x4C, 0x1E, 0x2B, 0x45, 0x1B, 0x28, 0x71,
    0x2D, 0x3D, 0x4E, 0x1F, 0x2C, 0x41, 0x19, 0x26, 0x6A, 0x2A, 0x3A, 0x0C, 0x0A, 0x15, 0x3C, 0x18,
    0x24, 0x6D, 0x2B, 0x3B, 0x0C, 0x0A, 0x15, 0x27, 0x10, 0x1C, 0x4D, 0x1E, 0x2C, 0x0C, 0x0A, 0x15,
    0x0C, 0x0A, 0x15, 0x0C, 0x0A, 0x15, 0x0C, 0x0A, 0x15, 0x0C, 0x0A, 0x15, 0x0C, 0x0A, 0x15, 0x1D,
    0x0E, 0x19, 0x5B, 0x24, 0x32, 0x58, 0x23, 0x31, 0x0B, 0x0A, 0x15, 0x13, 0x0B, 0x16, 0x54, 0x21,
    0x2F, 0x10, 0x0B, 0x16, 0x5B, 0x23, 0x32, 0x0C, 0x0A, 0x15, 0x0C, 0x0A, 0x15, 0x0C, 0x0A, 0x15,
    0x0B, 0x0A, 0x15, 0x5A, 0x23, 0x32, 0x78, 0x30, 0x40, 0x23, 0x0F, 0x1A, 0x50, 0x1F, 0x2D, 0x1C,
    0x0D, 0x19, 0x57, 0x22, 0x30, 0x55, 0x21, 0x2F, 0x21, 0x0F, 0x1A, 0xBB, 0x74, 0x98, 0x59, 0x36,
    0x4A, 0x6F, 0x2C, 0x3C, 0x79, 0x30, 0x41, 0x79, 0x30, 0x41, 0x5D, 0x24, 0x33, 0x72, 0x2D, 0x3D,
    0x5E, 0x25, 0x33, 0x5A, 0x23, 0x32, 0x72, 0x2D, 0x3E, 0x79, 0x30, 0x41, 0x79, 0x30, 0x41, 0x79,
    0x30, 0x41, 0x79, 0x30, 0x41, 0x67, 0x28, 0x38, 0x57, 0x22, 0x30, 0x6E, 0x2B, 0x3B, 0x4C, 0x1E,
    0x2B, 0x0C, 0x0A, 0x15, 0x61, 0x26, 0x35, 0x65, 0x28, 0x37, 0x54, 0x21, 0x2E, 0x57, 0x22, 0x30,
    0x59, 0x23, 0x31, 0x57, 0x22, 0x30, 0x59, 0x23, 0x31, 0x54, 0x21, 0x2E, 0x63, 0x27, 0x36, 0x79,
    0x30, 0x41, 0x79, 0x30, 0x41, 0x79, 0x30, 0x41, 0x79, 0x30, 0x41, 0xA0, 0x74, 0x78, 0xDF, 0xBD,
    0xBF, 0xD4, 0x9F, 0xB1, 0xCC, 0x87, 0xA8, 0xD5, 0xA4, 0xB3, 0xDA, 0xAF, 0xB8, 0xE2, 0xC4, 0xC2,
    0xDD, 0xB9, 0xBD, 0xCB, 0x85, 0xA7, 0xD5, 0xA2, 0xB2, 0xD7, 0xA8, 0xB5, 0xE0, 0xC0, 0xC0, 0xD7,
    0xA7, 0xB4, 0xE2, 0xC4, 0xC2, 0xE2, 0xC4, 0xC2, 0xE2, 0xC4, 0xC2, 0xE2, 0xC4, 0xC2, 0xE1, 0xC2,
    0xC1, 0xD5, 0xA2, 0xB2, 0xD5, 0xA3, 0xB3, 0xE2, 0xC3, 0xC2, 0xD5, 0xA2, 0xB2, 0xD5, 0xA2, 0xB2,
    0xE2, 0xC3, 0xC2, 0xC9, 0x7E, 0xA4, 0xC9, 0x7D, 0xA4, 0xE1, 0xC2, 0xC1, 0xE2, 0xC4, 0xC2, 0xCA,
    0x82, 0xA6, 0xD4, 0xA0, 0xB1, 0xD7, 0xA8, 0xB5, 0xD5, 0xA3, 0xB3, 0xD5, 0xA2, 0xB2, 0xD7, 0xA8,
    0xB5, 0xD7, 0xA9, 0xB5, 0xD7, 0xA9, 0xB5, 0xD5, 0xA3, 0xB3, 0xE0, 0xBF, 0xBF, 0xED, 0xDC, 0xD6,
    0xF0, 0xE1, 0xDA, 0xF0, 0xE1, 0xDA, 0xFC, 0xF9, 0xEE, 0xFF, 0xFF, 0xF3, 0xF6, 0xED, 0xE4, 0xFC,
    0xF9, 0xEE, 0xF4, 0xEA, 0xE1, 0xF2, 0xE5, 0xDD, 0xF3, 0xE7, 0xDF, 0xEC, 0xD9, 0xD8, 0xDB, 0xB3,
    0xBE, 0x9F, 0x68, 0x77, 0xB3, 0x6A, 0x8C, 0xC9, 0x7D, 0xA4, 0xBB, 0x87, 0x97, 0xB2, 0x8C, 0x8E,
    0x93, 0x62, 0x68, 0x69, 0x29, 0x39, 0x88, 0x61, 0x65, 0x9F, 0x73, 0x77, 0x79, 0x30, 0x41, 0x6D,
    0x2B, 0x3B, 0x8E, 0x52, 0x6D, 0xBF, 0x75, 0x9A, 0xA6, 0x62, 0x82, 0x81, 0x4F, 0x69, 0x0C, 0x0A,
    0x15, 0x45, 0x1B, 0x28, 0x68, 0x29, 0x38, 0x0C, 0x0A, 0x15, 0x31, 0x14, 0x1F, 0x51, 0x1F, 0x2D,
    0x0C, 0x0A, 0x15, 0x2D, 0x13, 0x1E, 0x69, 0x33, 0x46, 0x7F, 0x4E, 0x68, 0x2A, 0x11, 0x1D, 0x54,
    0x21, 0x2F, 0x24, 0x10, 0x1B, 0x4D, 0x1E, 0x2C, 0x0C, 0x0A, 0x15, 0x20, 0x0E, 0x1A, 0x4F, 0x1F,
    0x2C, 0x0C, 0x0A, 0x15, 0x0C, 0x0A, 0x15, 0x0C, 0x0A, 0x15, 0x17, 0x0C, 0x17, 0x52, 0x20, 0x2E,
    0x14, 0x0B, 0x16, 0x5B, 0x24, 0x32, 0x0C, 0x0A, 0x15, 0x0C, 0x0A, 0x15, 0x0C, 0x0A, 0x15, 0x0C,
    0x0A, 0x15, 0x52, 0x20, 0x2D, 0x13, 0x0B, 0x16, 0x0B, 0x0A, 0x15, 0x5B, 0x24, 0x32, 0x1B, 0x0D,
    0x18, 0x5A, 0x23, 0x31, 0x54, 0x21, 0x2E, 0x1D, 0x0E, 0x19, 0x58, 0x22, 0x30, 0x25, 0x10, 0x1B,
    0xBB, 0x74, 0x98, 0x59, 0x36, 0x4A, 0x6F, 0x2C, 0x3C, 0x79, 0x30, 0x41, 0x64, 0x27, 0x36, 0x74,
    0x2E, 0x3E, 0x79, 0x30, 0x41, 0x65, 0x27, 0x37, 0x55, 0x21, 0x2F, 0x70, 0x2C, 0x3D, 0x66, 0x28,
    0x37, 0x5D, 0x24, 0x33, 0x72, 0x2D, 0x3D, 0x67, 0x28, 0x38, 0x56, 0x22, 0x30, 0x5A, 0x23, 0x31,
    0x5D, 0x24, 0x33, 0x56, 0x22, 0x30, 0x34, 0x15, 0x21, 0x61, 0x26, 0x35, 0x79, 0x30, 0x41, 0x6A,
    0x2A, 0x39, 0x49, 0x1D, 0x2A, 0x4F, 0x1F, 0x2C, 0x6C, 0x2B, 0x3A, 0x63, 0x27, 0x36, 0x79, 0x30,
    0x41, 0x70, 0x2C, 0x3D, 0x67, 0x29, 0x38, 0x79, 0x30, 0x41, 0x79, 0x30, 0x41, 0x79, 0x30, 0x41,
    0xA0, 0x74, 0x78, 0xDE, 0xBB, 0xBE, 0xD2, 0x99, 0xAE, 0xCD, 0x8A, 0xA9, 0xD4, 0xA1, 0xB2, 0xCF,
    0x90, 0xAB, 0xE0, 0xBF, 0xC0, 0xD5, 0xA2, 0xB2, 0xCC, 0x87, 0xA7, 0xD8, 0xAA, 0xB6, 0xD8, 0xAA,
    0xB6, 0xD8, 0xAA, 0xB6, 0xD8, 0xAA, 0xB6, 0xD8, 0xAA, 0xB6, 0xD9, 0xAD, 0xB7, 0xE2, 0xC4, 0xC2,
    0xE2, 0xC4, 0xC2, 0xE2, 0xC4, 0xC2, 0xE2, 0xC4, 0xC2, 0xE2, 0xC3, 0xC2, 0xD8, 0xAA, 0xB6, 0xD8,
    0xAA, 0xB6, 0xE2, 0xC4, 0xC2, 0xE2, 0xC4, 0xC2, 0xC9, 0x7E, 0xA4, 0xD4, 0xA0, 0xB2, 0xE2, 0xC3,
    0xC2, 0xD8, 0xAB, 0xB6, 0xD4, 0xA1, 0xB2, 0xD7, 0xA9, 0xB6, 0xD5, 0xA2, 0xB2, 0xD7, 0xA9, 0xB5,
    0xE1, 0xC2, 0xC1, 0xD6, 0xA6, 0xB4, 0xD4, 0xA1, 0xB2, 0xD4, 0xA1, 0xB2, 0xE0, 0xBF, 0xC0, 0xE2,
    0xC4, 0xC2, 0xFA, 0xF6, 0xEB, 0xFF, 0xFF, 0xF3, 0xF6, 0xED, 0xE4, 0xF3, 0xE8, 0xDF, 0xFC, 0xFA,
    0xEF, 0xE9, 0xD4, 0xCF, 0xF8, 0xF2, 0xE8, 0xFF, 0xFF, 0xF3, 0xEB, 0xD7, 0xD1, 0xE2, 0xC4, 0xC2,
    0xD1, 0x97, 0xAE, 0xD3, 0x9D, 0xB0, 0xB6, 0x7D, 0x91, 0xBD, 0x73, 0x97, 0xD0, 0x95, 0xAD, 0xDD,
    0xB8, 0xBC, 0xCD, 0xAC, 0xAB, 0xAE, 0x79, 0x88, 0x7B, 0x40, 0x56, 0x83, 0x68, 0x6A, 0x9D, 0x7C,
    0x7D, 0x6F, 0x2C, 0x3C, 0x7D, 0x40, 0x56, 0xA6, 0x5F, 0x7D, 0x9D, 0x56, 0x72, 0x64, 0x27, 0x36,
    0x31, 0x14, 0x1F, 0x45, 0x1B, 0x28, 0x35, 0x15, 0x21, 0x5A, 0x23, 0x32, 0x52, 0x20, 0x2E, 0x52,
    0x20, 0x2E, 0x48, 0x1C, 0x29, 0x0C, 0x0A, 0x15, 0x29, 0x11, 0x1C, 0x6D, 0x37, 0x4B, 0x9C, 0x5B,
    0x78, 0x0C, 0x0A, 0x15, 0x25, 0x10, 0x1B, 0x54, 0x21, 0x2F, 0x56, 0x22, 0x30, 0x0C, 0x0A, 0x15,
    0x23, 0x0F, 0x1B, 0x58, 0x22, 0x31, 0x1C, 0x0D, 0x18, 0x4F, 0x1F, 0x2C, 0x0B, 0x0A, 0x15, 0x19,
    0x0D, 0x18, 0x5B, 0x24, 0x32, 0x0B, 0x0A, 0x15, 0x0C, 0x0A, 0x15, 0x0F, 0x0B, 0x16, 0x52, 0x20,
    0x2E, 0x0C, 0x0A, 0x15, 0x0C, 0x0A, 0x15, 0x5D, 0x25, 0x33, 0x52, 0x20, 0x2E, 0x14, 0x0C, 0x17,
    0x0B, 0x0A, 0x15, 0x4F, 0x1F, 0x2C, 0x19, 0x0D, 0x18, 0x5A, 0x23, 0x31, 0x22, 0x0F, 0x1A, 0x0C,
    0x0A, 0x15, 0x0C, 0x0A, 0x15, 0xA1, 0x5E, 0x7C, 0x4C, 0x2B, 0x3C, 0x6F, 0x2C, 0x3C, 0x79, 0x30,
    0x41, 0x5B, 0x24, 0x32, 0x72, 0x2D, 0x3D, 0x79, 0x30, 0x41, 0x3E, 0x18, 0x25, 0x6A, 0x2A, 0x3A,
    0x79, 0x30, 0x41, 0x42, 0x1A, 0x27, 0x45, 0x1B, 0x28, 0x6F, 0x2C, 0x3C, 0x60, 0x26, 0x34, 0x6E,
    0x2B, 0x3B, 0x61, 0x26, 0x35, 0x51, 0x20, 0x2D, 0x5A, 0x23, 0x31, 0x56, 0x22, 0x30, 0x6C, 0x2A,
    0x3A, 0x6A, 0x2A, 0x39, 0x57, 0x22, 0x30, 0x51, 0x20, 0x2D, 0x63, 0x27, 0x36, 0x70, 0x2C, 0x3C,
    0x69, 0x29, 0x39, 0x70, 0x2C, 0x3D, 0x5A, 0x23, 0x31, 0x61, 0x26, 0x35, 0x79, 0x30, 0x41, 0x8D,
    0x58, 0x5F, 0xAF, 0x89, 0x8B, 0xBF, 0x9C, 0x9D, 0xDF, 0xBE, 0xBF, 0xD7, 0xA8, 0xB5, 0xD1, 0x98,
    0xAE, 0xCC, 0x86, 0xA7, 0xD5, 0xA2, 0xB2, 0xD5, 0xA3, 0xB3, 0xC9, 0x7D, 0xA4, 0xC9, 0x7D, 0xA4,
    0xC9, 0x7D, 0xA4, 0xCB, 0x83, 0xA6, 0xD2, 0x9B, 0xB0, 0xCA, 0x82, 0xA6, 0xD3, 0x9C, 0xB0, 0xCB,
    0x83, 0xA6, 0xD8, 0xAB, 0xB6, 0xD8, 0xAB, 0xB6, 0xD8, 0xAB, 0xB6, 0xD8, 0xAC, 0xB7, 0xE2, 0xC3,
    0xC1, 0xD4, 0x9F, 0xB1, 0xC9, 0x7E, 0xA4, 0xD8, 0xAB, 0xB6, 0xE2, 0xC4, 0xC2, 0xD4, 0xA0, 0xB2,
    0xE2, 0xC3, 0xC2, 0xE2, 0xC4, 0xC2, 0xCA, 0x80, 0xA5, 0xE1, 0xC1, 0xC1, 0xCB, 0x83, 0xA6, 0xD7,
    0xA8, 0xB5, 0xD4, 0xA1, 0xB2, 0xE1, 0xC1, 0xC0, 0xE2, 0xC4, 0xC2, 0xE2, 0xC4, 0xC2, 0xE2, 0xC4,
    0xC2, 0xE2, 0xC4, 0xC2, 0xED, 0xDB, 0xD5, 0xFC, 0xFA, 0xEE, 0xFF, 0xFF, 0xF3, 0xF2, 0xE6, 0xDE,
    0xEF, 0xDF, 0xD8, 0xFB, 0xF8, 0xED, 0xF3, 0xE7, 0xDF, 0xF2, 0xE6, 0xDE, 0xF3, 0xE9, 0xE0, 0xF0,
    0xE2, 0xDB, 0xE6, 0xCD, 0xC9, 0xD1, 0x97, 0xAE, 0xC9, 0x7D, 0xA4, 0xB7, 0x6E, 0x91, 0xAD, 0x65,
    0x86, 0xCA, 0x97, 0xA7, 0xC9, 0xA2, 0xA7, 0x99, 0x6B, 0x70, 0x9B, 0x55, 0x71, 0x86, 0x48, 0x60,
    0x59, 0x23, 0x31, 0x63, 0x27, 0x36, 0x7F, 0x41, 0x57, 0x98, 0x5B, 0x78, 0x9D, 0x56, 0x73, 0x70,
    0x2C, 0x3D, 0x5A, 0x23, 0x32, 0x60, 0x26, 0x35, 0x66, 0x28, 0x37, 0x0C, 0x0A, 0x15, 0x34, 0x15,
    0x21, 0x66, 0x28, 0x38, 0x79, 0x30, 0x41, 0x6A, 0x2A, 0x3A, 0x29, 0x11, 0x1D, 0x5C, 0x24, 0x32,
    0x79, 0x30, 0x41, 0x72, 0x2D, 0x3E, 0x51, 0x20, 0x2D, 0x5A, 0x23, 0x31, 0x6F, 0x2C, 0x3C, 0x0C,
    0x0A, 0x15, 0x20, 0x0F, 0x1A, 0x4C, 0x1E, 0x2B, 0x0C, 0x0A, 0x15, 0x20, 0x0E, 0x1A, 0x5B, 0x23,
    0x32, 0x0B, 0x0A, 0x15, 0x0C, 0x0A, 0x15, 0x0C, 0x0A, 0x15, 0x0C, 0x0A, 0x15, 0x0C, 0x0A, 0x15,
    0x13, 0x0B, 0x16, 0x79, 0x30, 0x41, 0x0C, 0x0A, 0x15, 0x0C, 0x0A, 0x15, 0x0B, 0x0A, 0x15, 0x5E,
    0x25, 0x33, 0x16, 0x0C, 0x17, 0x4E, 0x1E, 0x2C, 0x5E, 0x25, 0x34, 0x1E, 0x0E, 0x19, 0x4C, 0x1E,
    0x2B, 0x1D, 0x0E, 0x19, 0x0C, 0x0A, 0x15, 0x4B, 0x1D, 0x2A, 0x97, 0x54, 0x6F, 0x46, 0x26, 0x36,
    0x6F, 0x2C, 0x3C, 0x79, 0x30, 0x41, 0x65, 0x28, 0x37, 0x5F, 0x25, 0x34, 0x74, 0x2E, 0x3E, 0x5C,
    0x24, 0x32, 0x71, 0x2C, 0x3D, 0x79, 0x30, 0x41, 0x5D, 0x25, 0x33, 0x5B, 0x24, 0x32, 0x72, 0x2D,
    0x3D, 0x79, 0x30, 0x41, 0x79, 0x30, 0x41, 0x79, 0x30, 0x41, 0x79, 0x30, 0x41, 0x4C, 0x1E, 0x2B,
    0x61, 0x26, 0x35, 0x6A, 0x2A, 0x39, 0x56, 0x22, 0x30, 0x6A, 0x2A, 0x3A, 0x8A, 0x44, 0x5B, 0x92,
    0x4C, 0x65, 0x6C, 0x2A, 0x3A, 0x62, 0x26, 0x35, 0x6C, 0x2B, 0x3B, 0x61, 0x26, 0x35, 0x79, 0x30,
    0x41, 0x79, 0x30, 0x41, 0xA3, 0x79, 0x7C, 0xE2, 0xC4, 0xC2, 0xDF, 0xBE, 0xBF, 0xD7, 0xA8, 0xB5,
    0xD5, 0xA2, 0xB2, 0xD5, 0xA2, 0xB2, 0xCF, 0x91, 0xAB, 0xDF, 0xBD, 0xBE, 0xD2, 0x99, 0xAE, 0xCB,
    0x84, 0xA7, 0xD4, 0x9F, 0xB1, 0xD4, 0x9F, 0xB1, 0xD6, 0xA6, 0xB4, 0xE0, 0xBF, 0xC0, 0xD6, 0xA4,
    0xB3, 0xDF, 0xBD, 0xBF, 0xC9, 0x7D, 0xA4, 0xCA, 0x81, 0xA5, 0xD3, 0x9D, 0xB0, 0xC9, 0x7D, 0xA4,
    0xCA, 0x80, 0xA5, 0xD8, 0xAC, 0xB7, 0xD8, 0xAB, 0xB6, 0xC9, 0x7E, 0xA4, 0xD4, 0x9F, 0xB1, 0xE2,
    0xC4, 0xC2, 0xE2, 0xC4, 0xC2, 0xE2, 0xC4, 0xC2, 0xE2, 0xC4, 0xC2, 0xD4, 0xA0, 0xB2, 0xE1, 0xC2,
    0xC1, 0xD5, 0xA2, 0xB2, 0xD4, 0x9F, 0xB1, 0xE1, 0xC1, 0xC1, 0xE2, 0xC4, 0xC2, 0xE2, 0xC4, 0xC2,
    0xE2, 0xC4, 0xC2, 0xE2, 0xC4, 0xC2, 0xE2, 0xC4, 0xC2, 0xF1, 0xE3, 0xDC, 0xFD, 0xFB, 0xF0, 0xFF,
    0xFF, 0xF3, 0xF6, 0xEE, 0xE5, 0xFD, 0xFB, 0xEF, 0xFF, 0xFF, 0xF3, 0xFF, 0xFF, 0xF3, 0xF3, 0xE7,
    0xDF, 0xE5, 0xCC, 0xC8, 0xEF, 0xE0, 0xD9, 0xE1, 0xC0, 0xC4, 0xCE, 0x8D, 0xAA, 0xB7, 0x6E, 0x91,
    0xA5, 0x5E, 0x7C, 0xA0, 0x5A, 0x76, 0xBC, 0x72, 0x96, 0xB1, 0x68, 0x8A, 0x8A, 0x44, 0x5A, 0x79,
    0x30, 0x41, 0x50, 0x1F, 0x2D, 0x50, 0x1F, 0x2D, 0x79, 0x30, 0x41, 0x9E, 0x58, 0x75, 0xBB, 0x71,
    0x95, 0x8D, 0x4B, 0x64, 0x5A, 0x23, 0x32, 0x73, 0x3B, 0x4F, 0x95, 0x4F, 0x69, 0x66, 0x28, 0x37,
    0x0C, 0x0A, 0x15, 0x0C, 0x0A, 0x15, 0x34, 0x15, 0x21, 0x67, 0x28, 0x38, 0x6A, 0x2A, 0x3A, 0x52,
    0x2D, 0x3E, 0x98, 0x52, 0x6D, 0x79, 0x30, 0x41, 0x79, 0x30, 0x41, 0x75, 0x2E, 0x3F, 0x5F, 0x25,
    0x34, 0x57, 0x22, 0x30, 0x0C, 0x0A, 0x15, 0x30, 0x13, 0x1F, 0x72, 0x2D, 0x3D, 0x0B, 0x0A, 0x15,
    0x1B, 0x0D, 0x18, 0x4D, 0x1E, 0x2B, 0x0B, 0x0A, 0x15, 0x16, 0x0C, 0x17, 0x4E, 0x1F, 0x2C, 0x0B,
    0x0A, 0x15, 0x0C, 0x0A, 0x15, 0x10, 0x0B, 0x16, 0x5F, 0x25, 0x34, 0x0C, 0x0A, 0x15, 0x0C, 0x0A,
    0x15, 0x0C, 0x0A, 0x15, 0x0B, 0x0A, 0x15, 0x4D, 0x1E, 0x2B, 0x5F, 0x25, 0x34, 0x1C, 0x0D, 0x18,
    0x4B, 0x1D, 0x2B, 0x76, 0x2F, 0x3F, 0x2B, 0x12, 0x1D, 0x0C, 0x0A, 0x15, 0x5A, 0x23, 0x31, 0x99,
    0x5D, 0x7B, 0x46, 0x2A, 0x3B, 0x6F, 0x2C, 0x3C, 0x79, 0x30, 0x41, 0x59, 0x23, 0x31, 0x4F, 0x1F,
    0x2C, 0x71, 0x2D, 0x3D, 0x79, 0x30, 0x41, 0x79, 0x30, 0x41, 0x67, 0x29, 0x38, 0x73, 0x2D, 0x3E,
    0x44, 0x1B, 0x27, 0x67, 0x28, 0x38, 0x69, 0x29, 0x39, 0x60, 0x26, 0x34, 0x71, 0x2D, 0x3D, 0x6A,
    0x2A, 0x39, 0x3C, 0x18, 0x24, 0x61, 0x26, 0x35, 0x62, 0x26, 0x35, 0x6B, 0x2A, 0x3A, 0x6B, 0x2A,
    0x3A, 0x87, 0x49, 0x61, 0x9D, 0x56, 0x72, 0x70, 0x2C, 0x3D, 0x6A, 0x2A, 0x39, 0x79, 0x30, 0x41,
    0x71, 0x2D, 0x3D, 0x69, 0x29, 0x39, 0x72, 0x2D, 0x3D, 0x98, 0x76, 0x79, 0xE2, 0xC4, 0xC2, 0xDE,
    0xBA, 0xBD, 0xD7, 0xA9, 0xB5, 0xDC, 0xB5, 0xBB, 0xCC, 0x86, 0xA7, 0xD5, 0xA1, 0xB2, 0xD9, 0xAC,
    0xB7, 0xD8, 0xAA, 0xB6, 0xD4, 0xA1, 0xB2, 0xD9, 0xAC, 0xB7, 0xDA, 0xB1, 0xB9, 0xE2, 0xC4, 0xC2,
    0xE2, 0xC4, 0xC2, 0xE1, 0xC1, 0xC1, 0xD7, 0xA8, 0xB5, 0xCA, 0x81, 0xA5, 0xD5, 0xA2, 0xB2, 0xE0,
    0xC0, 0xC0, 0xCA, 0x7F, 0xA5, 0xD3, 0x9D, 0xB0, 0xC9, 0x7D, 0xA4, 0xC9, 0x7E, 0xA4, 0xD3, 0x9E,
    0xB1, 0xD9, 0xAD, 0xB7, 0xE2, 0xC4, 0xC2, 0xE2, 0xC4, 0xC2, 0xE2, 0xC4, 0xC2, 0xE2, 0xC4, 0xC2,
    0xE2, 0xC4, 0xC2, 0xE2, 0xC4, 0xC2, 0xE2, 0xC4, 0xC2, 0xE2, 0xC4, 0xC2, 0xE2, 0xC4, 0xC2, 0xE2,
    0xC4, 0xC2, 0xE2, 0xC4, 0xC2, 0xE2, 0xC4, 0xC2, 0xE2, 0xC4, 0xC2, 0xE2, 0xC4, 0xC2, 0xEC, 0xDA,
    0xD4, 0xFC, 0xF9, 0xEE, 0xF6, 0xEE, 0xE5, 0xEF, 0xE0, 0xD9, 0xF3, 0xE7, 0xDF, 0xFD, 0xFA, 0xEF,
    0xF7, 0xEF, 0xE6, 0xF4, 0xEA, 0xE1, 0xE7, 0xCF, 0xCB, 0xE2, 0xC4, 0xC2, 0xD8, 0xAA, 0xB6, 0xCC,
    0x88, 0xA8, 0xAE, 0x66, 0x86, 0xC4, 0x8C, 0xA0, 0xCD, 0x8A, 0xA9, 0xC9, 0x7D, 0xA4, 0xB9, 0x70,
    0x93, 0x91, 0x4B, 0x64, 0x79, 0x30, 0x41, 0x63, 0x27, 0x36, 0x78, 0x3E, 0x54, 0x91, 0x4B, 0x64,
    0x91, 0x4B, 0x64, 0xAA, 0x66, 0x86, 0x83, 0x50, 0x6B, 0x4B, 0x1D, 0x2A, 0x9A, 0x54, 0x70, 0xB4,
    0x6B, 0x8D, 0x6E, 0x2B, 0x3B, 0x4F, 0x1F, 0x2C, 0x4F, 0x1F, 0x2C, 0x44, 0x1B, 0x27, 0x41, 0x19,
    0x26, 0x70, 0x2C, 0x3D, 0x6F, 0x3A, 0x4E, 0xA5, 0x5E, 0x7C, 0x79, 0x30, 0x41, 0x79, 0x30, 0x41,
    0x72, 0x2D, 0x3E, 0x4F, 0x1F, 0x2C, 0x48, 0x1C, 0x29, 0x0C, 0x0A, 0x15, 0x26, 0x10, 0x1C, 0x5A,
    0x23, 0x32, 0x0C, 0x0A, 0x15, 0x20, 0x0F, 0x1A, 0x5C, 0x24, 0x33, 0x0B, 0x0A, 0x15, 0x20, 0x0E,
    0x1A, 0x77, 0x2F, 0x40, 0x0A, 0x0A, 0x15, 0x0C, 0x0A, 0x15, 0x0C, 0x0A, 0x15, 0x0C, 0x0A, 0x15,
    0x0C, 0x0A, 0x15, 0x0C, 0x0A, 0x15, 0x0C, 0x0A, 0x15, 0x0B, 0x0A, 0x15, 0x5F, 0x25, 0x34, 0x1A,
    0x0D, 0x18, 0x0B, 0x0A, 0x15, 0x5D, 0x24, 0x33, 0x61, 0x26, 0x35, 0x23, 0x0F, 0x1A, 0x0C, 0x0A,
    0x15, 0x48, 0x1C, 0x29, 0x20, 0x0E, 0x1A, 0x0C, 0x0A, 0x15, 0x6F, 0x2C, 0x3C, 0x79, 0x30, 0x41,
    0x79, 0x30, 0x41, 0x79, 0x30, 0x41, 0x79, 0x30, 0x41, 0x79, 0x30, 0x41, 0x79, 0x30, 0x41, 0x5B,
    0x24, 0x32, 0x6F, 0x2C, 0x3C, 0x44, 0x1B, 0x27, 0x67, 0x28, 0x38, 0x5E, 0x25, 0x33, 0x4E, 0x1E,
    0x2C, 0x5B, 0x24, 0x32, 0x55, 0x21, 0x2F, 0x4E, 0x1E, 0x2C, 0x6B, 0x2A, 0x3A, 0x79, 0x30, 0x41,
    0x79, 0x30, 0x41, 0x62, 0x27, 0x36, 0x62, 0x26, 0x35, 0x79, 0x30, 0x41, 0x61, 0x26, 0x35, 0x3D,
    0x18, 0x24, 0x6A, 0x2A, 0x3A, 0x6C, 0x2B, 0x3B, 0x55, 0x21, 0x2F, 0x5B, 0x24, 0x32, 0x92, 0x75,
    0x76, 0xD9, 0xBA, 0xB9, 0xCC, 0xAB, 0xAB, 0xE2, 0xC4, 0xC2, 0xDC, 0xB5, 0xBB, 0xCF, 0x92, 0xAC,
    0xDF, 0xBC, 0xBE, 0xD1, 0x97, 0xAE, 0xCE, 0x8F, 0xAB, 0xDF, 0xBD, 0xBF, 0xD3, 0x9D, 0xB0, 0xD6,
    0xA5, 0xB3, 0xE2, 0xC4, 0xC2, 0xE2, 0xC4, 0xC2, 0xDF, 0xBD, 0xBE, 0xCA, 0x81, 0xA5, 0xD4, 0x9F,
    0xB1, 0xDA, 0xB0, 0xB8, 0xE0, 0xC0, 0xC0, 0xCB, 0x83, 0xA6, 0xE1, 0xC3, 0xC1, 0xD3, 0x9D, 0xB0,
    0xD3, 0x9E, 0xB1, 0xE2, 0xC3, 0xC2, 0xD3, 0x9E, 0xB1, 0xE2, 0xC4, 0xC2, 0xE2, 0xC4, 0xC2, 0xE2,
    0xC4, 0xC2, 0xE2, 0xC4, 0xC2, 0xE2, 0xC4, 0xC2, 0xE2, 0xC4, 0xC2, 0xE2, 0xC4, 0xC2, 0xE2, 0xC4,
    0xC2, 0xE2, 0xC4, 0xC2, 0xE2, 0xC4, 0xC2, 0xE2, 0xC4, 0xC2, 0xDA, 0xB0, 0xB9, 0xE1, 0xC1, 0xC0,
    0xEC, 0xD9, 0xD3, 0xF3, 0xE8, 0xE0, 0xFD, 0xFB, 0xF0, 0xF1, 0xE4, 0xDC, 0xF3, 0xE8, 0xE0, 0xEF,
    0xE0, 0xD9, 0xF3, 0xE8, 0xDF, 0xE7, 0xCE, 0xCA, 0xE2, 0xC4, 0xC2, 0xE2, 0xC4, 0xC2, 0xE2, 0xC4,
    0xC2, 0xE2, 0xC4, 0xC2, 0xD1, 0x97, 0xAE, 0xD0, 0x94, 0xAC, 0xC8, 0x9F, 0xA6, 0xB7, 0x7F, 0x92,
    0xC7, 0x8D, 0xA4, 0xA2, 0x6A, 0x7A, 0x79, 0x30, 0x41, 0x79, 0x30, 0x41, 0x79, 0x30, 0x41, 0x93,
    0x4D, 0x66, 0x9D, 0x57, 0x73, 0x70, 0x2C, 0x3D, 0x4E, 0x1E, 0x2C, 0x30, 0x13, 0x1F, 0x60, 0x26,
    0x34, 0x89, 0x47, 0x5F, 0x91, 0x56, 0x72, 0x61, 0x26, 0x35, 0x69, 0x29, 0x39, 0x73, 0x2D, 0x3E,
    0x5C, 0x24, 0x33, 0x5B, 0x24, 0x32, 0x79, 0x30, 0x41, 0x79, 0x30, 0x41, 0x79, 0x30, 0x41, 0x74,
    0x2E, 0x3F, 0x66, 0x28, 0x38, 0x79, 0x30, 0x41, 0x79, 0x30, 0x41, 0x6F, 0x2C, 0x3C, 0x0C, 0x0A,
    0x15, 0x0C, 0x0A, 0x15, 0x1E, 0x0E, 0x19, 0x49, 0x1D, 0x2A, 0x0C, 0x0A, 0x15, 0x0C, 0x0A, 0x15,
    0x0C, 0x0A, 0x15, 0x1A, 0x0D, 0x18, 0x5F, 0x25, 0x34, 0x0B, 0x0A, 0x15, 0x10, 0x0B, 0x16, 0x4D,
    0x1E, 0x2B, 0x0D, 0x0A, 0x15, 0x0C, 0x0A, 0x15, 0x0C, 0x0A, 0x15, 0x4C, 0x1D, 0x2B, 0x12, 0x0B,
    0x16, 0x0B, 0x0A, 0x15, 0x4A, 0x1D, 0x2A, 0x17, 0x0C, 0x17, 0x0C, 0x0A, 0x15, 0x0C, 0x0A, 0x15,
    0x0C, 0x0A, 0x15, 0x48, 0x1C, 0x29, 0x5F, 0x25, 0x34, 0x50, 0x1F, 0x2D, 0x21, 0x0F, 0x1A, 0x6F,
    0x2C, 0x3C, 0x67, 0x28, 0x38, 0x75, 0x2E, 0x3F, 0x79, 0x30, 0x41, 0x79, 0x30, 0x41, 0x68, 0x29,
    0x38, 0x74, 0x2E, 0x3E, 0x79, 0x30, 0x41, 0x69, 0x29, 0x39, 0x53, 0x20, 0x2E, 0x6E, 0x2B, 0x3B,
    0x79, 0x30, 0x41, 0x79, 0x30, 0x41, 0x49, 0x1D, 0x2A, 0x63, 0x27, 0x36, 0x79, 0x30, 0x41, 0x79,
    0x30, 0x41, 0x79, 0x30, 0x41, 0x6C, 0x2B, 0x3A, 0x70, 0x2C, 0x3D, 0x70, 0x2C, 0x3D, 0x6C, 0x2A,
    0x3A, 0x6B, 0x2A, 0x3A, 0x4C, 0x1E, 0x2B, 0x5F, 0x25, 0x34, 0x79, 0x30, 0x41, 0x6D, 0x2B, 0x3B,
    0x5D, 0x25, 0x33, 0xA3, 0x79, 0x7C, 0xD1, 0xAD, 0xAF, 0xB4, 0x82, 0x8F, 0xE2, 0xC4, 0xC2, 0xDC,
    0xB5, 0xBB, 0xCF, 0x92, 0xAC, 0xE2, 0xC4, 0xC2, 0xDD, 0xB8, 0xBC, 0xCC, 0x89, 0xA8, 0xD9, 0xAE,
    0xB8, 0xDB, 0xB2, 0xBA, 0xE1, 0xC0, 0xC0, 0xDB, 0xB2, 0xB9, 0xE2, 0xC4, 0xC2, 0xDF, 0xBD, 0xBE,
    0xCC, 0x88, 0xA8, 0xE1, 0xC0, 0xC0, 0xD4, 0xA0, 0xB2, 0xE1, 0xC1, 0xC1, 0xD4, 0x9F, 0xB1, 0xE2,
    0xC4, 0xC2, 0xE2, 0xC4, 0xC2, 0xE2, 0xC4, 0xC2, 0xE2, 0xC4, 0xC2, 0xE2, 0xC4, 0xC2, 0xE2, 0xC4,
    0xC2, 0xE2, 0xC4, 0xC2, 0xE2, 0xC4, 0xC2, 0xE2, 0xC4, 0xC2, 0xE2, 0xC4, 0xC2, 0xE2, 0xC4, 0xC2,
    0xE2, 0xC4, 0xC2, 0xE2, 0xC4, 0xC2, 0xE2, 0xC4, 0xC2, 0xE2, 0xC4, 0xC2, 0xE2, 0xC4, 0xC2, 0xD5,
    0xA2, 0xB2, 0xE0, 0xBF, 0xBF, 0xFB, 0xF7, 0xEC, 0xF0, 0xE3, 0xDB, 0xFC, 0xF9, 0xEE, 0xFF, 0xFF,
    0xF3, 0xE8, 0xD2, 0xCD, 0xF1, 0xE4, 0xDC, 0xE6, 0xCE, 0xCA, 0xEB, 0xD7, 0xD1, 0xE5, 0xCB, 0xC7,
    0xE2, 0xC4, 0xC2, 0xE2, 0xC4, 0xC2, 0xDC, 0xB5, 0xBB, 0xCE, 0x8E, 0xAA, 0xDA, 0xB1, 0xB9, 0xB8,
    0x88, 0x93, 0x87, 0x40, 0x56, 0xBE, 0x91, 0x9A, 0xB6, 0x80, 0x91, 0x9D, 0x57, 0x73, 0x9D, 0x57,
    0x73, 0x9D, 0x57, 0x73, 0x8F, 0x4A, 0x62, 0x79, 0x30, 0x41, 0x61, 0x26, 0x35, 0x0C, 0x0A, 0x15,
    0x4C, 0x1E, 0x2B, 0x79, 0x30, 0x41, 0x64, 0x27, 0x36, 0x0C, 0x0A, 0x15, 0x0C, 0x0A, 0x15, 0x38,
    0x16, 0x22, 0x54, 0x21, 0x2F, 0x42, 0x1A, 0x27, 0x79, 0x30, 0x41, 0x79, 0x30, 0x41, 0x74, 0x2E,
    0x3E, 0x68, 0x29, 0x38, 0x6D, 0x2B, 0x3B, 0x39, 0x17, 0x23, 0x79, 0x30, 0x41, 0x75, 0x2E, 0x3F,
    0x5A, 0x23, 0x32, 0x20, 0x0E, 0x1A, 0x47, 0x1C, 0x29, 0x25, 0x10, 0x1B, 0x60, 0x26, 0x34, 0x49,
    0x1C, 0x29, 0x0B, 0x0A, 0x15, 0x17, 0x0C, 0x17, 0x4A, 0x1D, 0x2A, 0x0B, 0x0A, 0x15, 0x0C, 0x0A,
    0x15, 0x13, 0x0B, 0x16, 0x61, 0x26, 0x35, 0x0D, 0x0A, 0x15, 0x0C, 0x0A, 0x15, 0x0C, 0x0A, 0x15,
    0x62, 0x26, 0x35, 0x15, 0x0C, 0x17, 0x0A, 0x0A, 0x15, 0x61, 0x26, 0x35, 0x1C, 0x0D, 0x19, 0x48,
    0x1C, 0x29, 0x4B, 0x1D, 0x2A, 0x1B, 0x0D, 0x18, 0x5D, 0x24, 0x33, 0x27, 0x11, 0x1C, 0x5C, 0x24,
    0x32, 0x4F, 0x1F, 0x2D, 0x72, 0x2D, 0x3E, 0x56, 0x22, 0x30, 0x72, 0x2D, 0x3D, 0x79, 0x30, 0x41,
    0x79, 0x30, 0x41, 0x58, 0x23, 0x31, 0x70, 0x2C, 0x3C, 0x79, 0x30, 0x41, 0x5A, 0x23, 0x32, 0x6E,
    0x2B, 0x3C, 0x79, 0x30, 0x41, 0x79, 0x30, 0x41, 0x6B, 0x2A, 0x3A, 0x54, 0x21, 0x2F, 0x6C, 0x2A,
    0x3A, 0x79, 0x30, 0x41, 0x79, 0x30, 0x41, 0x6C, 0x2B, 0x3B, 0x56, 0x21, 0x2F, 0x69, 0x29, 0x39,
    0x69, 0x29, 0x39, 0x55, 0x21, 0x2F, 0x6C, 0x2B, 0x3A, 0x79, 0x30, 0x41, 0x79, 0x30, 0x41, 0x79,
    0x30, 0x41, 0x79, 0x30, 0x41, 0x79, 0x30, 0x41, 0xA3, 0x79, 0x7C, 0xDB, 0xB3, 0xBA, 0xCE, 0x8D,
    0xAA, 0xDA, 0xAF, 0xB8, 0xD8, 0xAA, 0xB6, 0xD4, 0xA0, 0xB2, 0xDC, 0xB4, 0xBA, 0xDF, 0xBC, 0xBE,
    0xD0, 0x96, 0xAD, 0xC9, 0x7D, 0xA4, 0xCC, 0x88, 0xA8, 0xD7, 0xA8, 0xB5, 0xCD, 0x8B, 0xA9, 0xE2,
    0xC4, 0xC2, 0xE0, 0xBF, 0xC0, 0xD4, 0xA1, 0xB2, 0xE2, 0xC4, 0xC2, 0xE2, 0xC4, 0xC2, 0xE2, 0xC4,
    0xC2, 0xE2, 0xC4, 0xC2, 0xE2, 0xC4, 0xC2, 0xE2, 0xC4, 0xC2, 0xE2, 0xC4, 0xC2, 0xE2, 0xC4, 0xC2,
    0xE2, 0xC4, 0xC2, 0xE2, 0xC4, 0xC2, 0xE2, 0xC4, 0xC2, 0xE2, 0xC4, 0xC2, 0xE2, 0xC4, 0xC2, 0xE2,
    0xC4, 0xC2, 0xE2, 0xC4, 0xC2, 0xE2, 0xC4, 0xC2, 0xE2, 0xC4, 0xC2, 0xE2, 0xC4, 0xC2, 0xDA, 0xB1,
    0xB9, 0xE1, 0xC2, 0xC1, 0xE2, 0xC4, 0xC2, 0xEB, 0xD8, 0xD2, 0xF4, 0xEA, 0xE1, 0xFD, 0xFC, 0xF0,
    0xFF, 0xFF, 0xF3, 0xF7, 0xF0, 0xE6, 0xE6, 0xCD, 0xC9, 0xEB, 0xD7, 0xD1, 0xE5, 0xCA, 0xC7, 0xF1,
    0xE3, 0xDC, 0xE7, 0xCF, 0xCB, 0xE2, 0xC4, 0xC2, 0xDC, 0xB5, 0xBB, 0xCE, 0x8E, 0xAA, 0xC9, 0x7D,
    0xA4, 0xD4, 0xA1, 0xB2, 0xC0, 0x86, 0x9C, 0xAC, 0x79, 0x86, 0xBE, 0x7E, 0x99, 0xC9, 0x7D, 0xA4,
    0xBB, 0x72, 0x95, 0xC0, 0x76, 0x9B, 0xBC, 0x72, 0x96, 0xA9, 0x62, 0x81, 0x89, 0x47, 0x5F, 0x5B,
    0x23, 0x32, 0x4B, 0x1D, 0x2A, 0x5F, 0x25, 0x34, 0x72, 0x2D, 0x3D, 0x5C, 0x24, 0x32, 0x4B, 0x1D,
    0x2A, 0x4B, 0x1D, 0x2A, 0x4B, 0x1D, 0x2A, 0x4B, 0x1D, 0x2A, 0x5A, 0x23, 0x32, 0x83, 0x3C, 0x51,
    0x94, 0x4E, 0x68, 0x70, 0x2C, 0x3D, 0x51, 0x20, 0x2D, 0x5F, 0x25, 0x34, 0x57, 0x22, 0x30, 0x79,
    0x30, 0x41, 0x72, 0x2D, 0x3E, 0x45, 0x1B, 0x28, 0x32, 0x14, 0x20, 0x71, 0x2D, 0x3D, 0x0C, 0x0A,
    0x15, 0x23, 0x0F, 0x1B, 0x5F, 0x25, 0x34, 0x0B, 0x0A, 0x15, 0x1D, 0x0E, 0x19, 0x61, 0x26, 0x35,
    0x0A, 0x0A, 0x15, 0x0C, 0x0A, 0x15, 0x0C, 0x0A, 0x15, 0x0C, 0x0A, 0x15, 0x0C, 0x0A, 0x15, 0x0C,
    0x0A, 0x15, 0x0C, 0x0A, 0x15, 0x0C, 0x0A, 0x15, 0x0C, 0x0A, 0x15, 0x0C, 0x0A, 0x15, 0x0C, 0x0A,
    0x15, 0x0B, 0x0A, 0x15, 0x60, 0x26, 0x34, 0x64, 0x27, 0x36, 0x24, 0x10, 0x1B, 0x0C, 0x0A, 0x15,
    0x44, 0x1B, 0x28, 0x1F, 0x0E, 0x19, 0x5C, 0x24, 0x33, 0x64, 0x27, 0x36, 0x64, 0x27, 0x36, 0x64,
    0x27, 0x36, 0x64, 0x27, 0x36, 0x64, 0x27, 0x36, 0x64, 0x27, 0x36, 0x64, 0x27, 0x36, 0x64, 0x27,
    0x36, 0x64, 0x27, 0x36, 0x64, 0x27, 0x36, 0x64, 0x27, 0x36, 0x64, 0x27, 0x36, 0x3B, 0x17, 0x24,
    0x53, 0x20, 0x2E, 0x64, 0x27, 0x36, 0x64, 0x27, 0x36, 0x64, 0x27, 0x36, 0x55, 0x21, 0x2F, 0x69,
    0x29, 0x39, 0x79, 0x30, 0x41, 0x71, 0x2D, 0x3D, 0x4F, 0x1F, 0x2C, 0x4E, 0x1E, 0x2C, 0x79, 0x30,
    0x41, 0x79, 0x30, 0x41, 0x79, 0x30, 0x41, 0x79, 0x30, 0x41, 0x79, 0x30, 0x41, 0xA3, 0x79, 0x7C,
    0xDD, 0xB9, 0xBD, 0xCF, 0x93, 0xAC, 0xCB, 0x86, 0xA7, 0xD4, 0xA0, 0xB1, 0xD8, 0xAB, 0xB6, 0xD4,
    0x9F, 0xB1, 0xDC, 0xB5, 0xBB, 0xDF, 0xBC, 0xBE, 0xD2, 0x9A, 0xAF, 0xD0, 0x95, 0xAD, 0xC9, 0x7D,
    0xA4, 0xCD, 0x8B, 0xA9, 0xE2, 0xC4, 0xC2, 0xE1, 0xC2, 0xC1, 0xDB, 0xB2, 0xBA, 0xE2, 0xC4, 0xC2,
    0xE2, 0xC4, 0xC2, 0xE2, 0xC4, 0xC2, 0xE2, 0xC4, 0xC2, 0xE2, 0xC4, 0xC2, 0xE2, 0xC4, 0xC2, 0xE2,
    0xC4, 0xC2, 0xE2, 0xC4, 0xC2, 0xE2, 0xC4, 0xC2, 0xE2, 0xC4, 0xC2, 0xE2, 0xC4, 0xC2, 0xE2, 0xC4,
    0xC2, 0xE2, 0xC4, 0xC2, 0xE2, 0xC4, 0xC2, 0xE2, 0xC4, 0xC2, 0xE2, 0xC4, 0xC2, 0xE2, 0xC4, 0xC2,
    0xE2, 0xC4, 0xC2, 0xD4, 0x9F, 0xB1, 0xE0, 0xC0, 0xC0, 0xE2, 0xC4, 0xC2, 0xF3, 0xE8, 0xDF, 0xE5,
    0xCB, 0xC8, 0xF2, 0xE7, 0xDF, 0xF6, 0xED, 0xE4, 0xE6, 0xCD, 0xC9, 0xE2, 0xC4, 0xC2, 0xF2, 0xE5,
    0xDD, 0xE7, 0xCE, 0xCA, 0xE2, 0xC4, 0xC2, 0xE2, 0xC4, 0xC2, 0xE2, 0xC4, 0xC2, 0xD0, 0x95, 0xAD,
    0xC9, 0x7D, 0xA4, 0xCF, 0x92, 0xAC, 0xCC, 0x87, 0xA8, 0xAC, 0x64, 0x84, 0xC7, 0x98, 0xA4, 0xCF,
    0x92, 0xAC, 0xBC, 0x72, 0x96, 0x93, 0x4D, 0x66, 0xB6, 0x7E, 0x90, 0xA5, 0x6C, 0x7D, 0x94, 0x4F,
    0x68, 0x94, 0x56, 0x72, 0x72, 0x3A, 0x4E, 0x89, 0x47, 0x5F, 0x64, 0x27, 0x36, 0x5C, 0x24, 0x32,
    0x5D, 0x24, 0x33, 0x79, 0x30, 0x41, 0x79, 0x30, 0x41, 0x79, 0x30, 0x41, 0x79, 0x30, 0x41, 0x79,
    0x30, 0x41, 0x8B, 0x45, 0x5C, 0xA7, 0x60, 0x7F, 0x79, 0x30, 0x41, 0x71, 0x2C, 0x3D, 0x50, 0x1F,
    0x2D, 0x69, 0x29, 0x39, 0x79, 0x30, 0x41, 0x79, 0x30, 0x41, 0x6F, 0x2C, 0x3C, 0x29, 0x11, 0x1D,
    0x61, 0x26, 0x35, 0x45, 0x1B, 0x28, 0x0C, 0x0A, 0x15, 0x19, 0x0D, 0x18, 0x47, 0x1C, 0x28, 0x0B,
    0x0A, 0x15, 0x15, 0x0C, 0x17, 0x48, 0x1C, 0x29, 0x0B, 0x0A, 0x15, 0x0C, 0x0A, 0x15, 0x0C, 0x0A,
    0x15, 0x0C, 0x0A, 0x15, 0x0C, 0x0A, 0x15, 0x0C, 0x0A, 0x15, 0x0C, 0x0A, 0x15, 0x0B, 0x0A, 0x15,
    0x47, 0x1C, 0x28, 0x14, 0x0C, 0x17, 0x0C, 0x0A, 0x15, 0x0B, 0x0A, 0x15, 0x45, 0x1B, 0x28, 0x1A,
    0x0D, 0x18, 0x0C, 0x0A, 0x15, 0x5E, 0x25, 0x34, 0x2A, 0x11, 0x1D, 0x0C, 0x0A, 0x15, 0x0C, 0x0A,
    0x15, 0x0C, 0x0A, 0x15, 0x0C, 0x0A, 0x15, 0x0C, 0x0A, 0x15, 0x0C, 0x0A, 0x15, 0x0C, 0x0A, 0x15,
    0x0C, 0x0A, 0x15, 0x3E, 0x18, 0x25, 0x27, 0x11, 0x1C, 0x0C, 0x0A, 0x15, 0x0C, 0x0A, 0x15, 0x3C,
    0x18, 0x24, 0x2A, 0x12, 0x1D, 0x0C, 0x0A, 0x15, 0x0C, 0x0A, 0x15, 0x0C, 0x0A, 0x15, 0x0C, 0x0A,
    0x15, 0x7A, 0x42, 0x58, 0x87, 0x41, 0x57, 0x79, 0x30, 0x41, 0x69, 0x29, 0x39, 0x5F, 0x34, 0x47,
    0x79, 0x42, 0x58, 0x79, 0x30, 0x41, 0x79, 0x30, 0x41, 0x79, 0x30, 0x41, 0x79, 0x30, 0x41, 0x79,
    0x30, 0x41, 0xA3, 0x79, 0x7C, 0xE2, 0xC4, 0xC2, 0xDE, 0xB9, 0xBD, 0xD4, 0xA0, 0xB1, 0xD8, 0xAB,
    0xB6, 0xD6, 0xA5, 0xB3, 0xDD, 0xB7, 0xBC, 0xCF, 0x90, 0xAB, 0xE2, 0xC4, 0xC2, 0xE2, 0xC4, 0xC2,
    0xDF, 0xBD, 0xBF, 0xD2, 0x99, 0xAE, 0xD4, 0xA1, 0xB2, 0xE2, 0xC4, 0xC2, 0xE0, 0xBF, 0xC0, 0xD4,
    0x9F, 0xB1, 0xE2, 0xC4, 0xC2, 0xE2, 0xC4, 0xC2, 0xE2, 0xC4, 0xC2, 0xE2, 0xC4, 0xC2, 0xE2, 0xC4,
    0xC2, 0xE2, 0xC4, 0xC2, 0xE2, 0xC4, 0xC2, 0xE2, 0xC4, 0xC2, 0xE2, 0xC4, 0xC2, 0xE2, 0xC4, 0xC2,
    0xE2, 0xC4, 0xC2, 0xE2, 0xC4, 0xC2, 0xE2, 0xC4, 0xC2, 0xE2, 0xC4, 0xC2, 0xE2, 0xC4, 0xC2, 0xEB,
    0xD8, 0xD3, 0xE3, 0xC6, 0xC3, 0xE2, 0xC4, 0xC2, 0xE2, 0xC4, 0xC2, 0xE2, 0xC4, 0xC2, 0xE2, 0xC4,
    0xC2, 0xEB, 0xD7, 0xD1, 0xE4, 0xC8, 0xC5, 0xE2, 0xC4, 0xC2, 0xE2, 0xC4, 0xC2, 0xE2, 0xC4, 0xC2,
    0xE2, 0xC4, 0xC2, 0xE2, 0xC4, 0xC2, 0xE2, 0xC4, 0xC2, 0xDC, 0xB6, 0xBB, 0xE0, 0xBF, 0xC0, 0xE2,
    0xC4, 0xC2, 0xD0, 0x95, 0xAD, 0xCF, 0x91, 0xAB, 0xD8, 0xAA, 0xB6, 0xCF, 0x90, 0xAB, 0xBB, 0x72,
    0x95, 0xB4, 0x6B, 0x8D, 0xC2, 0x77, 0x9C, 0x9D, 0x57, 0x73, 0x8E, 0x48, 0x60, 0xC9, 0xA3, 0xA7,
    0xA7, 0x85, 0x87, 0x65, 0x28, 0x37, 0x83, 0x56, 0x5C, 0xA6, 0x74, 0x83, 0x8E, 0x55, 0x71, 0x48,
    0x1C, 0x29, 0x5D, 0x24, 0x33, 0x79, 0x30, 0x41, 0x79, 0x30, 0x41, 0x84, 0x3E, 0x52, 0x90, 0x4B,
    0x63, 0x83, 0x3D, 0x51, 0x99, 0x53, 0x6E, 0x92, 0x4C, 0x65, 0x79, 0x30, 0x41, 0x79, 0x30, 0x41,
    0x79, 0x30, 0x41, 0x6D, 0x2B, 0x3B, 0x39, 0x17, 0x23, 0x79, 0x30, 0x41, 0x79, 0x30, 0x41, 0x6F,
    0x2C, 0x3C, 0x0C, 0x0A, 0x15, 0x28, 0x11, 0x1C, 0x5F, 0x25, 0x34, 0x1A, 0x0D, 0x18, 0x4B, 0x1D,
    0x2B, 0x61, 0x26, 0x35, 0x0B, 0x0A, 0x15, 0x1B, 0x0D, 0x18, 0x63, 0x27, 0x36, 0x10, 0x0B, 0x16,
    0x47, 0x1C, 0x29, 0x0C, 0x0A, 0x15, 0x0C, 0x0A, 0x15, 0x0C, 0x0A, 0x15, 0x0C, 0x0A, 0x15, 0x0C,
    0x0A, 0x15, 0x0B, 0x0A, 0x15, 0x64, 0x27, 0x36, 0x1B, 0x0D, 0x18, 0x0C, 0x0A, 0x15, 0x0B, 0x0A,
    0x15, 0x61, 0x26, 0x35, 0x24, 0x10, 0x1B, 0x42, 0x1A, 0x26, 0x1C, 0x0D, 0x19, 0x41, 0x19, 0x26,
    0x1E, 0x0E, 0x19, 0x0C, 0x0A, 0x15, 0x0C, 0x0A, 0x15, 0x3F, 0x19, 0x25, 0x22, 0x0F, 0x1A, 0x0C,
    0x0A, 0x15, 0x0C, 0x0A, 0x15, 0x0C, 0x0A, 0x15, 0x69, 0x29, 0x39, 0x42, 0x1A, 0x27, 0x0C, 0x0A,
    0x15, 0x3B, 0x17, 0x24, 0x8E, 0x67, 0x6B, 0x62, 0x48, 0x4C, 0x0C, 0x0A, 0x15, 0x39, 0x17, 0x23,
    0x46, 0x1B, 0x28, 0x73, 0x5E, 0x5F, 0x9E, 0x6E, 0x82, 0xA0, 0x5C, 0x7A, 0x98, 0x52, 0x6D, 0x98,
    0x52, 0x6D, 0xAD, 0x66, 0x86, 0xB8, 0x6F, 0x92, 0x98, 0x52, 0x6D, 0x98, 0x52, 0x6D, 0x8E, 0x48,
    0x60, 0x79, 0x30, 0x41, 0x79, 0x30, 0x41, 0xA3, 0x79, 0x7C, 0xE0, 0xBF, 0xC0, 0xDD, 0xB7, 0xBC,
    0xDE, 0xB9, 0xBD, 0xD6, 0xA4, 0xB3, 0xE2, 0xC4, 0xC2, 0xDE, 0xBB, 0xBE, 0xD5, 0xA3, 0xB3, 0xE2,
    0xC4, 0xC2, 0xE2, 0xC4, 0xC2, 0xE2, 0xC4, 0xC2, 0xE2, 0xC4, 0xC2, 0xE2, 0xC4, 0xC2, 0xE2, 0xC4,
    0xC2, 0xE2, 0xC4, 0xC2, 0xE2, 0xC4, 0xC2, 0xE2, 0xC4, 0xC2, 0xE2, 0xC4, 0xC2, 0xE2, 0xC4, 0xC2,
    0xE2, 0xC4, 0xC2, 0xE2, 0xC4, 0xC2, 0xE2, 0xC4, 0xC2, 0xE2, 0xC4, 0xC2, 0xE2, 0xC4, 0xC2, 0xE2,
    0xC4, 0xC2, 0xEB, 0xD8, 0xD3, 0xE2, 0xC4, 0xC2, 0xE2, 0xC4, 0xC2, 0xE2, 0xC4, 0xC2, 0xE2, 0xC4,
    0xC2, 0xE2, 0xC4, 0xC2, 0xF5, 0xEC, 0xE3, 0xE4, 0xC8, 0xC5, 0xE2, 0xC4, 0xC2, 0xE2, 0xC4, 0xC2,
    0xE2, 0xC4, 0xC2, 0xEA, 0xD6, 0xD1, 0xFC, 0xFA, 0xEF, 0xE7, 0xCF, 0xCB, 0xE2, 0xC4, 0xC2, 0xE2,
    0xC4, 0xC2, 0xEA, 0xD5, 0xD0, 0xE4, 0xC8, 0xC6, 0xE2, 0xC4, 0xC2, 0xE2, 0xC4, 0xC2, 0xCF, 0x92,
    0xAC, 0xD6, 0xA6, 0xB4, 0xDB, 0xB2, 0xB9, 0xCE, 0x8E, 0xAA, 0xDB, 0xB3, 0xBA, 0xD1, 0x97, 0xAE,
    0xCF, 0x90, 0xAB, 0x9E, 0x63, 0x74, 0x8E, 0x48, 0x60, 0xAB, 0x64, 0x84, 0xAA, 0x75, 0x84, 0xAF,
    0x71, 0x88, 0xC1, 0x94, 0x9E, 0x86, 0x6F, 0x70, 0x2E, 0x13, 0x1E, 0x8E, 0x70, 0x72, 0xA6, 0x87,
    0x88, 0x6E, 0x37, 0x4B, 0x8E, 0x48, 0x5F, 0x79, 0x30, 0x41, 0x73, 0x2D, 0x3E, 0x6D, 0x2B, 0x3B,
    0x98, 0x52, 0x6D, 0xB6, 0x6D, 0x8F, 0x8E, 0x48, 0x60, 0xB5, 0x6C, 0x8E, 0xA8, 0x61, 0x80, 0x79,
    0x30, 0x41, 0x79, 0x30, 0x41, 0x79, 0x30, 0x41, 0x71, 0x2C, 0x3D, 0x54, 0x21, 0x2E, 0x79, 0x30,
    0x41, 0x79, 0x30, 0x41, 0x72, 0x2D, 0x3E, 0x41, 0x19, 0x26, 0x0C, 0x0A, 0x15, 0x1B, 0x0D, 0x18,
    0x4B, 0x1D, 0x2A, 0x61, 0x26, 0x35, 0x16, 0x0C, 0x17, 0x44, 0x1B, 0x27, 0x0B, 0x0A, 0x15, 0x0C,
    0x0A, 0x15, 0x16, 0x0C, 0x17, 0x65, 0x28, 0x37, 0x0C, 0x0A, 0x15, 0x0C, 0x0A, 0x15, 0x0C, 0x0A,
    0x15, 0x0C, 0x0A, 0x15, 0x0C, 0x0A, 0x15, 0x44, 0x1B, 0x27, 0x12, 0x0B, 0x16, 0x0C, 0x0A, 0x15,
    0x0C, 0x0A, 0x15, 0x0C, 0x0A, 0x15, 0x42, 0x1A, 0x26, 0x19, 0x0D, 0x18, 0x61, 0x26, 0x35, 0x29,
    0x11, 0x1C, 0x5F, 0x25, 0x34, 0x2C, 0x12, 0x1E, 0x0C, 0x0A, 0x15, 0x0C, 0x0A, 0x15, 0x5D, 0x24,
    0x33, 0x32, 0x14, 0x20, 0x3D, 0x18, 0x24, 0x23, 0x0F, 0x1B, 0x0C, 0x0A, 0x15, 0x5A, 0x23, 0x31,
    0x38, 0x16, 0x22, 0x0C, 0x0A, 0x15, 0x57, 0x22, 0x30, 0xC0, 0x98, 0x9F, 0x8E, 0x6D, 0x74, 0x29,
    0x11, 0x1D, 0x63, 0x27, 0x36, 0x79, 0x30, 0x41, 0xCA, 0xB1, 0xAE, 0x9B, 0x8D, 0x8A, 0x89, 0x54,
    0x70, 0xAC, 0x6A, 0x8C, 0xAC, 0x6A, 0x8C, 0xB8, 0x72, 0x96, 0xC9, 0x7D, 0xA4, 0xC9, 0x7D, 0xA4,
    0xC9, 0x7D, 0xA4, 0xAF, 0x69, 0x8B, 0x6D, 0x2B, 0x3B, 0x79, 0x30, 0x41, 0xA3, 0x79, 0x7C, 0xDD,
    0xB8, 0xBC, 0xD6, 0xA5, 0xB4, 0xE2, 0xC4, 0xC2, 0xE2, 0xC4, 0xC2, 0xE2, 0xC4, 0xC2, 0xE2, 0xC4,
    0xC2, 0xE2, 0xC4, 0xC2, 0xE2, 0xC4, 0xC2, 0xE2, 0xC4, 0xC2, 0xE2, 0xC4, 0xC2, 0xE2, 0xC4, 0xC2,
    0xE2, 0xC4, 0xC2, 0xE2, 0xC4, 0xC2, 0xE2, 0xC4, 0xC2, 0xE2, 0xC4, 0xC2, 0xE2, 0xC4, 0xC2, 0xE2,
    0xC4, 0xC2, 0xE2, 0xC4, 0xC2, 0xE2, 0xC4, 0xC2, 0xE2, 0xC4, 0xC2, 0xE2, 0xC4, 0xC2, 0xE2, 0xC4,
    0xC2, 0xE2, 0xC4, 0xC2, 0xE2, 0xC5, 0xC2, 0xF7, 0xEF, 0xE6, 0xE2, 0xC5, 0xC2, 0xE2, 0xC4, 0xC2,
    0xE2, 0xC4, 0xC2, 0xE2, 0xC4, 0xC2, 0xEB, 0xD7, 0xD1, 0xE3, 0xC5, 0xC3, 0xE2, 0xC4, 0xC2, 0xE2,
    0xC4, 0xC2, 0xE2, 0xC4, 0xC2, 0xE2, 0xC4, 0xC2, 0xF4, 0xEA, 0xE2, 0xF7, 0xF0, 0xE6, 0xE5, 0xCC,
    0xC8, 0xE2, 0xC4, 0xC2, 0xE2, 0xC4, 0xC2, 0xF3, 0xE8, 0xE0, 0xE6, 0xCE, 0xCA, 0xE2, 0xC4, 0xC2,
    0xE2, 0xC4, 0xC2, 0xD5, 0xA3, 0xB3, 0xCB, 0x84, 0xA7, 0xC9, 0x7D, 0xA4, 0xCF, 0x90, 0xAB, 0xD8,
    0xAB, 0xB6, 0xD4, 0xA0, 0xB1, 0xCC, 0xA4, 0xAA, 0x9A, 0x6D, 0x72, 0xB3, 0x6A, 0x8C, 0xAB, 0x63,
    0x83, 0xB9, 0x90, 0x96, 0x9F, 0x73, 0x77, 0x79, 0x30, 0x41, 0x5E, 0x25, 0x34, 0x55, 0x21, 0x2F,
    0x6F, 0x2C, 0x3C, 0x72, 0x2D, 0x3E, 0x96, 0x55, 0x71, 0xAD, 0x68, 0x89, 0x6E, 0x2B, 0x3B, 0x6B,
    0x2A, 0x3A, 0x5A, 0x23, 0x32, 0x98, 0x52, 0x6D, 0xB6, 0x6D, 0x8F, 0x79, 0x30, 0x41, 0x79, 0x30,
    0x41, 0x79, 0x30, 0x41, 0x79, 0x30, 0x41, 0x75, 0x2E, 0x3F, 0x6B, 0x2A, 0x3A, 0x79, 0x30, 0x41,
    0x79, 0x30, 0x41, 0x7F, 0x38, 0x4B, 0x92, 0x4C, 0x65, 0x76, 0x2F, 0x40, 0x5F, 0x25, 0x34, 0x1C,
    0x0D, 0x18, 0x4A, 0x1D, 0x2A, 0x62, 0x26, 0x35, 0x0B, 0x0A, 0x15, 0x20, 0x0F, 0x1A, 0x64, 0x27,
    0x36, 0x0A, 0x0A, 0x15, 0x12, 0x0B, 0x16, 0x44, 0x1B, 0x27, 0x0C, 0x0A, 0x15, 0x0C, 0x0A, 0x15,
    0x0C, 0x0A, 0x15, 0x0C, 0x0A, 0x15, 0x0C, 0x0A, 0x15, 0x0B, 0x0A, 0x15, 0x67, 0x28, 0x38, 0x18,
    0x0C, 0x18, 0x41, 0x1A, 0x26, 0x14, 0x0C, 0x17, 0x40, 0x19, 0x26, 0x65, 0x28, 0x37, 0x25, 0x10,
    0x1B, 0x0C, 0x0A, 0x15, 0x0C, 0x0A, 0x15, 0x0C, 0x0A, 0x15, 0x0C, 0x0A, 0x15, 0x3D, 0x18, 0x24,
    0x1F, 0x0E, 0x19, 0x0C, 0x0A, 0x15, 0x0C, 0x0A, 0x15, 0x5D, 0x24, 0x33, 0x35, 0x15, 0x21, 0x0C,
    0x0A, 0x15, 0x3A, 0x17, 0x23, 0x43, 0x1A, 0x27, 0x25, 0x10, 0x1B, 0x0C, 0x0A, 0x15, 0x9B, 0x5C,
    0x7A, 0x91, 0x4B, 0x64, 0x49, 0x1D, 0x2A, 0x55, 0x21, 0x2F, 0x68, 0x29, 0x38, 0xD0, 0xC4, 0xBD,
    0xA9, 0x9F, 0x9A, 0x2C, 0x12, 0x1D, 0x34, 0x15, 0x21, 0x35, 0x15, 0x21, 0x72, 0x45, 0x5E, 0xB1,
    0x6C, 0x8F, 0xB4, 0x6D, 0x90, 0xAE, 0x6B, 0x8E, 0x94, 0x59, 0x77, 0x5A, 0x23, 0x31, 0x79, 0x30,
    0x41, 0x99, 0x6A, 0x6F, 0xCC, 0xAB, 0xAA, 0xD2, 0xB2, 0xB1, 0xE2, 0xC4, 0xC2, 0xE2, 0xC4, 0xC2,
    0xE2, 0xC4, 0xC2, 0xE2, 0xC4, 0xC2, 0xE2, 0xC4, 0xC2, 0xE2, 0xC4, 0xC2, 0xE2, 0xC4, 0xC2, 0xE2,
    0xC4, 0xC2, 0xE2, 0xC4, 0xC2, 0xE2, 0xC4, 0xC2, 0xE2, 0xC4, 0xC2, 0xE2, 0xC4, 0xC2, 0xE2, 0xC4,
    0xC2, 0xE2, 0xC4, 0xC2, 0xE2, 0xC4, 0xC2, 0xE2, 0xC4, 0xC2, 0xE2, 0xC4, 0xC2, 0xE2, 0xC4, 0xC2,
    0xE2, 0xC4, 0xC2, 0xE2, 0xC4, 0xC2, 0xE2, 0xC4, 0xC2, 0xE2, 0xC4, 0xC2, 0xE2, 0xC4, 0xC2, 0xE2,
    0xC4, 0xC2, 0xE2, 0xC4, 0xC2, 0xE2, 0xC4, 0xC2, 0xE2, 0xC4, 0xC2, 0xF6, 0xEF, 0xE5, 0xE3, 0xC7,
    0xC5, 0xE2, 0xC4, 0xC2, 0xE2, 0xC4, 0xC2, 0xE2, 0xC4, 0xC2, 0xE2, 0xC4, 0xC2, 0xE2, 0xC4, 0xC2,
    0xE2, 0xC4, 0xC2, 0xE2, 0xC4, 0xC2, 0xE2, 0xC4, 0xC2, 0xE2, 0xC4, 0xC2, 0xE2, 0xC4, 0xC2, 0xE2,
    0xC4, 0xC2, 0xDD, 0xB7, 0xBC, 0xDB, 0xB4, 0xBA, 0xE0, 0xC0, 0xC0, 0xD0, 0x93, 0xAC, 0xC9, 0x7D,
    0xA4, 0xD6, 0xA7, 0xB4, 0xCF, 0x90, 0xAB, 0xD6, 0xA5, 0xB4, 0xB0, 0x7B, 0x8A, 0x95, 0x4F, 0x69,
    0xB9, 0x70, 0x93, 0xBE, 0x74, 0x98, 0x94, 0x4E, 0x68, 0x79, 0x30, 0x41, 0x79, 0x30, 0x41, 0x8B,
    0x45, 0x5C, 0x75, 0x3E, 0x53, 0x4F, 0x1F, 0x2C, 0x68, 0x29, 0x38, 0x8A, 0x52, 0x6D, 0xA4, 0x65,
    0x86, 0x5D, 0x30, 0x42, 0x95, 0x4F, 0x69, 0x95, 0x4F, 0x69, 0xA1, 0x5A, 0x77, 0xA7, 0x60, 0x7F,
    0x82, 0x3B, 0x4F, 0x8E, 0x48, 0x60, 0x79, 0x30, 0x41, 0x79, 0x30, 0x41, 0x6F, 0x2C, 0x3C, 0x53,
    0x20, 0x2E, 0x79, 0x30, 0x41, 0x79, 0x30, 0x41, 0x8D, 0x47, 0x5E, 0xBE, 0x74, 0x98, 0x6F, 0x2C,
    0x3C, 0x1C, 0x0D, 0x19, 0x4A, 0x1D, 0x2A, 0x62, 0x26, 0x35, 0x0C, 0x0A, 0x15, 0x17, 0x0C, 0x17,
    0x41, 0x19, 0x26, 0x0B, 0x0A, 0x15, 0x0C, 0x0A, 0x15, 0x19, 0x0D, 0x18, 0x67, 0x28, 0x38, 0x0B,
    0x0A, 0x15, 0x0E, 0x0A, 0x15, 0x43, 0x1A, 0x27, 0x0C, 0x0A, 0x15, 0x0C, 0x0A, 0x15, 0x0C, 0x0A,
    0x15, 0x0C, 0x0A, 0x15, 0x0A, 0x0A, 0x15, 0x66, 0x28, 0x38, 0x45, 0x1B, 0x28, 0x67, 0x28, 0x38,
    0x23, 0x0F, 0x1B, 0x0C, 0x0A, 0x15, 0x0C, 0x0A, 0x15, 0x3D, 0x18, 0x24, 0x1B, 0x0D, 0x18, 0x0C,
    0x0A, 0x15, 0x60, 0x26, 0x34, 0x30, 0x13, 0x1F, 0x0C, 0x0A, 0x15, 0x3B, 0x17, 0x23, 0x20, 0x0F,
    0x1A, 0x0C, 0x0A, 0x15, 0x0C, 0x0A, 0x15, 0x69, 0x29, 0x39, 0x6E, 0x2B, 0x3B, 0x3B, 0x17, 0x23,
    0x0C, 0x0A, 0x15, 0x7D, 0x41, 0x58, 0x83, 0x3C, 0x50, 0x49, 0x1D, 0x2A, 0x0C, 0x0A, 0x15, 0x0C,
    0x0A, 0x15, 0xB7, 0x9F, 0x9D, 0xAC, 0x85, 0x87, 0x5D, 0x24, 0x33, 0x67, 0x28, 0x38, 0x5F, 0x25,
    0x34, 0x2A, 0x11, 0x1D, 0x53, 0x21, 0x2E, 0x55, 0x21, 0x2F, 0x28, 0x11, 0x1C, 0x5A, 0x23, 0x31,
    0x79, 0x30, 0x41, 0x79, 0x30, 0x41, 0x79, 0x30, 0x41, 0x79, 0x30, 0x41, 0xA3, 0x7E, 0x80, 0xE8,
    0xD1, 0xCD, 0xE4, 0xC9, 0xC6, 0xE8, 0xD2, 0xCD, 0xE2, 0xC4, 0xC2, 0xE2, 0xC4, 0xC2, 0xE2, 0xC4,
    0xC2, 0xE2, 0xC4, 0xC2, 0xE2, 0xC4, 0xC2, 0xE2, 0xC4, 0xC2, 0xE2, 0xC4, 0xC2, 0xE2, 0xC4, 0xC2,
    0xE2, 0xC4, 0xC2, 0xE2, 0xC4, 0xC2, 0xE2, 0xC4, 0xC2, 0xE2, 0xC4, 0xC2, 0xE2, 0xC4, 0xC2, 0xE2,
    0xC4, 0xC2, 0xE2, 0xC4, 0xC2, 0xE2, 0xC4, 0xC2, 0xE2, 0xC4, 0xC2, 0xE2, 0xC4, 0xC2, 0xE2, 0xC4,
    0xC2, 0xE2, 0xC4, 0xC2, 0xE2, 0xC4, 0xC2, 0xE2, 0xC4, 0xC2, 0xE2, 0xC4, 0xC2, 0xE2, 0xC4, 0xC2,
    0xE2, 0xC4, 0xC2, 0xE2, 0xC4, 0xC2, 0xE2, 0xC4, 0xC2, 0xE2, 0xC4, 0xC2, 0xE2, 0xC4, 0xC2, 0xE2,
    0xC4, 0xC2, 0xE2, 0xC4, 0xC2, 0xE2, 0xC4, 0xC2, 0xE2, 0xC4, 0xC2, 0xE2, 0xC4, 0xC2, 0xE2, 0xC4,
    0xC2, 0xE2, 0xC4, 0xC2, 0xE2, 0xC4, 0xC2, 0xD4, 0xA0, 0xB2, 0xCB, 0x83, 0xA6, 0xD7, 0xA9, 0xB6,
    0xCE, 0x8E, 0xAA, 0xCE, 0x8F, 0xAA, 0xCB, 0x84, 0xA6, 0xC9, 0x7D, 0xA4, 0xC9, 0x7D, 0xA4, 0xC9,
    0x7D, 0xA4, 0xC9, 0x7D, 0xA4, 0xC9, 0x7D, 0xA4, 0x9C, 0x56, 0x72, 0x92, 0x60, 0x67, 0x98, 0x5E,
    0x6E, 0x84, 0x3E, 0x53, 0x9C, 0x5A, 0x77, 0x8F, 0x56, 0x72, 0x5D, 0x24, 0x33, 0x79, 0x30, 0x41,
    0xA1, 0x65, 0x79, 0xB7, 0x87, 0x99, 0xA1, 0x7C, 0x87, 0xD0, 0x94, 0xAD, 0xCE, 0x8D, 0xAA, 0xB5,
    0x6C, 0x8E, 0x79, 0x30, 0x41, 0x96, 0x50, 0x6A, 0xB8, 0x6E, 0x91, 0x81, 0x3A, 0x4D, 0x94, 0x4E,
    0x68, 0x8E, 0x48, 0x60, 0x79, 0x30, 0x41, 0x79, 0x30, 0x41, 0x7F, 0x38, 0x4B, 0x9C, 0x55, 0x71,
    0xAD, 0x67, 0x87, 0x64, 0x27, 0x36, 0x49, 0x1D, 0x2A, 0x65, 0x28, 0x37, 0x3D, 0x18, 0x24, 0x18,
    0x0C, 0x17, 0x47, 0x1C, 0x28, 0x65, 0x28, 0x37, 0x13, 0x0B, 0x16, 0x40, 0x19, 0x25, 0x0B, 0x0A,
    0x15, 0x0C, 0x0A, 0x15, 0x0C, 0x0A, 0x15, 0x11, 0x0B, 0x16, 0x69, 0x29, 0x39, 0x0C, 0x0A, 0x15,
    0x0C, 0x0A, 0x15, 0x3F, 0x19, 0x25, 0x10, 0x0B, 0x16, 0x0C, 0x0A, 0x15, 0x0A, 0x0A, 0x15, 0x67,
    0x28, 0x38, 0x21, 0x0F, 0x1A, 0x3D, 0x18, 0x24, 0x18, 0x0C, 0x17, 0x0C, 0x0A, 0x15, 0x63, 0x27,
    0x36, 0x48, 0x1C, 0x29, 0x1C, 0x0D, 0x18, 0x0C, 0x0A, 0x15, 0x3A, 0x17, 0x23, 0x1E, 0x0E, 0x19,
    0x5F, 0x25, 0x34, 0x4C, 0x1E, 0x2B, 0x20, 0x0F, 0x1A, 0x0C, 0x0A, 0x15, 0x5C, 0x24, 0x33, 0x4E,
    0x1E, 0x2C, 0x23, 0x0F, 0x1B, 0x0C, 0x0A, 0x15, 0xAA, 0x69, 0x8B, 0x99, 0x53, 0x6E, 0x49, 0x1D,
    0x2A, 0x34, 0x15, 0x21, 0x28, 0x11, 0x1C, 0xB7, 0x9F, 0x9D, 0xA6, 0x83, 0x85, 0x6A, 0x2A, 0x39,
    0x6A, 0x2A, 0x39, 0x5C, 0x24, 0x32, 0x5C, 0x24, 0x32, 0x68, 0x29, 0x38, 0x40, 0x19, 0x25, 0x5A,
    0x23, 0x31, 0x74, 0x2E, 0x3E, 0x6A, 0x2A, 0x39, 0x6F, 0x2C, 0x3C, 0x82, 0x3B, 0x4F, 0x93, 0x4D,
    0x66, 0xBA, 0x9C, 0x9F, 0xFA, 0xF5, 0xEA, 0xEF, 0xE1, 0xD9, 0xFA, 0xF6, 0xEB, 0xE8, 0xD1, 0xCD,
    0xE4, 0xC8, 0xC5, 0xEA, 0xD5, 0xD0, 0xEA, 0xD5, 0xD0, 0xEA, 0xD5, 0xD0, 0xEA, 0xD5, 0xD0, 0xEA,
    0xD5, 0xD0, 0xE9, 0xD3, 0xCE, 0xE2, 0xC4, 0xC2, 0xE2, 0xC4, 0xC2, 0xE2, 0xC4, 0xC2, 0xE2, 0xC4,
    0xC2, 0xE2, 0xC4, 0xC2, 0xE2, 0xC4, 0xC2, 0xE2, 0xC4, 0xC2, 0xE2, 0xC4, 0xC2, 0xE2, 0xC4, 0xC2,
    0xE2, 0xC4, 0xC2, 0xE2, 0xC4, 0xC2, 0xE2, 0xC4, 0xC2, 0xE2, 0xC4, 0xC2, 0xE2, 0xC4, 0xC2, 0xE2,
    0xC4, 0xC2, 0xDC, 0xB6, 0xBB, 0xE2, 0xC3, 0xC2, 0xE2, 0xC4, 0xC2, 0xE2, 0xC4, 0xC2, 0xE2, 0xC4,
    0xC2, 0xE2, 0xC4, 0xC2, 0xE2, 0xC4, 0xC2, 0xE2, 0xC4, 0xC2, 0xE2, 0xC4, 0xC2, 0xE2, 0xC4, 0xC2,
    0xE2, 0xC4, 0xC2, 0xE2, 0xC4, 0xC2, 0xE2, 0xC4, 0xC2, 0xE2, 0xC4, 0xC2, 0xDD, 0xB9, 0xBD, 0xD3,
    0x9C, 0xB0, 0xCB, 0x83, 0xA6, 0xC9, 0x7D, 0xA4, 0xD7, 0xA9, 0xB5, 0xCF, 0x90, 0xAB, 0xC9, 0x7D,
    0xA4, 0xCE, 0x8D, 0xAA, 0xD0, 0x93, 0xAC, 0xD0, 0x93, 0xAC, 0xC1, 0x7D, 0x9C, 0xAF, 0x85, 0x8F,
    0xC1, 0xA3, 0xA2, 0xC1, 0x8C, 0x9D, 0x97, 0x51, 0x6B, 0x5C, 0x24, 0x33, 0x5D, 0x24, 0x33, 0x84,
    0x3D, 0x52, 0x89, 0x43, 0x5A, 0xA8, 0x7A, 0x81, 0xDE, 0xBB, 0xBE, 0xE0, 0xBF, 0xC0, 0xDC, 0xB5,
    0xBB, 0xD6, 0xA6, 0xB4, 0xBA, 0x71, 0x94, 0x8C, 0x46, 0x5D, 0x8F, 0x49, 0x62, 0xB0, 0x68, 0x88,
    0xA3, 0x5C, 0x7A, 0xC9, 0x7D, 0xA4, 0xBA, 0x71, 0x94, 0x79, 0x30, 0x41, 0x79, 0x30, 0x41, 0x89,
    0x43, 0x59, 0xAF, 0x67, 0x88, 0x6F, 0x2C, 0x3C, 0x2E, 0x13, 0x1E, 0x62, 0x27, 0x36, 0x2A, 0x11,
    0x1D, 0x64, 0x27, 0x36, 0x2B, 0x12, 0x1D, 0x74, 0x2E, 0x3E, 0x0A, 0x0A, 0x15, 0x1F, 0x0E, 0x19,
    0x68, 0x29, 0x39, 0x3E, 0x18, 0x25, 0x0C, 0x0A, 0x15, 0x0F, 0x0A, 0x16, 0x3F, 0x19, 0x25, 0x0D,
    0x0A, 0x15, 0x0C, 0x0A, 0x15, 0x0C, 0x0A, 0x15, 0x6A, 0x2A, 0x39, 0x40, 0x19, 0x26, 0x11, 0x0B,
    0x16, 0x0C, 0x0A, 0x15, 0x0C, 0x0A, 0x15, 0x0B, 0x0A, 0x15, 0x66, 0x28, 0x37, 0x45, 0x1B, 0x28,
    0x18, 0x0C, 0x17, 0x0C, 0x0A, 0x15, 0x63, 0x27, 0x36, 0x48, 0x1C, 0x29, 0x1C, 0x0D, 0x18, 0x61,
    0x26, 0x35, 0x32, 0x14, 0x20, 0x0C, 0x0A, 0x15, 0x5F, 0x25, 0x34, 0x36, 0x16, 0x22, 0x36, 0x16,
    0x21, 0x21, 0x0F, 0x1A, 0x5C, 0x24, 0x33, 0x3C, 0x17, 0x24, 0x0C, 0x0A, 0x15, 0x9D, 0x5F, 0x7D,
    0x8B, 0x4A, 0x63, 0x41, 0x19, 0x26, 0x57, 0x22, 0x30, 0x52, 0x20, 0x2E, 0xAB, 0x8E, 0x8E, 0x8F,
    0x73, 0x74, 0x28, 0x11, 0x1C, 0x30, 0x13, 0x1F, 0x6A, 0x34, 0x47, 0x88, 0x42, 0x58, 0x79, 0x30,
    0x41, 0x79, 0x30, 0x41, 0x79, 0x30, 0x41, 0x69, 0x29, 0x39, 0x3E, 0x18, 0x25, 0x56, 0x22, 0x30,
    0x9A, 0x5D, 0x70, 0xCD, 0x8C, 0xAA, 0xDA, 0xAF, 0xBF, 0xFF, 0xFF, 0xF3, 0xFF, 0xFF, 0xF3, 0xFF,
    0xFF, 0xF3, 0xFA, 0xF6, 0xEB, 0xED, 0xDB, 0xD5, 0xFA, 0xF5, 0xEB, 0xFF, 0xFF, 0xF3, 0xFF, 0xFF,
    0xF3, 0xFF, 0xFF, 0xF3, 0xFF, 0xFF, 0xF3, 0xFC, 0xF9, 0xEE, 0xE9, 0xD4, 0xCF, 0xE9, 0xD4, 0xCF,
    0xE9, 0xD4, 0xCF, 0xE9, 0xD3, 0xCE, 0xE2, 0xC4, 0xC2, 0xE2, 0xC4, 0xC2, 0xE2, 0xC4, 0xC2, 0xE2,
    0xC4, 0xC2, 0xE2, 0xC4, 0xC2, 0xE2, 0xC4, 0xC2, 0xE2, 0xC4, 0xC2, 0xE2, 0xC4, 0xC2, 0xE2, 0xC4,
    0xC2, 0xDD, 0xB7, 0xBC, 0xE2, 0xC4, 0xC2, 0xD0, 0x94, 0xAD, 0xE1, 0xC2, 0xC1, 0xDD, 0xB7, 0xBC,
    0xE2, 0xC3, 0xC2, 0xDD, 0xB8, 0xBC, 0xE1, 0xC3, 0xC1, 0xDD, 0xB8, 0xBC, 0xDC, 0xB6, 0xBB, 0xE1,
    0xC2, 0xC1, 0xE2, 0xC4, 0xC2, 0xE2, 0xC4, 0xC2, 0xDD, 0xB9, 0xBD, 0xDC, 0xB6, 0xBB, 0xE1, 0xC1,
    0xC1, 0xCF, 0x90, 0xAB, 0xD8, 0xAB, 0xB6, 0xD3, 0x9C, 0xB0, 0xCB, 0x83, 0xA6, 0xC9, 0x7D, 0xA4,
    0xC9, 0x7D, 0xA4, 0xC9, 0x7D, 0xA4, 0xD7, 0xA7, 0xB5, 0xDC, 0xB6, 0xBB, 0xD4, 0xB1, 0xB3, 0xAA,
    0x7A, 0x84, 0xCE, 0xBF, 0xBA, 0xB8, 0x9C, 0x9D, 0x83, 0x3C, 0x51, 0x79, 0x30, 0x41, 0x71, 0x2D,
    0x3D, 0x71, 0x2D, 0x3D, 0x97, 0x51, 0x6C, 0xAC, 0x64, 0x84, 0xA9, 0x62, 0x81, 0xD3, 0x9C, 0xB0,
    0xDA, 0xAF, 0xB8, 0xC9, 0x7D, 0xA4, 0xC9, 0x7D, 0xA4, 0xC9, 0x7D, 0xA4, 0xB6, 0x6D, 0x8F, 0x81,
    0x39, 0x4D, 0xA3, 0x5C, 0x7A, 0xC9, 0x7D, 0xA4, 0xC9, 0x7D, 0xA4, 0xBA, 0x71, 0x94, 0x79, 0x30,
    0x41, 0x79, 0x30, 0x41, 0x76, 0x2F, 0x40, 0x6E, 0x2B, 0x3B, 0x71, 0x2D, 0x3D, 0x3E, 0x18, 0x25,
    0x39, 0x17, 0x23, 0x0C, 0x0A, 0x15, 0x18, 0x0C, 0x17, 0x48, 0x1C, 0x29, 0x74, 0x2E, 0x3E, 0x0A,
    0x0A, 0x15, 0x0C, 0x0A, 0x15, 0x1C, 0x0D, 0x19, 0x69, 0x29, 0x39, 0x0A, 0x0A, 0x15, 0x16, 0x0C,
    0x17, 0x78, 0x30, 0x41, 0x0E, 0x0A, 0x15, 0x0C, 0x0A, 0x15, 0x0C, 0x0A, 0x15, 0x0B, 0x0A, 0x15,
    0x6A, 0x2A, 0x3A, 0x19, 0x0D, 0x18, 0x3B, 0x17, 0x23, 0x3C, 0x18, 0x24, 0x14, 0x0C, 0x17, 0x0B,
    0x0A, 0x15, 0x66, 0x28, 0x38, 0x29, 0x11, 0x1C, 0x0C, 0x0A, 0x15, 0x0C, 0x0A, 0x15, 0x63, 0x27,
    0x36, 0x48, 0x1C, 0x29, 0x1C, 0x0D, 0x18, 0x36, 0x16, 0x21, 0x1D, 0x0E, 0x19, 0x0C, 0x0A, 0x15,
    0x35, 0x15, 0x21, 0x63, 0x27, 0x36, 0x3A, 0x17, 0x23, 0x0C, 0x0A, 0x15, 0x33, 0x15, 0x20, 0x22,
    0x0F, 0x1A, 0x66, 0x28, 0x37, 0x48, 0x1C, 0x29, 0x31, 0x14, 0x20, 0x3C, 0x18, 0x24, 0x68, 0x29,
    0x38, 0x71, 0x2D, 0x3D, 0x6C, 0x2A, 0x3A, 0x53, 0x21, 0x2E, 0x65, 0x28, 0x37, 0xA0, 0x59, 0x76,
    0xAF, 0x67, 0x88, 0x79, 0x30, 0x41, 0x79, 0x30, 0x41, 0x79, 0x30, 0x41, 0x79, 0x30, 0x41, 0x79,
    0x30, 0x41, 0x79, 0x30, 0x41, 0xA3, 0x79, 0x7C, 0xDD, 0xB7, 0xBC, 0xDE, 0xB9, 0xC3, 0xFD, 0xFC,
    0xF0, 0xF9, 0xF3, 0xE9, 0xFA, 0xF6, 0xEC, 0xFF, 0xFF, 0xF3, 0xF9, 0xF4, 0xEA, 0xE8, 0xD2, 0xCD,
    0xFF, 0xFF, 0xF3, 0xFE, 0xFD, 0xF1, 0xF9, 0xF3, 0xE9, 0xF9, 0xF3, 0xE9, 0xFA, 0xF5, 0xEB, 0xFE,
    0xFE, 0xF2, 0xF9, 0xF3, 0xE9, 0xF9, 0xF3, 0xE9, 0xF8, 0xF1, 0xE7, 0xE8, 0xD2, 0xCD, 0xE2, 0xC4,
    0xC2, 0xE2, 0xC4, 0xC2, 0xE2, 0xC4, 0xC2, 0xE2, 0xC4, 0xC2, 0xE2, 0xC4, 0xC2, 0xE2, 0xC4, 0xC2,
    0xDD, 0xB7, 0xBC, 0xDD, 0xB7, 0xBC, 0xCF, 0x92, 0xAC, 0xDC, 0xB6, 0xBB, 0xE2, 0xC4, 0xC2, 0xDD,
    0xB8, 0xBC, 0xD0, 0x93, 0xAC, 0xDC, 0xB5, 0xBB, 0xD0, 0x95, 0xAD, 0xE0, 0xC0, 0xC0, 0xD1, 0x98,
    0xAE, 0xCF, 0x91, 0xAB, 0xDF, 0xBE, 0xBF, 0xDE, 0xB9, 0xBD, 0xE1, 0xC2, 0xC1, 0xD3, 0x9C, 0xB0,
    0xCA, 0x81, 0xA5, 0xD9, 0xAD, 0xB7, 0xCD, 0x8C, 0xAA, 0xC9, 0x7D, 0xA4, 0xD8, 0xAB, 0xB6, 0xCE,
    0x8F, 0xAA, 0xC9, 0x7D, 0xA4, 0xC9, 0x7D, 0xA4, 0xC9, 0x7D, 0xA4, 0xC9, 0x7D, 0xA4, 0xC9, 0x7D,
    0xA4, 0x9A, 0x54, 0x6F, 0xB3, 0x6A, 0x8C, 0xA7, 0x60, 0x7F, 0xB6, 0x6D, 0x90, 0xA9, 0x62, 0x81,
    0x95, 0x5F, 0x6B, 0x6E, 0x48, 0x4E, 0x5B, 0x24, 0x32, 0x83, 0x3C, 0x50, 0xAC, 0x6D, 0x85, 0xCF,
    0x91, 0xAB, 0xCF, 0x9D, 0xAD, 0xCE, 0xA1, 0xAC, 0xC9, 0x7D, 0xA4, 0xC5, 0x79, 0x9F, 0xBF, 0x75,
    0x9A, 0xB6, 0x6D, 0x8F, 0x96, 0x50, 0x6A, 0xC9, 0x7D, 0xA4, 0xC9, 0x7D, 0xA4, 0xC9, 0x7D, 0xA4,
    0xBA, 0x71, 0x94, 0x79, 0x30, 0x41, 0x76, 0x2F, 0x40, 0x61, 0x26, 0x35, 0x38, 0x16, 0x22, 0x77,
    0x2F, 0x40, 0x6C, 0x2A, 0x3A, 0x66, 0x28, 0x38, 0x44, 0x20, 0x2E, 0x6C, 0x40, 0x56, 0x8D, 0x47,
    0x5F, 0x67, 0x28, 0x38, 0x0B, 0x0A, 0x15, 0x13, 0x0B, 0x16, 0x3B, 0x17, 0x23, 0x0B, 0x0A, 0x15,
    0x10, 0x0B, 0x16, 0x3E, 0x18, 0x25, 0x6B, 0x2A, 0x3A, 0x0E, 0x0A, 0x15, 0x0C, 0x0A, 0x15, 0x0C,
    0x0A, 0x15, 0x3A, 0x17, 0x23, 0x0F, 0x0B, 0x16, 0x0A, 0x0A, 0x15, 0x6A, 0x2A, 0x39, 0x6D, 0x2B,
    0x3B, 0x41, 0x19, 0x26, 0x15, 0x0C, 0x17, 0x0C, 0x0A, 0x15, 0x37, 0x16, 0x22, 0x18, 0x0C, 0x17,
    0x0C, 0x0A, 0x15, 0x0C, 0x0A, 0x15, 0x63, 0x27, 0x36, 0x32, 0x14, 0x20, 0x62, 0x26, 0x35, 0x34,
    0x15, 0x21, 0x0C, 0x0A, 0x15, 0x60, 0x26, 0x34, 0x39, 0x16, 0x22, 0x0C, 0x0A, 0x15, 0x32, 0x14,
    0x20, 0x61, 0x26, 0x35, 0x3E, 0x18, 0x25, 0x5B, 0x24, 0x32, 0x4F, 0x1F, 0x2C, 0x5F, 0x25, 0x34,
    0x75, 0x2E, 0x3F, 0x79, 0x30, 0x41, 0x4D, 0x1E, 0x2B, 0x0C, 0x0A, 0x15, 0x60, 0x26, 0x34, 0x79,
    0x30, 0x41, 0x99, 0x53, 0x6E, 0xA2, 0x5E, 0x7C, 0x6D, 0x2B, 0x3B, 0x71, 0x2D, 0x3D, 0x79, 0x30,
    0x41, 0x79, 0x30, 0x41, 0x79, 0x30, 0x41, 0x79, 0x30, 0x41, 0xA1, 0x72, 0x79, 0xE0, 0xC0, 0xC2,
    0xEF, 0xE0, 0xD9, 0xF9, 0xF4, 0xEA, 0xE8, 0xD2, 0xCE, 0xEE, 0xDE, 0xD7, 0xFF, 0xFF, 0xF3, 0xFA,
    0xF6, 0xEC, 0xEC, 0xDA, 0xD4, 0xFA, 0xF6, 0xEC, 0xFB, 0xF8, 0xED, 0xE8, 0xD2, 0xCE, 0xE7, 0xD0,
    0xCC, 0xE6, 0xCC, 0xC8, 0xF6, 0xEF, 0xE5, 0xE2, 0xC4, 0xC2, 0xE2, 0xC4, 0xC2, 0xE4, 0xC9, 0xC6,
    0xF8, 0xF1, 0xE7, 0xE2, 0xC4, 0xC2, 0xE2, 0xC4, 0xC2, 0xE2, 0xC4, 0xC2, 0xE2, 0xC4, 0xC2, 0xE2,
    0xC4, 0xC2, 0xE2, 0xC3, 0xC2, 0xCF, 0x90, 0xAB, 0xCF, 0x90, 0xAB, 0xE2, 0xC3, 0xC2, 0xCF, 0x91,
    0xAB, 0xE1, 0xC3, 0xC1, 0xCA, 0x81, 0xA6, 0xE1, 0xC1, 0xC0, 0xCB, 0x84, 0xA6, 0xE0, 0xBF, 0xC0,
    0xDE, 0xB9, 0xBD, 0xDD, 0xB8, 0xBC, 0xE1, 0xC2, 0xC1, 0xE2, 0xC4, 0xC2, 0xCD, 0x8B, 0xA9, 0xDA,
    0xB0, 0xB8, 0xE1, 0xC2, 0xC1, 0xD3, 0x9C, 0xB0, 0xCF, 0x90, 0xAB, 0xCA, 0x81, 0xA6, 0xC9, 0x7D,
    0xA4, 0xC9, 0x7D, 0xA4, 0xC9, 0x7D, 0xA4, 0xC9, 0x7D, 0xA4, 0xC9, 0x7D, 0xA4, 0xCD, 0x8B, 0xA9,
    0xCB, 0x83, 0xA6, 0xCD, 0x8A, 0xA9, 0x9C, 0x5E, 0x73, 0xB3, 0x6A, 0x8C, 0xC1, 0x76, 0x9B, 0xBC,
    0x72, 0x96, 0xC4, 0x79, 0x9F, 0xD5, 0xA4, 0xB3, 0xAB, 0x7F, 0x85, 0x86, 0x4D, 0x57, 0xB0, 0x7A,
    0x8A, 0xD6, 0xA7, 0xB4, 0xDC, 0xBD, 0xBC, 0xBD, 0x96, 0x9A, 0xA9, 0x69, 0x81, 0xCD, 0x8A, 0xA9,
    0xB4, 0x6B, 0x8D, 0x98, 0x52, 0x6D, 0xB6, 0x6D, 0x8F, 0x96, 0x50, 0x6A, 0xCB, 0x82, 0xA6, 0xCF,
    0x90, 0xAB, 0xCF, 0x90, 0xAB, 0xBF, 0x81, 0x9A, 0x76, 0x2F, 0x40, 0x61, 0x26, 0x35, 0x1C, 0x0D,
    0x18, 0x47, 0x1C, 0x29, 0x63, 0x27, 0x36, 0x1A, 0x0D, 0x18, 0x48, 0x1C, 0x29, 0x88, 0x42, 0x58,
    0xC7, 0x7C, 0xA2, 0xAC, 0x6A, 0x8C, 0x09, 0x09, 0x14, 0x14, 0x0B, 0x16, 0x40, 0x19, 0x25, 0x6B,
    0x2A, 0x3A, 0x3D, 0x1A, 0x27, 0x64, 0x3C, 0x51, 0x6C, 0x2A, 0x3A, 0x0C, 0x0A, 0x15, 0x0C, 0x0A,
    0x15, 0x0C, 0x0A, 0x15, 0x0C, 0x0A, 0x15, 0x6C, 0x2B, 0x3B, 0x17, 0x0C, 0x17, 0x38, 0x16, 0x22,
    0x11, 0x0B, 0x16, 0x0A, 0x0A, 0x15, 0x74, 0x2E, 0x3F, 0x29, 0x11, 0x1C, 0x0B, 0x0A, 0x15, 0x72,
    0x2D, 0x3D, 0x30, 0x13, 0x1F, 0x0C, 0x0A, 0x15, 0x0C, 0x0A, 0x15, 0x0C, 0x0A, 0x15, 0x0C, 0x0A,
    0x15, 0x0C, 0x0A, 0x15, 0x0C, 0x0A, 0x15, 0x32, 0x14, 0x20, 0x1D, 0x0E, 0x19, 0x0C, 0x0A, 0x15,
    0x0C, 0x0A, 0x15, 0x5E, 0x25, 0x34, 0x3D, 0x18, 0x24, 0x0C, 0x0A, 0x15, 0x30, 0x13, 0x1F, 0x60,
    0x26, 0x34, 0x42, 0x1A, 0x27, 0x5A, 0x23, 0x31, 0x75, 0x2E, 0x3F, 0x4D, 0x1E, 0x2B, 0x2D, 0x12,
    0x1E, 0x65, 0x28, 0x37, 0x79, 0x30, 0x41, 0x79, 0x30, 0x41, 0x66, 0x28, 0x37, 0x39, 0x16, 0x23,
    0x58, 0x22, 0x30, 0x79, 0x30, 0x41, 0x79, 0x30, 0x41, 0x79, 0x30, 0x41, 0x79, 0x30, 0x41, 0x9A,
    0x5B, 0x70, 0xDE, 0xB9, 0xC3, 0xFE, 0xFC, 0xF1, 0xFA, 0xF5, 0xEA, 0xFB, 0xF7, 0xED, 0xFE, 0xFD,
    0xF1, 0xFA, 0xF5, 0xEA, 0xFA, 0xF5, 0xEA, 0xF5, 0xEC, 0xE3, 0xE7, 0xCF, 0xCB, 0xFA, 0xF5, 0xEA,
    0xFA, 0xF5, 0xEA, 0xF6, 0xEE, 0xE5, 0xE2, 0xC4, 0xC2, 0xE2, 0xC4, 0xC2, 0xE2, 0xC4, 0xC2, 0xE2,
    0xC4, 0xC2, 0xE2, 0xC4, 0xC2, 0xE2, 0xC4, 0xC2, 0xE2, 0xC4, 0xC2, 0xE2, 0xC4, 0xC2, 0xE2, 0xC4,
    0xC2, 0xE2, 0xC4, 0xC2, 0xDD, 0xB9, 0xBD, 0xDD, 0xB9, 0xBD, 0xE2, 0xC4, 0xC2, 0xDD, 0xB9, 0xBD,
    0xE2, 0xC4, 0xC2, 0xE2, 0xC4, 0xC2, 0xE2, 0xC4, 0xC2, 0xCF, 0x92, 0xAC, 0xDC, 0xB7, 0xBC, 0xCF,
    0x92, 0xAC, 0xE0, 0xC0, 0xC0, 0xCC, 0x87, 0xA7, 0xC9, 0x7D, 0xA4, 0xDB, 0xB2, 0xBA, 0xE1, 0xC2,
    0xC1, 0xCD, 0x8B, 0xA9, 0xC9, 0x7D, 0xA4, 0xDA, 0xB0, 0xB8, 0xE1, 0xC2, 0xC1, 0xDE, 0xBB, 0xBE,
    0xCE, 0x8D, 0xAA, 0xCD, 0x8B, 0xA9, 0xCA, 0x82, 0xA6, 0xCD, 0x8B, 0xA9, 0xCA, 0x82, 0xA6, 0xCD,
    0x8A, 0xA9, 0xDC, 0xB6, 0xBB, 0xD5, 0xA2, 0xB2, 0xDC, 0xB5, 0xBB, 0xA6, 0x7D, 0x80, 0xB3, 0x6A,
    0x8C, 0xA6, 0x5F, 0x7E, 0x93, 0x5C, 0x67, 0xBB, 0x81, 0x96, 0xC4, 0x7F, 0x9F, 0x99, 0x53, 0x6E,
    0xAE, 0x88, 0x8A, 0xE2, 0xC4, 0xC2, 0xE0, 0xC0, 0xC0, 0xC4, 0x9A, 0xA1, 0xA9, 0x69, 0x81, 0xD4,
    0x9F, 0xB1, 0xD8, 0xAC, 0xB7, 0xBC, 0x7D, 0x97, 0xA3, 0x5D, 0x7A, 0xBA, 0x70, 0x94, 0xA2, 0x5B,
    0x78, 0xD0, 0x95, 0xAD, 0xE2, 0xC4, 0xC2, 0xE2, 0xC4, 0xC2, 0xCE, 0xAF, 0xAE, 0x65, 0x27, 0x37,
    0x39, 0x16, 0x23, 0x47, 0x1C, 0x29, 0x66, 0x28, 0x37, 0x39, 0x16, 0x23, 0x48, 0x1C, 0x29, 0x79,
    0x30, 0x41, 0x84, 0x3E, 0x53, 0xAC, 0x6A, 0x8C, 0x0A, 0x09, 0x14, 0x0C, 0x0A, 0x15, 0x22, 0x0F,
    0x1A, 0x6B, 0x2A, 0x3A, 0x3E, 0x18, 0x25, 0x7D, 0x35, 0x48, 0xBA, 0x71, 0x95, 0x09, 0x09, 0x14,
    0x0C, 0x0A, 0x15, 0x0C, 0x0A, 0x15, 0x0C, 0x0A, 0x15, 0x0C, 0x0A, 0x15, 0x0C, 0x0A, 0x15, 0x0A,
    0x0A, 0x15, 0x6C, 0x2B, 0x3A, 0x1D, 0x0E, 0x19, 0x0A, 0x0A, 0x15, 0x74, 0x2E, 0x3F, 0x29, 0x11,
    0x1C, 0x0C, 0x0A, 0x15, 0x68, 0x29, 0x38, 0x42, 0x1A, 0x27, 0x18, 0x0C, 0x17, 0x0C, 0x0A, 0x15,
    0x32, 0x14, 0x20, 0x1A, 0x0D, 0x18, 0x0C, 0x0A, 0x15, 0x31, 0x14, 0x20, 0x65, 0x28, 0x37, 0x38,
    0x16, 0x22, 0x30, 0x13, 0x1F, 0x37, 0x16, 0x22, 0x1E, 0x0E, 0x19, 0x0C, 0x0A, 0x15, 0x0C, 0x0A,
    0x15, 0x5D, 0x24, 0x33, 0x41, 0x1A, 0x26, 0x2D, 0x12, 0x1E, 0x37, 0x16, 0x22, 0x5F, 0x25, 0x34,
    0x51, 0x20, 0x2D, 0x66, 0x28, 0x37, 0x79, 0x30, 0x41, 0x73, 0x2D, 0x3E, 0x73, 0x2D, 0x3E, 0x79,
    0x30, 0x41, 0x75, 0x2E, 0x3F, 0x7B, 0x37, 0x4B, 0x86, 0x3F, 0x55, 0x79, 0x30, 0x41, 0x79, 0x30,
    0x41, 0x79, 0x30, 0x41, 0xA3, 0x79, 0x7C, 0xE9, 0xD4, 0xCF, 0xF4, 0xE9, 0xE0, 0xE4, 0xC7, 0xC5,
    0xED, 0xDB, 0xD5, 0xF4, 0xEB, 0xE2, 0xE3, 0xC7, 0xC4, 0xE8, 0xD1, 0xCC, 0xE8, 0xD1, 0xCC, 0xE7,
    0xCE, 0xCA, 0xE2, 0xC4, 0xC2, 0xE2, 0xC4, 0xC2, 0xE2, 0xC4, 0xC2, 0xE2, 0xC4, 0xC2, 0xE2, 0xC4,
    0xC2, 0xE2, 0xC4, 0xC2, 0xE2, 0xC4, 0xC2, 0xE2, 0xC4, 0xC2, 0xE2, 0xC4, 0xC2, 0xE2, 0xC4, 0xC2,
    0xE2, 0xC4, 0xC2, 0xE2, 0xC4, 0xC2, 0xE1, 0xC3, 0xC1, 0xCE, 0x8E, 0xAA, 0xCE, 0x8E, 0xAA, 0xE2,
    0xC3, 0xC2, 0xCE, 0x8F, 0xAA, 0xE2, 0xC3, 0xC2, 0xE2, 0xC4, 0xC2, 0xDE, 0xBA, 0xBD, 0xE2, 0xC4,
    0xC2, 0xCF, 0x92, 0xAC, 0xDC, 0xB7, 0xBC, 0xE2, 0xC3, 0xC2, 0xD0, 0x95, 0xAD, 0xCE, 0x8E, 0xAA,
    0xCA, 0x7F, 0xA5, 0xDF, 0xBC, 0xBE, 0xCD, 0x8B, 0xA9, 0xCD, 0x8B, 0xA9, 0xCE, 0x8E, 0xAA, 0xDB,
    0xB2, 0xB9, 0xD1, 0x98, 0xAE, 0xCA, 0x81, 0xA5, 0xD9, 0xAE, 0xB8, 0xD2, 0x9A, 0xAF, 0xDD, 0xB8,
    0xBC, 0xD0, 0x94, 0xAD, 0xDB, 0xB4, 0xBA, 0xE2, 0xC4, 0xC2, 0xE2, 0xC4, 0xC2, 0xD8, 0xB9, 0xB8,
    0x9F, 0x73, 0x77, 0xAA, 0x62, 0x82, 0xC8, 0x85, 0xA4, 0xDF, 0xBB, 0xC0, 0xDC, 0xC0, 0xBD, 0xA5,
    0x7B, 0x7E, 0x85, 0x3E, 0x54, 0xB6, 0x8C, 0x92, 0xE2, 0xC4, 0xC2, 0xD9, 0xAD, 0xB7, 0xCB, 0x84,
    0xA6, 0xD6, 0xA4, 0xB3, 0xDA, 0xAF, 0xB8, 0xD2, 0x9A, 0xAF, 0xDA, 0xB1, 0xB9, 0xCB, 0x83, 0xA6,
    0xCC, 0x89, 0xA8, 0xC9, 0x7D, 0xA4, 0xD0, 0x95, 0xAD, 0xE2, 0xC4, 0xC2, 0xDF, 0xC0, 0xBE, 0xBD,
    0xA0, 0x9F, 0x48, 0x1C, 0x29, 0x6E, 0x2B, 0x3C, 0x63, 0x27, 0x36, 0x38, 0x16, 0x22, 0x77, 0x2F,
    0x40, 0x6E, 0x2B, 0x3C, 0x6E, 0x2B, 0x3C, 0x67, 0x28, 0x38, 0x0C, 0x0A, 0x15, 0x15, 0x0C, 0x17,
    0x35, 0x15, 0x21, 0x0C, 0x0A, 0x15, 0x29, 0x14, 0x20, 0x8B, 0x45, 0x5D, 0x6E, 0x2B, 0x3B, 0x6D,
    0x2B, 0x3B, 0x0B, 0x0A, 0x15, 0x0D, 0x0A, 0x15, 0x37, 0x16, 0x22, 0x0C, 0x0A, 0x15, 0x0C, 0x0A,
    0x15, 0x0C, 0x0A, 0x15, 0x34, 0x15, 0x21, 0x10, 0x0B, 0x16, 0x0C, 0x0A, 0x15, 0x33, 0x14, 0x20,
    0x6C, 0x2A, 0x3A, 0x25, 0x10, 0x1B, 0x0C, 0x0A, 0x15, 0x0C, 0x0A, 0x15, 0x68, 0x29, 0x38, 0x2E,
    0x13, 0x1E, 0x0C, 0x0A, 0x15, 0x6F, 0x2C, 0x3C, 0x48, 0x1C, 0x29, 0x1A, 0x0D, 0x18, 0x6D, 0x2B,
    0x3B, 0x4B, 0x1D, 0x2A, 0x1B, 0x0D, 0x18, 0x61, 0x26, 0x35, 0x6F, 0x2C, 0x3C, 0x3D, 0x18, 0x24,
    0x0C, 0x0A, 0x15, 0x0C, 0x0A, 0x15, 0x2D, 0x12, 0x1E, 0x20, 0x0E, 0x1A, 0x5C, 0x24, 0x32, 0x6F,
    0x2C, 0x3C, 0x50, 0x1F, 0x2D, 0x66, 0x28, 0x37, 0x79, 0x30, 0x41, 0x73, 0x2E, 0x3E, 0x53, 0x20,
    0x2E, 0x64, 0x2F, 0x41, 0x84, 0x3E, 0x53, 0x6F, 0x33, 0x45, 0x91, 0x59, 0x76, 0xB2, 0x69, 0x8B,
    0x79, 0x30, 0x41, 0x79, 0x30, 0x41, 0x76, 0x2F, 0x3F, 0x9E, 0x78, 0x7B, 0xE2, 0xC4, 0xC2, 0xE2,
    0xC4, 0xC2, 0xE9, 0xD3, 0xCE, 0xF4, 0xEB, 0xE2, 0xE2, 0xC4, 0xC2, 0xE8, 0xD1, 0xCC, 0xFA, 0xF6,
    0xEC, 0xFA, 0xF6, 0xEC, 0xF6, 0xED, 0xE4, 0xE2, 0xC4, 0xC2, 0xE2, 0xC4, 0xC2, 0xE2, 0xC4, 0xC2,
    0xE2, 0xC4, 0xC2, 0xE2, 0xC4, 0xC2, 0xE2, 0xC4, 0xC2, 0xE2, 0xC4, 0xC2, 0xE2, 0xC4, 0xC2, 0xE2,
    0xC4, 0xC2, 0xE2, 0xC4, 0xC2, 0xE2, 0xC4, 0xC2, 0xDE, 0xBB, 0xBD, 0xE2, 0xC4, 0xC2, 0xDE, 0xBA,
    0xBD, 0xE2, 0xC4, 0xC2, 0xDE, 0xBA, 0xBD, 0xDE, 0xBA, 0xBD, 0xE2, 0xC4, 0xC2, 0xE2, 0xC4, 0xC2,
    0xCA, 0x80, 0xA5, 0xDD, 0xB8, 0xBC, 0xE2, 0xC4, 0xC2, 0xCB, 0x84, 0xA6, 0xDC, 0xB6, 0xBB, 0xDE,
    0xBA, 0xBD, 0xE2, 0xC3, 0xC1, 0xCD, 0x89, 0xA8, 0xDB, 0xB3, 0xBA, 0xD0, 0x95, 0xAD, 0xDB, 0xB3,
    0xBA, 0xE1, 0xC2, 0xC1, 0xCE, 0x8E, 0xAA, 0xDA, 0xB0, 0xB8, 0xD1, 0x98, 0xAE, 0xCA, 0x81, 0xA5,
    0xDC, 0xB6, 0xBB, 0xE2, 0xC4, 0xC2, 0xD3, 0x9E, 0xB1, 0xD3, 0xAB, 0xB1, 0xDE, 0xC0, 0xBE, 0xDF,
    0xBD, 0xBF, 0xAF, 0x86, 0x8A, 0x82, 0x45, 0x50, 0x8A, 0x54, 0x5C, 0xCA, 0xA9, 0xA9, 0xEA, 0xDE,
    0xD6, 0xB3, 0x9D, 0x99, 0x79, 0x30, 0x41, 0xB2, 0x72, 0x8B, 0xD6, 0xA6, 0xB4, 0xE0, 0xC0, 0xC0,
    0xD2, 0xA4, 0xB0, 0xCB, 0x94, 0xA8, 0xDB, 0xB8, 0xBA, 0xD1, 0xA4, 0xAF, 0xCD, 0x93, 0xAA, 0xD2,
    0xA9, 0xB1, 0xD4, 0xA1, 0xB2, 0xDB, 0xB2, 0xBA, 0xC9, 0x7D, 0xA4, 0xD0, 0x95, 0xAD, 0xDF, 0xC0,
    0xBE, 0xC2, 0xA1, 0xA1, 0x71, 0x2D, 0x3D, 0x6C, 0x2B, 0x3A, 0x0C, 0x0A, 0x15, 0x1A, 0x0D, 0x18,
    0x48, 0x1C, 0x29, 0x6F, 0x2C, 0x3C, 0x18, 0x0C, 0x17, 0x35, 0x15, 0x21, 0x32, 0x14, 0x20, 0x0C,
    0x0A, 0x15, 0x28, 0x11, 0x1C, 0x6A, 0x2A, 0x39, 0x0B, 0x0A, 0x15, 0x36, 0x20, 0x2F, 0xB4, 0x70,
    0x93, 0x06, 0x08, 0x12, 0x0C, 0x0A, 0x15, 0x0E, 0x0A, 0x15, 0x37, 0x16, 0x22, 0x6F, 0x2C, 0x3C,
    0x0C, 0x0A, 0x15, 0x0C, 0x0A, 0x15, 0x0B, 0x0A, 0x15, 0x6E, 0x2C, 0x3C, 0x1B, 0x0D, 0x18, 0x0A,
    0x0A, 0x15, 0x6C, 0x2B, 0x3B, 0x23, 0x0F, 0x1B, 0x31, 0x14, 0x1F, 0x14, 0x0B, 0x16, 0x30, 0x13,
    0x1F, 0x16, 0x0C, 0x17, 0x0C, 0x0A, 0x15, 0x0C, 0x0A, 0x15, 0x66, 0x28, 0x38, 0x70, 0x2C, 0x3C,
    0x45, 0x1B, 0x28, 0x67, 0x28, 0x38, 0x70, 0x2C, 0x3C, 0x39, 0x16, 0x23, 0x0C, 0x0A, 0x15, 0x0C,
    0x0A, 0x15, 0x0C, 0x0A, 0x15, 0x0C, 0x0A, 0x15, 0x0C, 0x0A, 0x15, 0x66, 0x28, 0x37, 0x48, 0x1C,
    0x29, 0x0C, 0x0A, 0x15, 0x2A, 0x11, 0x1D, 0x5F, 0x25, 0x34, 0x70, 0x2C, 0x3C, 0x76, 0x2F, 0x3F,
    0x57, 0x22, 0x30, 0x64, 0x27, 0x36, 0x9A, 0x54, 0x70, 0xAD, 0x65, 0x85, 0xA8, 0x67, 0x80, 0xCC,
    0x86, 0xA7, 0xB6, 0x6D, 0x8F, 0x84, 0x3E, 0x53, 0x79, 0x30, 0x41, 0x69, 0x29, 0x39, 0x8A, 0x74,
    0x74, 0xE2, 0xC4, 0xC2, 0xE2, 0xC4, 0xC2, 0xE2, 0xC4, 0xC2, 0xE2, 0xC4, 0xC2, 0xE2, 0xC4, 0xC2,
    0xE1, 0xC2, 0xC1, 0xDF, 0xBD, 0xBF, 0xE2, 0xC4, 0xC2, 0xE1, 0xC2, 0xC1, 0xDF, 0xBD, 0xBE, 0xE2,
    0xC4, 0xC2, 0xE2, 0xC4, 0xC2, 0xE2, 0xC4, 0xC2, 0xE2, 0xC4, 0xC2, 0xE2, 0xC4, 0xC2, 0xE2, 0xC4,
    0xC2, 0xE2, 0xC4, 0xC2, 0xE2, 0xC4, 0xC2, 0xE2, 0xC4, 0xC2, 0xE1, 0xC2, 0xC1, 0xCE, 0x8D, 0xAA,
    0xDE, 0xBA, 0xBD, 0xCE, 0x8D, 0xAA, 0xE2, 0xC3, 0xC2, 0xCD, 0x8C, 0xA9, 0xC9, 0x7D, 0xA4, 0xDE,
    0xBA, 0xBD, 0xE2, 0xC4, 0xC2, 0xCE, 0x8E, 0xAA, 0xCD, 0x8B, 0xA9, 0xDD, 0xB9, 0xBD, 0xCB, 0x83,
    0xA6, 0xCD, 0x8A, 0xA9, 0xC9, 0x7E, 0xA4, 0xDF, 0xBD, 0xBF, 0xD0, 0x94, 0xAD, 0xCA, 0x7F, 0xA5,
    0xDE, 0xBB, 0xBE, 0xCE, 0x8D, 0xAA, 0xDE, 0xBA, 0xBD, 0xCE, 0x8E, 0xAA, 0xCC, 0x89, 0xA8, 0xDE,
    0xBA, 0xBD, 0xD2, 0x9B, 0xAF, 0xDD, 0xB8, 0xBC, 0xDF, 0xBD, 0xBF, 0xE1, 0xC2, 0xC1, 0xAD, 0x85,
    0x88, 0xCE, 0xAE, 0xAD, 0xD4, 0xA0, 0xB1, 0xDC, 0xB4, 0xBB, 0xA6, 0x7D, 0x80, 0xCA, 0xAD, 0xAB,
    0xE1, 0xC2, 0xC3, 0xA8, 0x7D, 0x82, 0x84, 0x3D, 0x52, 0x93, 0x66, 0x6D, 0xCC, 0xB2, 0xAF, 0xE3,
    0xC7, 0xC6, 0xD6, 0xA6, 0xB4, 0xAF, 0x67, 0x88, 0x9D, 0x57, 0x74, 0xB5, 0x6C, 0x8F, 0xA6, 0x64,
    0x7D, 0xBB, 0x7E, 0x96, 0xB1, 0x8A, 0x8C, 0xE2, 0xC4, 0xC2, 0xDB, 0xB2, 0xBA, 0xC9, 0x7D, 0xA4,
    0xCD, 0x90, 0xA9, 0xC3, 0xA1, 0xA1, 0x6A, 0x2A, 0x3A, 0x3E, 0x18, 0x25, 0x6C, 0x2B, 0x3A, 0x19,
    0x0D, 0x18, 0x48, 0x1C, 0x29, 0x77, 0x2F, 0x40, 0x66, 0x28, 0x38, 0x34, 0x15, 0x21, 0x78, 0x2F,
    0x40, 0x6A, 0x2A, 0x39, 0x30, 0x13, 0x1F, 0x14, 0x0B, 0x16, 0x31, 0x14, 0x1F, 0x12, 0x0B, 0x16,
    0x31, 0x14, 0x20, 0x0C, 0x0A, 0x15, 0x0C, 0x0A, 0x15, 0x0C, 0x0A, 0x15, 0x15, 0x0C, 0x17, 0x6F,
    0x2C, 0x3C, 0x0E, 0x0A, 0x15, 0x0C, 0x0A, 0x15, 0x0C, 0x0A, 0x15, 0x0C, 0x0A, 0x15, 0x30, 0x13,
    0x1F, 0x0F, 0x0B, 0x16, 0x0C, 0x0A, 0x15, 0x2F, 0x13, 0x1F, 0x11, 0x0B, 0x16, 0x6C, 0x2A, 0x3A,
    0x28, 0x11, 0x1C, 0x6A, 0x2A, 0x39, 0x3F, 0x19, 0x25, 0x15, 0x0C, 0x17, 0x2D, 0x12, 0x1E, 0x17,
    0x0C, 0x17, 0x0C, 0x0A, 0x15, 0x66, 0x28, 0x37, 0x37, 0x16, 0x22, 0x0C, 0x0A, 0x15, 0x2B, 0x12,
    0x1D, 0x1A, 0x0D, 0x18, 0x2A, 0x12, 0x1D, 0x31, 0x14, 0x1F, 0x1C, 0x0D, 0x18, 0x0C, 0x0A, 0x15,
    0x5F, 0x25, 0x34, 0x43, 0x1A, 0x27, 0x0C, 0x0A, 0x15, 0x63, 0x27, 0x36, 0x4C, 0x1E, 0x2B, 0x0C,
    0x0A, 0x15, 0x61, 0x26, 0x35, 0x79, 0x30, 0x41, 0x79, 0x30, 0x41, 0x82, 0x45, 0x50, 0xA9, 0x6A,
    0x81, 0xD2, 0x99, 0xAF, 0xD7, 0xA8, 0xB5, 0xCA, 0x82, 0xA6, 0xB4, 0x74, 0x8F, 0x74, 0x2E, 0x3E,
    0x79, 0x30, 0x41, 0xA3, 0x79, 0x7C, 0xE2, 0xC4, 0xC2, 0xE1, 0xC2, 0xC1, 0xDF, 0xBC, 0xBE, 0xE0,
    0xBE, 0xBF, 0xE2, 0xC4, 0xC2, 0xDD, 0xB7, 0xBC, 0xCE, 0x8E, 0xAA, 0xDF, 0xBE, 0xBF, 0xDD, 0xB9,
    0xBD, 0xCE, 0x8E, 0xAA, 0xE2, 0xC4, 0xC2, 0xE1, 0xC3, 0xC1, 0xDF, 0xBD, 0xBF, 0xE2, 0xC4, 0xC2,
    0xE2, 0xC4, 0xC2, 0xE2, 0xC3, 0xC2, 0xDF, 0xBD, 0xBE, 0xE2, 0xC3, 0xC2, 0xDF, 0xBC, 0xBE, 0xE2,
    0xC4, 0xC2, 0xE1, 0xC2, 0xC1, 0xCA, 0x7F, 0xA5, 0xDF, 0xBC, 0xBE, 0xDF, 0xBC, 0xBE, 0xE2, 0xC4,
    0xC2, 0xCD, 0x8B, 0xA9, 0xCD, 0x8A, 0xA9, 0xE1, 0xC3, 0xC1, 0xDF, 0xBC, 0xBE, 0xDF, 0xBC, 0xBE,
    0xCE, 0x8E, 0xAA, 0xCD, 0x8A, 0xA9, 0xDD, 0xB8, 0xBC, 0xCF, 0x90, 0xAB, 0xDD, 0xB7, 0xBC, 0xDF,
    0xBC, 0xBE, 0xD0, 0x93, 0xAC, 0xDF, 0xBC, 0xBE, 0xD1, 0x96, 0xAD, 0xDC, 0xB4, 0xBA, 0xD0, 0x96,
    0xAD, 0xDE, 0xBA, 0xBD, 0xE2, 0xC4, 0xC2, 0xE2, 0xC4, 0xC2, 0xE2, 0xC4, 0xC2, 0xD0, 0x93, 0xAC,
    0xD9, 0xAE, 0xB8, 0xE1, 0xC2, 0xC1, 0xE2, 0xC4, 0xC2, 0xE0, 0xBE, 0xBF, 0xE1, 0xC1, 0xC1, 0xB0,
    0x8A, 0x8C, 0xDD, 0xD3, 0xCB, 0xDD, 0xB6, 0xC2, 0x9D, 0x57, 0x73, 0xB6, 0x7E, 0x94, 0xEC, 0xD9,
    0xD8, 0xF9, 0xF4, 0xEB, 0xE3, 0xCB, 0xCE, 0xC0, 0x76, 0x9B, 0xAD, 0x65, 0x86, 0xA5, 0x5E, 0x7C,
    0xC9, 0x7D, 0xA4, 0xD1, 0x97, 0xAE, 0xE1, 0xC2, 0xC2, 0xE5, 0xCB, 0xC7, 0xE3, 0xC7, 0xC5, 0xDC,
    0xB9, 0xBD, 0xC0, 0x76, 0x9B, 0xB0, 0x68, 0x89, 0x77, 0x2F, 0x40, 0x63, 0x27, 0x36, 0x3E, 0x18,
    0x25, 0x6C, 0x2B, 0x3A, 0x3B, 0x17, 0x23, 0x79, 0x30, 0x41, 0x70, 0x2C, 0x3C, 0x2C, 0x12, 0x1E,
    0x34, 0x15, 0x21, 0x70, 0x2C, 0x3D, 0x2D, 0x12, 0x1E, 0x6A, 0x2A, 0x39, 0x28, 0x11, 0x1C, 0x6C,
    0x2A, 0x3A, 0x23, 0x0F, 0x1A, 0x6D, 0x2B, 0x3B, 0x0E, 0x0A, 0x15, 0x30, 0x13, 0x1F, 0x0C, 0x0A,
    0x15, 0x0C, 0x0A, 0x15, 0x0C, 0x0A, 0x15, 0x0C, 0x0A, 0x15, 0x0C, 0x0A, 0x15, 0x0C, 0x0A, 0x15,
    0x0B, 0x0A, 0x15, 0x77, 0x2F, 0x40, 0x1D, 0x0E, 0x19, 0x0A, 0x0A, 0x15, 0x6E, 0x2B, 0x3C, 0x24,
    0x0F, 0x1B, 0x0C, 0x0A, 0x15, 0x0C, 0x0A, 0x15, 0x0C, 0x0A, 0x15, 0x6A, 0x2A, 0x39, 0x2F, 0x13,
    0x1F, 0x69, 0x29, 0x39, 0x33, 0x14, 0x20, 0x0C, 0x0A, 0x15, 0x0C, 0x0A, 0x15, 0x29, 0x11, 0x1D,
    0x18, 0x0C, 0x17, 0x65, 0x28, 0x37, 0x3B, 0x17, 0x24, 0x63, 0x27, 0x36, 0x72, 0x2D, 0x3D, 0x40,
    0x19, 0x25, 0x0C, 0x0A, 0x15, 0x27, 0x10, 0x1C, 0x1C, 0x0D, 0x18, 0x0C, 0x0A, 0x15, 0x5D, 0x24,
    0x33, 0x47, 0x1C, 0x29, 0x25, 0x10, 0x1B, 0x64, 0x27, 0x36, 0x75, 0x2E, 0x3F, 0x72, 0x2D, 0x3D,
    0xAB, 0x86, 0x88, 0xDA, 0xB0, 0xB8, 0xCB, 0x84, 0xA7, 0xCA, 0x82, 0xA6, 0xD4, 0xA1, 0xB2, 0xBD,
    0xA2, 0xA1, 0x51, 0x20, 0x2D, 0x79, 0x30, 0x41, 0xA2, 0x74, 0x7A, 0xDF, 0xBD, 0xBF, 0xDA, 0xB0,
    0xB9, 0xCB, 0x86, 0xA7, 0xCF, 0x91, 0xAB, 0xE0, 0xBF, 0xBF, 0xDD, 0xB9, 0xBD, 0xCC, 0x86, 0xA7,
    0xCE, 0x8F, 0xAB, 0xDE, 0xBA, 0xBD, 0xD1, 0x96, 0xAD, 0xE1, 0xC3, 0xC1, 0xDC, 0xB5, 0xBB, 0xCD,
    0x8A, 0xA9, 0xE2, 0xC3, 0xC2, 0xDF, 0xBE, 0xBF, 0xE0, 0xBE, 0xBF, 0xCB, 0x85, 0xA7, 0xE0, 0xC0,
    0xC0, 0xCB, 0x83, 0xA6, 0xE2, 0xC4, 0xC2, 0xDE, 0xBB, 0xBE, 0xCC, 0x89, 0xA8, 0xCC, 0x89, 0xA8,
    0xC9, 0x7E, 0xA4, 0xDF, 0xBD, 0xBE, 0xE2, 0xC4, 0xC2, 0xE2, 0xC4, 0xC2, 0xE2, 0xC4, 0xC2, 0xCD,
    0x8C, 0xA9, 0xCC, 0x88, 0xA8, 0xE1, 0xC1, 0xC1, 0xE2, 0xC4, 0xC2, 0xCE, 0x8F, 0xAB, 0xDD, 0xB8,
    0xBC, 0xCF, 0x90, 0xAB, 0xCC, 0x89, 0xA8, 0xDF, 0xBD, 0xBF, 0xE2, 0xC4, 0xC2, 0xE2, 0xC4, 0xC2,
    0xD1, 0x96, 0xAD, 0xDE, 0xBA, 0xBD, 0xE2, 0xC4, 0xC2, 0xE2, 0xC4, 0xC2, 0xE2, 0xC4, 0xC2, 0xE2,
    0xC4, 0xC2, 0xD2, 0x9B, 0xAF, 0xCC, 0x89, 0xA8, 0xDC, 0xB6, 0xBB, 0xE2, 0xC4, 0xC2, 0xD1, 0x97,
    0xAE, 0xDA, 0xB1, 0xB9, 0xE0, 0xBF, 0xC0, 0xDF, 0xBD, 0xBF, 0xCD, 0x95, 0xA9, 0x99, 0x53, 0x6E,
    0xD8, 0xD0, 0xC7, 0xE9, 0xD8, 0xD2, 0xCB, 0x96, 0xA8, 0xAC, 0x65, 0x85, 0x87, 0x40, 0x56, 0xA5,
    0x5E, 0x7C, 0xCA, 0x82, 0xA6, 0xCC, 0x89, 0xA8, 0xCC, 0x89, 0xA8, 0xDE, 0xB9, 0xC3, 0xF4, 0xE9,
    0xE1, 0xEA, 0xD6, 0xD1, 0xDF, 0xD6, 0xCD, 0x79, 0x30, 0x41, 0x77, 0x2F, 0x40, 0x63, 0x27, 0x36,
    0x19, 0x0D, 0x18, 0x49, 0x1C, 0x29, 0x6E, 0x2B, 0x3B, 0x44, 0x1A, 0x27, 0x72, 0x2D, 0x3D, 0x72,
    0x2D, 0x3D, 0x68, 0x29, 0x38, 0x3A, 0x1B, 0x28, 0x7D, 0x3B, 0x50, 0x14, 0x0B, 0x17, 0x2E, 0x13,
    0x1E, 0x2C, 0x12, 0x1D, 0x0C, 0x0A, 0x15, 0x11, 0x0B, 0x16, 0x2D, 0x12, 0x1E, 0x1E, 0x0E, 0x19,
    0x70, 0x2C, 0x3C, 0x2D, 0x12, 0x1E, 0x0C, 0x0A, 0x15, 0x0C, 0x0A, 0x15, 0x0C, 0x0A, 0x15, 0x0C,
    0x0A, 0x15, 0x0C, 0x0A, 0x15, 0x0B, 0x0A, 0x15, 0x71, 0x2D, 0x3D, 0x1B, 0x0D, 0x18, 0x2A, 0x12,
    0x1D, 0x0F, 0x0B, 0x16, 0x2A, 0x11, 0x1D, 0x11, 0x0B, 0x16, 0x0C, 0x0A, 0x15, 0x29, 0x11, 0x1C,
    0x13, 0x0B, 0x16, 0x0C, 0x0A, 0x15, 0x0C, 0x0A, 0x15, 0x0C, 0x0A, 0x15, 0x0C, 0x0A, 0x15, 0x0C,
    0x0A, 0x15, 0x6D, 0x2B, 0x3B, 0x3C, 0x18, 0x24, 0x0C, 0x0A, 0x15, 0x0C, 0x0A, 0x15, 0x0C, 0x0A,
    0x15, 0x0B, 0x0A, 0x15, 0x0C, 0x0A, 0x15, 0x0C, 0x0A, 0x15, 0x61, 0x26, 0x35, 0x4C, 0x1E, 0x2B,
    0x1B, 0x0D, 0x18, 0x23, 0x0F, 0x1B, 0x1B, 0x0D, 0x18, 0x61, 0x26, 0x35, 0x79, 0x30, 0x41, 0x55,
    0x21, 0x2F, 0x1D, 0x0E, 0x19, 0x8F, 0x7C, 0x7B, 0xD7, 0xBA, 0xB8, 0xCE, 0xA4, 0xAE, 0xC8, 0x94,
    0xA7, 0xD7, 0xBA, 0xB8, 0xBD, 0x9C, 0x9C, 0x79, 0x30, 0x41, 0x79, 0x30, 0x41, 0x94, 0x4F, 0x68,
    0xC2, 0x77, 0x9D, 0xCB, 0x90, 0xA7, 0xDA, 0xB1, 0xB9, 0xCC, 0x87, 0xA8, 0xD1, 0x97, 0xAE, 0xDF,
    0xBE, 0xBF, 0xDB, 0xB4, 0xBA, 0xD0, 0x95, 0xAD, 0xDF, 0xBE, 0xBF, 0xDF, 0xBE, 0xBF, 0xDC, 0xB6,
    0xBB, 0xCC, 0x87, 0xA8, 0xCF, 0x92, 0xAC, 0xDF, 0xBD, 0xBF, 0xCF, 0x90, 0xAB, 0xE0, 0xBF, 0xC0,
    0xCE, 0x8E, 0xAA, 0xE0, 0xC0, 0xC0, 0xCD, 0x8B, 0xA9, 0xDE, 0xBB, 0xBE, 0xCA, 0x80, 0xA5, 0xE2,
    0xC4, 0xC2, 0xE2, 0xC3, 0xC2, 0xC9, 0x7D, 0xA4, 0xCC, 0x88, 0xA8, 0xE2, 0xC3, 0xC2, 0xE2, 0xC4,
    0xC2, 0xE2, 0xC4, 0xC2, 0xE2, 0xC4, 0xC2, 0xE2, 0xC4, 0xC2, 0xE2, 0xC4, 0xC2, 0xE2, 0xC4, 0xC2,
    0xE2, 0xC4, 0xC2, 0xCE, 0x8F, 0xAB, 0xE0, 0xBE, 0xBF, 0xE2, 0xC4, 0xC2, 0xE2, 0xC4, 0xC2, 0xE2,
    0xC4, 0xC2, 0xE2, 0xC4, 0xC2, 0xE2, 0xC4, 0xC2, 0xE2, 0xC4, 0xC2, 0xE2, 0xC4, 0xC2, 0xE2, 0xC4,
    0xC2, 0xE2, 0xC4, 0xC2, 0xE2, 0xC4, 0xC2, 0xE2, 0xC4, 0xC2, 0xE2, 0xC4, 0xC2, 0xE2, 0xC4, 0xC2,
    0xE2, 0xC4, 0xC2, 0xD3, 0x9D, 0xB0, 0xDB, 0xB3, 0xBA, 0xCD, 0x97, 0xAA, 0xC9, 0x82, 0xA4, 0xA3,
    0x61, 0x7A, 0x7E, 0x36, 0x49, 0xD4, 0xC7, 0xC2, 0xBA, 0xA5, 0xA2, 0x79, 0x30, 0x41, 0xA0, 0x5A,
    0x77, 0xC9, 0x7D, 0xA4, 0xC9, 0x7D, 0xA4, 0xD3, 0x9D, 0xB0, 0xE1, 0xC2, 0xC1, 0xDF, 0xBE, 0xBF,
    0xE0, 0xC0, 0xC0, 0xE1, 0xC2, 0xC1, 0xDE, 0xBD, 0xBD, 0xC3, 0xA1, 0xA1, 0x77, 0x2F, 0x40, 0x65,
    0x28, 0x37, 0x2B, 0x12, 0x1D, 0x4E, 0x23, 0x32, 0x85, 0x3F, 0x54, 0x83, 0x3C, 0x50, 0x6D, 0x2B,
    0x3B, 0x0B, 0x0A, 0x15, 0x15, 0x0C, 0x17, 0x27, 0x11, 0x1C, 0x59, 0x36, 0x4A, 0xBB, 0x74, 0x98,
    0x2E, 0x13, 0x1E, 0x74, 0x2E, 0x3E, 0x73, 0x2D, 0x3E, 0x0B, 0x0A, 0x15, 0x24, 0x10, 0x1B, 0x6F,
    0x2C, 0x3C, 0x0A, 0x0A, 0x15, 0x1B, 0x0D, 0x18, 0x71, 0x2D, 0x3D, 0x2B, 0x12, 0x1D, 0x0C, 0x0A,
    0x15, 0x0C, 0x0A, 0x15, 0x0C, 0x0A, 0x15, 0x28, 0x11, 0x1C, 0x0D, 0x0A, 0x15, 0x0B, 0x0A, 0x15,
    0x0A, 0x0A, 0x15, 0x76, 0x2F, 0x40, 0x22, 0x0F, 0x1A, 0x6F, 0x2C, 0x3C, 0x27, 0x10, 0x1C, 0x0B,
    0x0A, 0x15, 0x72, 0x2D, 0x3D, 0x30, 0x13, 0x1F, 0x25, 0x10, 0x1B, 0x13, 0x0B, 0x16, 0x0C, 0x0A,
    0x15, 0x25, 0x10, 0x1B, 0x15, 0x0C, 0x17, 0x68, 0x29, 0x38, 0x43, 0x1A, 0x27, 0x16, 0x0C, 0x17,
    0x0C, 0x0A, 0x15, 0x23, 0x0F, 0x1B, 0x17, 0x0C, 0x17, 0x0C, 0x0A, 0x15, 0x0C, 0x0A, 0x15, 0x22,
    0x0F, 0x1A, 0x63, 0x27, 0x36, 0x46, 0x1B, 0x28, 0x63, 0x27, 0x36, 0x4C, 0x1E, 0x2B, 0x61, 0x26,
    0x35, 0x79, 0x30, 0x41, 0x79, 0x30, 0x41, 0x50, 0x1F, 0x2D, 0x1A, 0x0C, 0x17, 0x27, 0x0E, 0x1B,
    0x1F, 0x0C, 0x18, 0x18, 0x0B, 0x16, 0x27, 0x0E, 0x1B, 0x50, 0x1E, 0x2C, 0x79, 0x30, 0x41, 0x79,
    0x30, 0x41, 0x79, 0x30, 0x41, 0x79, 0x30, 0x41, 0x96, 0x54, 0x6B, 0xD2, 0x9A, 0xAF, 0xE2, 0xC4,
    0xC2, 0xDD, 0xB8, 0xBC, 0xCC, 0x86, 0xA7, 0xD1, 0x96, 0xAD, 0xDE, 0xB9, 0xBD, 0xCC, 0x86, 0xA7,
    0xCC, 0x86, 0xA7, 0xD0, 0x93, 0xAC, 0xE2, 0xC4, 0xC2, 0xE2, 0xC4, 0xC2, 0xE2, 0xC4, 0xC2, 0xE2,
    0xC4, 0xC2, 0xE2, 0xC4, 0xC2, 0xE2, 0xC4, 0xC2, 0xE2, 0xC4, 0xC2, 0xE1, 0xC1, 0xC0, 0xCB, 0x85,
    0xA7, 0xCC, 0x89, 0xA8, 0xE2, 0xC4, 0xC2, 0xE2, 0xC3, 0xC2, 0xCC, 0x87, 0xA8, 0xE2, 0xC4, 0xC2,
    0xE2, 0xC4, 0xC2, 0xE2, 0xC4, 0xC2, 0xE2, 0xC4, 0xC2, 0xE2, 0xC4, 0xC2, 0xE2, 0xC4, 0xC2, 0xE2,
    0xC4, 0xC2, 0xE2, 0xC4, 0xC2, 0xE2, 0xC4, 0xC2, 0xE2, 0xC4, 0xC2, 0xE2, 0xC4, 0xC2, 0xE2, 0xC4,
    0xC2, 0xE2, 0xC4, 0xC2, 0xE2, 0xC4, 0xC2, 0xE2, 0xC4, 0xC2, 0xE2, 0xC4, 0xC2, 0xE2, 0xC4, 0xC2,
    0xE2, 0xC4, 0xC2, 0xE2, 0xC4, 0xC2, 0xE2, 0xC4, 0xC2, 0xE2, 0xC4, 0xC2, 0xE2, 0xC4, 0xC2, 0xE2,
    0xC4, 0xC2, 0xE2, 0xC4, 0xC2, 0xE2, 0xC4, 0xC2, 0xE2, 0xC4, 0xC2, 0xE2, 0xC4, 0xC2, 0xAD, 0x85,
    0x88, 0xC7, 0xA3, 0xA5, 0xD2, 0x99, 0xAF, 0x9D, 0x57, 0x73, 0xAB, 0x64, 0x84, 0xA3, 0x62, 0x7A,
    0x88, 0x50, 0x59, 0xA4, 0x63, 0x7B, 0xC6, 0x7A, 0xA0, 0xCA, 0x81, 0xA5, 0xD3, 0x9E, 0xB1, 0xD8,
    0xAA, 0xB6, 0xCA, 0x80, 0xA5, 0xD3, 0x9C, 0xB0, 0xD7, 0xAC, 0xB5, 0xAF, 0x67, 0x89, 0x75, 0x2E,
    0x3F, 0x69, 0x29, 0x39, 0x4A, 0x1D, 0x2A, 0x7C, 0x34, 0x46, 0x99, 0x53, 0x6E, 0xC7, 0x7C, 0xA2,
    0xB3, 0x6C, 0x8F, 0x69, 0x29, 0x39, 0x24, 0x10, 0x1B, 0x38, 0x16, 0x22, 0x70, 0x2C, 0x3C, 0x5F,
    0x37, 0x4B, 0xBB, 0x74, 0x98, 0x0C, 0x0A, 0x15, 0x2E, 0x13, 0x1E, 0x73, 0x2D, 0x3E, 0x0B, 0x0A,
    0x15, 0x10, 0x0B, 0x16, 0x27, 0x10, 0x1C, 0x0C, 0x0A, 0x15, 0x0C, 0x0A, 0x15, 0x18, 0x0C, 0x17,
    0x73, 0x2D, 0x3E, 0x0C, 0x0A, 0x15, 0x0C, 0x0A, 0x15, 0x0E, 0x0A, 0x15, 0x74, 0x2E, 0x3E, 0x15,
    0x0C, 0x17, 0x0C, 0x0A, 0x15, 0x0A, 0x0A, 0x15, 0x72, 0x2D, 0x3D, 0x22, 0x0F, 0x1A, 0x0A, 0x0A,
    0x15, 0x23, 0x0F, 0x1B, 0x25, 0x10, 0x1B, 0x6E, 0x2B, 0x3C, 0x2E, 0x13, 0x1E, 0x6C, 0x2B, 0x3A,
    0x3C, 0x18, 0x24, 0x13, 0x0B, 0x16, 0x6A, 0x2A, 0x39, 0x37, 0x16, 0x22, 0x21, 0x0F, 0x1A, 0x69,
    0x29, 0x39, 0x3B, 0x17, 0x24, 0x0C, 0x0A, 0x15, 0x66, 0x28, 0x37, 0x46, 0x1B, 0x28, 0x16, 0x0C,
    0x17, 0x20, 0x0E, 0x1A, 0x68, 0x29, 0x38, 0x48, 0x1C, 0x29, 0x0B, 0x0A, 0x15, 0x5F, 0x25, 0x34,
    0x49, 0x1D, 0x2A, 0x61, 0x26, 0x35, 0x79, 0x30, 0x41, 0x79, 0x30, 0x41, 0x54, 0x21, 0x2F, 0x54,
    0x21, 0x2F, 0x79, 0x30, 0x41, 0x63, 0x27, 0x36, 0x51, 0x20, 0x2D, 0x79, 0x30, 0x41, 0x79, 0x30,
    0x41, 0x79, 0x30, 0x41, 0x79, 0x30, 0x41, 0x7D, 0x3A, 0x48, 0x87, 0x51, 0x59, 0xA9, 0x84, 0x86,
    0xE2, 0xC4, 0xC2, 0xE2, 0xC4, 0xC2, 0xE2, 0xC3, 0xC1, 0xE1, 0xC1, 0xC0, 0xE2, 0xC4, 0xC2, 0xE2,
    0xC3, 0xC2, 0xE1, 0xC1, 0xC0, 0xE2, 0xC4, 0xC2, 0xE2, 0xC3, 0xC2, 0xE0, 0xC0, 0xC0, 0xE2, 0xC4,
    0xC2, 0xE2, 0xC4, 0xC2, 0xE2, 0xC3, 0xC2, 0xE0, 0xC0, 0xC0, 0xE2, 0xC4, 0xC2, 0xE2, 0xC4, 0xC2,
    0xE2, 0xC4, 0xC2, 0xE2, 0xC4, 0xC2, 0xE2, 0xC4, 0xC2, 0xE2, 0xC4, 0xC2, 0xE2, 0xC4, 0xC2, 0xE2,
    0xC4, 0xC2, 0xE2, 0xC4, 0xC2, 0xE2, 0xC4, 0xC2, 0xE2, 0xC4, 0xC2, 0xE2, 0xC4, 0xC2, 0xE2, 0xC4,
    0xC2, 0xE2, 0xC4, 0xC2, 0xE2, 0xC4, 0xC2, 0xE2, 0xC4, 0xC2, 0xE2, 0xC4, 0xC2, 0xE2, 0xC4, 0xC2,
    0xE2, 0xC4, 0xC2, 0xE2, 0xC4, 0xC2, 0xE2, 0xC4, 0xC2, 0xE2, 0xC4, 0xC2, 0xE2, 0xC4, 0xC2, 0xE2,
    0xC4, 0xC2, 0xE2, 0xC4, 0xC2, 0xE2, 0xC4, 0xC2, 0xE2, 0xC4, 0xC2, 0xE2, 0xC4, 0xC2, 0xE2, 0xC4,
    0xC2, 0xE2, 0xC4, 0xC2, 0xE2, 0xC4, 0xC2, 0xE2, 0xC4, 0xC2, 0xE2, 0xC4, 0xC2, 0xE1, 0xC1, 0xC0,
    0xE1, 0xC3, 0xC1, 0xDE, 0xC0, 0xBE, 0xD0, 0x97, 0xAD, 0xC9, 0x7D, 0xA4, 0xA1, 0x5B, 0x78, 0x84,
    0x46, 0x53, 0xC0, 0x9D, 0x9E, 0xDC, 0xBD, 0xBC, 0xBE, 0x99, 0x9B, 0xA0, 0x5A, 0x77, 0xD0, 0x9C,
    0xAE, 0xD9, 0xAE, 0xB7, 0xC9, 0x7D, 0xA4, 0xD2, 0x99, 0xAE, 0xD7, 0xAC, 0xB6, 0xAF, 0x67, 0x89,
    0x63, 0x27, 0x36, 0x48, 0x1C, 0x29, 0x76, 0x2F, 0x3F, 0x7C, 0x33, 0x45, 0x97, 0x51, 0x6B, 0xC4,
    0x79, 0x9F, 0xAD, 0x6B, 0x8C, 0x1F, 0x0D, 0x19, 0x38, 0x16, 0x22, 0x69, 0x29, 0x39, 0x36, 0x15,
    0x21, 0x75, 0x2E, 0x3F, 0x8B, 0x44, 0x5B, 0xBB, 0x74, 0x98, 0x0C, 0x0A, 0x15, 0x2E, 0x13, 0x1E,
    0x73, 0x2E, 0x3E, 0x23, 0x0F, 0x1B, 0x24, 0x10, 0x1B, 0x71, 0x2D, 0x3D, 0x0C, 0x0A, 0x15, 0x25,
    0x10, 0x1B, 0x0C, 0x0A, 0x15, 0x0A, 0x0A, 0x15, 0x0C, 0x0A, 0x15, 0x0C, 0x0A, 0x15, 0x0C, 0x0A,
    0x15, 0x0A, 0x0A, 0x15, 0x21, 0x0F, 0x1A, 0x0D, 0x0A, 0x15, 0x0C, 0x0A, 0x15, 0x0A, 0x0A, 0x15,
    0x21, 0x0F, 0x1A, 0x0D, 0x0A, 0x15, 0x70, 0x2C, 0x3D, 0x76, 0x2F, 0x3F, 0x2C, 0x12, 0x1E, 0x0C,
    0x0A, 0x15, 0x0A, 0x0A, 0x15, 0x6C, 0x2B, 0x3B, 0x34, 0x15, 0x21, 0x1E, 0x0E, 0x19, 0x12, 0x0B,
    0x16, 0x69, 0x2A, 0x39, 0x3A, 0x17, 0x23, 0x0C, 0x0A, 0x15, 0x1E, 0x0E, 0x19, 0x13, 0x0B, 0x16,
    0x65, 0x28, 0x37, 0x42, 0x1A, 0x26, 0x64, 0x27, 0x36, 0x75, 0x2E, 0x3F, 0x46, 0x1B, 0x28, 0x0C,
    0x0A, 0x15, 0x1B, 0x0D, 0x18, 0x16, 0x0C, 0x17, 0x5E, 0x25, 0x34, 0x78, 0x2F, 0x40, 0x77, 0x2F,
    0x40, 0x78, 0x2F, 0x40, 0x79, 0x30, 0x41, 0x79, 0x30, 0x41, 0x79, 0x30, 0x41, 0x78, 0x2F, 0x40,
    0x77, 0x2F, 0x40, 0x79, 0x30, 0x41, 0x79, 0x30, 0x41, 0x79, 0x30, 0x41, 0xA3, 0x79, 0x7C, 0xEB,
    0xD7, 0xD1, 0xF6, 0xED, 0xE4, 0xE0, 0xC0, 0xC0, 0xE0, 0xC0, 0xC0, 0xDB, 0xB3, 0xBA, 0xCF, 0x90,
    0xAB, 0xE1, 0xC1, 0xC1, 0xDD, 0xB8, 0xBC, 0xCE, 0x8E, 0xAA, 0xE2, 0xC4, 0xC2, 0xDE, 0xBB, 0xBE,
    0xCE, 0x8F, 0xAB, 0xE1, 0xC1, 0xC0, 0xE2, 0xC4, 0xC2, 0xDF, 0xBE, 0xBF, 0xCD, 0x8B, 0xA9, 0xE2,
    0xC4, 0xC2, 0xE2, 0xC4, 0xC2, 0xE2, 0xC4, 0xC2, 0xE2, 0xC4, 0xC2, 0xE2, 0xC4, 0xC2, 0xE2, 0xC4,
    0xC2, 0xE2, 0xC4, 0xC2, 0xE2, 0xC4, 0xC2, 0xE2, 0xC4, 0xC2, 0xE2, 0xC4, 0xC2, 0xE2, 0xC4, 0xC2,
    0xE2, 0xC4, 0xC2, 0xE2, 0xC4, 0xC2, 0xE2, 0xC4, 0xC2, 0xE2, 0xC4, 0xC2, 0xE2, 0xC4, 0xC2, 0xE2,
    0xC4, 0xC2, 0xE2, 0xC4, 0xC2, 0xE2, 0xC4, 0xC2, 0xE2, 0xC4, 0xC2, 0xE2, 0xC4, 0xC2, 0xE2, 0xC4,
    0xC2, 0xE2, 0xC4, 0xC2, 0xE2, 0xC4, 0xC2, 0xE2, 0xC4, 0xC2, 0xE2, 0xC4, 0xC2, 0xE2, 0xC4, 0xC2,
    0xE2, 0xC4, 0xC2, 0xE2, 0xC4, 0xC2, 0xE2, 0xC4, 0xC2, 0xE2, 0xC4, 0xC2, 0xE2, 0xC4, 0xC2, 0xE2,
    0xC4, 0xC2, 0xD1, 0x97, 0xAE, 0xD7, 0xAD, 0xB5, 0xA7, 0x7B, 0x80, 0xB4, 0x6B, 0x8D, 0xC9, 0x7D,
    0xA4, 0xCA, 0x81, 0xA6, 0xD9, 0xAD, 0xB7, 0xAF, 0x85, 0x8A, 0x7B, 0x32, 0x45, 0x9E, 0x57, 0x74,
    0xAC, 0x64, 0x84, 0xAB, 0x82, 0x86, 0xD7, 0xAA, 0xB5, 0xC6, 0x7B, 0xA1, 0xC8, 0x7C, 0xA2, 0xB0,
    0x67, 0x89, 0x65, 0x27, 0x36, 0x46, 0x1C, 0x28, 0x6B, 0x2C, 0x3D, 0x55, 0x2A, 0x3B, 0x97, 0x51,
    0x6C, 0xB4, 0x6C, 0x8E, 0x6B, 0x2A, 0x39, 0x43, 0x19, 0x26, 0x6C, 0x2B, 0x3A, 0x12, 0x0B, 0x16,
    0x21, 0x0F, 0x1A, 0x1F, 0x0E, 0x19, 0x36, 0x15, 0x21, 0x8A, 0x44, 0x5B, 0xBB, 0x74, 0x98, 0x0C,
    0x0A, 0x15, 0x2E, 0x13, 0x1E, 0x79, 0x30, 0x41, 0x70, 0x2C, 0x3D, 0x0A, 0x0A, 0x15, 0x0A, 0x0A,
    0x15, 0x1F, 0x0E, 0x19, 0x74, 0x2E, 0x3E, 0x21, 0x0F, 0x1A, 0x0D, 0x0A, 0x15, 0x22, 0x0F, 0x1A,
    0x0C, 0x0A, 0x15, 0x0C, 0x0A, 0x15, 0x0C, 0x0A, 0x15, 0x75, 0x2E, 0x3F, 0x19, 0x0D, 0x18, 0x1E,
    0x0E, 0x19, 0x0B, 0x0A, 0x15, 0x73, 0x2D, 0x3E, 0x25, 0x10, 0x1B, 0x0A, 0x0A, 0x15, 0x0A, 0x0A,
    0x15, 0x0C, 0x0A, 0x15, 0x0C, 0x0A, 0x15, 0x0C, 0x0A, 0x15, 0x0A, 0x0A, 0x15, 0x0C, 0x0A, 0x15,
    0x6C, 0x2A, 0x3A, 0x38, 0x16, 0x22, 0x0A, 0x0A, 0x15, 0x0B, 0x0A, 0x15, 0x1B, 0x0D, 0x18, 0x69,
    0x29, 0x39, 0x3F, 0x19, 0x25, 0x0A, 0x0A, 0x15, 0x0B, 0x0A, 0x15, 0x0A, 0x0A, 0x15, 0x18, 0x0C,
    0x18, 0x1E, 0x0E, 0x19, 0x1E, 0x0E, 0x19, 0x62, 0x27, 0x36, 0x4A, 0x1D, 0x2A, 0x18, 0x0C, 0x17,
    0x62, 0x26, 0x35, 0x4F, 0x1F, 0x2C, 0x5F, 0x25, 0x34, 0x7E, 0x3F, 0x4B, 0x80, 0x45, 0x4F, 0x78,
    0x30, 0x40, 0x61, 0x26, 0x35, 0x4E, 0x1F, 0x2C, 0x79, 0x30, 0x41, 0x79, 0x30, 0x41, 0x79, 0x30,
    0x41, 0xA3, 0x79, 0x7C, 0xE2, 0xC3, 0xC2, 0xDA, 0xB1, 0xB9, 0xC9, 0x7D, 0xA4, 0xC9, 0x7E, 0xA4,
    0xCA, 0x82, 0xA6, 0xCA, 0x82, 0xA6, 0xD0, 0x93, 0xAC, 0xDD, 0xB9, 0xBD, 0xCF, 0x92, 0xAC, 0xE2,
    0xC4, 0xC2, 0xE2, 0xC4, 0xC2, 0xDF, 0xBC, 0xBE, 0xCE, 0x8E, 0xAA, 0xE2, 0xC4, 0xC2, 0xE2, 0xC4,
    0xC2, 0xE2, 0xC4, 0xC2, 0xE2, 0xC4, 0xC2, 0xE2, 0xC4, 0xC2, 0xE2, 0xC4, 0xC2, 0xE2, 0xC4, 0xC2,
    0xE2, 0xC4, 0xC2, 0xE2, 0xC4, 0xC2, 0xE2, 0xC4, 0xC2, 0xE2, 0xC4, 0xC2, 0xE2, 0xC4, 0xC2, 0xE2,
    0xC4, 0xC2, 0xE2, 0xC4, 0xC2, 0xE2, 0xC4, 0xC2, 0xE2, 0xC4, 0xC2, 0xE2, 0xC4, 0xC2, 0xE2, 0xC4,
    0xC2, 0xE2, 0xC4, 0xC2, 0xE2, 0xC4, 0xC2, 0xE2, 0xC4, 0xC2, 0xE2, 0xC4, 0xC2, 0xE2, 0xC4, 0xC2,
    0xE2, 0xC4, 0xC2, 0xE2, 0xC4, 0xC2, 0xE2, 0xC4, 0xC2, 0xE2, 0xC4, 0xC2, 0xE2, 0xC4, 0xC2, 0xE2,
    0xC4, 0xC2, 0xE2, 0xC4, 0xC2, 0xE2, 0xC4, 0xC2, 0xE2, 0xC4, 0xC2, 0xE2, 0xC4, 0xC2, 0xE2, 0xC4,
    0xC2, 0xE2, 0xC4, 0xC2, 0xE2, 0xC4, 0xC2, 0xD1, 0x97, 0xAE, 0x9B, 0x55, 0x71, 0xB5, 0x6C, 0x8E,
    0xC9, 0x7D, 0xA4, 0xC9, 0x7D, 0xA4, 0xD8, 0xAC, 0xB7, 0xD3, 0x9E, 0xB1, 0xC8, 0x7D, 0xA3, 0x9D,
    0x58, 0x74, 0x77, 0x2F, 0x40, 0x7B, 0x33, 0x44, 0xA1, 0x5A, 0x78, 0xB0, 0x68, 0x89, 0x9B, 0x55,
    0x70, 0xB0, 0x68, 0x89, 0x79, 0x30, 0x40, 0x66, 0x28, 0x37, 0x4D, 0x21, 0x2F, 0x99, 0x53, 0x6E,
    0xC6, 0x7B, 0xA1, 0xAC, 0x6A, 0x8C, 0x3E, 0x18, 0x24, 0x76, 0x2F, 0x40, 0x76, 0x2F, 0x40, 0x6A,
    0x2A, 0x39, 0x3E, 0x19, 0x25, 0x76, 0x2F, 0x40, 0x6C, 0x2A, 0x3A, 0x36, 0x15, 0x21, 0x8A, 0x44,
    0x5B, 0xBB, 0x74, 0x98, 0x0C, 0x0A, 0x15, 0x2E, 0x13, 0x1E, 0x73, 0x2D, 0x3E, 0x0C, 0x0A, 0x15,
    0x1D, 0x0E, 0x19, 0x0C, 0x0A, 0x15, 0x0C, 0x0A, 0x15, 0x1B, 0x0D, 0x18, 0x75, 0x2E, 0x3F, 0x15,
    0x0C, 0x17, 0x76, 0x2F, 0x3F, 0x0E, 0x0A, 0x15, 0x0C, 0x0A, 0x15, 0x0C, 0x0A, 0x15, 0x0A, 0x0A,
    0x15, 0x0A, 0x0A, 0x15, 0x75, 0x2E, 0x3F, 0x1F, 0x0E, 0x19, 0x0A, 0x0A, 0x15, 0x0C, 0x0A, 0x15,
    0x0C, 0x0A, 0x15, 0x19, 0x0D, 0x18, 0x0E, 0x0A, 0x15, 0x0C, 0x0A, 0x15, 0x19, 0x0D, 0x18, 0x0F,
    0x0B, 0x16, 0x0C, 0x0A, 0x15, 0x17, 0x0C, 0x17, 0x0F, 0x0B, 0x16, 0x0C, 0x0A, 0x15, 0x0C, 0x0A,
    0x15, 0x69, 0x29, 0x39, 0x3E, 0x18, 0x25, 0x0B, 0x0A, 0x15, 0x17, 0x0C, 0x17, 0x11, 0x0B, 0x16,
    0x0C, 0x0A, 0x15, 0x66, 0x28, 0x37, 0x79, 0x30, 0x41, 0x78, 0x30, 0x40, 0x49, 0x1D, 0x2A, 0x23,
    0x15, 0x22, 0x63, 0x29, 0x38, 0x78, 0x30, 0x41, 0x4F, 0x1F, 0x2C, 0x5F, 0x25, 0x34, 0xBE, 0xAC,
    0xA7, 0xD6, 0xCC, 0xC4, 0x60, 0x26, 0x35, 0x4F, 0x1F, 0x2C, 0x78, 0x30, 0x41, 0x78, 0x2F, 0x40,
    0x79, 0x30, 0x41, 0x79, 0x30, 0x41, 0xA3, 0x7A, 0x7D, 0xDC, 0xB6, 0xBC, 0xCA, 0x80, 0xA5, 0xCA,
    0x81, 0xA5, 0xD0, 0x96, 0xAD, 0xE2, 0xC4, 0xC2, 0xE2, 0xC4, 0xC2, 0xE2, 0xC4, 0xC2, 0xE2, 0xC4,
    0xC2, 0xE2, 0xC4, 0xC2, 0xE2, 0xC4, 0xC2, 0xE2, 0xC4, 0xC2, 0xE2, 0xC4, 0xC2, 0xE2, 0xC4, 0xC2,
    0xE2, 0xC4, 0xC2, 0xE2, 0xC4, 0xC2, 0xE2, 0xC4, 0xC2, 0xE2, 0xC4, 0xC2, 0xE2, 0xC4, 0xC2, 0xE2,
    0xC4, 0xC2, 0xE2, 0xC4, 0xC2, 0xE2, 0xC4, 0xC2, 0xE2, 0xC4, 0xC2, 0xE2, 0xC4, 0xC2, 0xE2, 0xC4,
    0xC2, 0xE2, 0xC4, 0xC2, 0xE2, 0xC4, 0xC2, 0xE2, 0xC4, 0xC2, 0xE2, 0xC4, 0xC2, 0xE2, 0xC4, 0xC2,
    0xE2, 0xC4, 0xC2, 0xE2, 0xC4, 0xC2, 0xE2, 0xC4, 0xC2, 0xE2, 0xC4, 0xC2, 0xE2, 0xC4, 0xC2, 0xE2,
    0xC4, 0xC2, 0xE2, 0xC4, 0xC2, 0xE2, 0xC4, 0xC2, 0xE2, 0xC4, 0xC2, 0xE2, 0xC4, 0xC2, 0xE2, 0xC4,
    0xC2, 0xE2, 0xC4, 0xC2, 0xE2, 0xC4, 0xC2, 0xE2, 0xC4, 0xC2, 0xE2, 0xC4, 0xC2, 0xE2, 0xC4, 0xC2,
    0xE2, 0xC4, 0xC2, 0xE1, 0xC3, 0xC1, 0xE1, 0xC2, 0xC1, 0xE1, 0xC2, 0xC1, 0xD1, 0x97, 0xAE, 0xC8,
    0x7C, 0xA3, 0xC7, 0x7B, 0xA2, 0xC8, 0x7C, 0xA3, 0xC8, 0x7C, 0xA2, 0xC9, 0x7E, 0xA4, 0xD7, 0xAC,
    0xB6, 0xAD, 0x84, 0x88, 0x54, 0x23, 0x31, 0x55, 0x23, 0x32, 0xA1, 0x5B, 0x78, 0xC8, 0x7C, 0xA3,
    0xAF, 0x67, 0x87, 0x79, 0x30, 0x41, 0x79, 0x30, 0x41, 0x79, 0x30, 0x41, 0x7A, 0x32, 0x43, 0x9A,
    0x54, 0x70, 0xB6, 0x6D, 0x8F, 0x78, 0x2F, 0x40, 0x67, 0x28, 0x37, 0x1A, 0x0D, 0x18, 0x16, 0x0C,
    0x17, 0x0E, 0x0A, 0x15, 0x3E, 0x18, 0x25, 0x6B, 0x2A, 0x3A, 0x0A, 0x0A, 0x15, 0x0E, 0x0A, 0x15,
    0x3A, 0x17, 0x23, 0x8A, 0x44, 0x5B, 0xB9, 0x72, 0x96, 0x0C, 0x0A, 0x15, 0x2E, 0x13, 0x1E, 0x73,
    0x2D, 0x3E, 0x28, 0x11, 0x1C, 0x75, 0x2E, 0x3F, 0x0A, 0x0A, 0x15, 0x0D, 0x0A, 0x15, 0x1A, 0x0D,
    0x18, 0x0A, 0x0A, 0x15, 0x0C, 0x0A, 0x15, 0x0A, 0x0A, 0x15, 0x0C, 0x0A, 0x15, 0x0C, 0x0A, 0x15,
    0x0C, 0x0A, 0x15, 0x0C, 0x0A, 0x15, 0x0C, 0x0A, 0x15, 0x0B, 0x0A, 0x15, 0x0C, 0x0A, 0x15, 0x16,
    0x0C, 0x17, 0x0D, 0x0A, 0x15, 0x0B, 0x0A, 0x15, 0x72, 0x2D, 0x3D, 0x2D, 0x13, 0x1E, 0x0C, 0x0A,
    0x15, 0x6F, 0x2C, 0x3C, 0x34, 0x15, 0x21, 0x0C, 0x0A, 0x15, 0x6D, 0x2B, 0x3B, 0x39, 0x16, 0x22,
    0x0C, 0x0A, 0x15, 0x15, 0x0C, 0x17, 0x0E, 0x0A, 0x15, 0x0C, 0x0A, 0x15, 0x0C, 0x0A, 0x15, 0x67,
    0x29, 0x38, 0x45, 0x1B, 0x28, 0x10, 0x0B, 0x16, 0x65, 0x28, 0x37, 0x78, 0x2F, 0x40, 0x48, 0x1C,
    0x29, 0x13, 0x0B, 0x16, 0xA5, 0x68, 0x87, 0x82, 0x51, 0x6B, 0x64, 0x2E, 0x3A, 0x53, 0x26, 0x31,
    0x5F, 0x25, 0x34, 0x9E, 0x58, 0x75, 0xA0, 0x62, 0x82, 0x4F, 0x1F, 0x2C, 0x79, 0x30, 0x41, 0x63,
    0x27, 0x36, 0x4B, 0x1D, 0x2B, 0x79, 0x30, 0x41, 0x79, 0x30, 0x41, 0xB1, 0x9A, 0x97, 0xF7, 0xEF,
    0xE5, 0xE2, 0xC4, 0xC2, 0xE2, 0xC4, 0xC2, 0xE2, 0xC4, 0xC2, 0xE2, 0xC4, 0xC2, 0xE2, 0xC4, 0xC2,
    0xE2, 0xC4, 0xC2, 0xE2, 0xC4, 0xC2, 0xE2, 0xC4, 0xC2, 0xE2, 0xC4, 0xC2, 0xE2, 0xC4, 0xC2, 0xE2,
    0xC4, 0xC2, 0xE2, 0xC4, 0xC2, 0xE2, 0xC4, 0xC2, 0xE2, 0xC4, 0xC2, 0xE2, 0xC4, 0xC2, 0xE2, 0xC4,
    0xC2, 0xE3, 0xC6, 0xC3, 0xE3, 0xC6, 0xC3, 0xE3, 0xC6, 0xC3, 0xE3, 0xC6, 0xC3, 0xE3, 0xC6, 0xC3,
    0xE3, 0xC6, 0xC3, 0xE3, 0xC6, 0xC3, 0xE3, 0xC6, 0xC3, 0xE3, 0xC6, 0xC3, 0xE3, 0xC6, 0xC3, 0xE3,
    0xC6, 0xC3, 0xE3, 0xC6, 0xC3, 0xE2, 0xC4, 0xC2, 0xE2, 0xC4, 0xC2, 0xE3, 0xC6, 0xC3, 0xE3, 0xC6,
    0xC3, 0xE3, 0xC6, 0xC3, 0xE2, 0xC4, 0xC2, 0xE2, 0xC4, 0xC2, 0xE2, 0xC4, 0xC2, 0xE2, 0xC4, 0xC2,
    0xE2, 0xC4, 0xC2, 0xE2, 0xC4, 0xC2, 0xE2, 0xC4, 0xC2, 0xE2, 0xC4, 0xC2, 0xE2, 0xC4, 0xC2, 0xE2,
    0xC3, 0xC1, 0xE2, 0xC4, 0xC2, 0xE2, 0xC3, 0xC1, 0xD0, 0x94, 0xAC, 0xC9, 0x7D, 0xA4, 0xC9, 0x7D,
    0xA4, 0xC8, 0x7C, 0xA3, 0x99, 0x53, 0x6E, 0x7A, 0x31, 0x42, 0xB3, 0x6C, 0x8C, 0x9E, 0x5B, 0x74,
    0xC3, 0xA1, 0xA1, 0xAA, 0x82, 0x85, 0xAE, 0x66, 0x87, 0xA0, 0x5A, 0x77, 0xA1, 0x5A, 0x77, 0xC8,
    0x7D, 0xA3, 0xB0, 0x69, 0x89, 0x79, 0x30, 0x41, 0x79, 0x30, 0x41, 0x79, 0x30, 0x41, 0x79, 0x30,
    0x41, 0x99, 0x53, 0x6E, 0xC9, 0x7D, 0xA4, 0xB5, 0x6C, 0x8E, 0x68, 0x29, 0x38, 0x43, 0x1A, 0x27,
    0x78, 0x30, 0x41, 0x6B, 0x2A, 0x3A, 0x40, 0x19, 0x26, 0x6C, 0x2B, 0x3A, 0x0E, 0x0A, 0x15, 0x15,
    0x0C, 0x17, 0x37, 0x16, 0x22, 0x78, 0x30, 0x40, 0x79, 0x31, 0x42, 0x73, 0x2F, 0x40, 0x0C, 0x0A,
    0x15, 0x2E, 0x13, 0x1E, 0x73, 0x2D, 0x3E, 0x28, 0x11, 0x1C, 0x73, 0x2E, 0x3E, 0x0A, 0x0A, 0x15,
    0x20, 0x0E, 0x1A, 0x77, 0x2F, 0x40, 0x0A, 0x0A, 0x15, 0x0C, 0x0A, 0x15, 0x17, 0x0C, 0x17, 0x0C,
    0x0A, 0x15, 0x0C, 0x0A, 0x15, 0x0C, 0x0A, 0x15, 0x0C, 0x0A, 0x15, 0x0C, 0x0A, 0x15, 0x13, 0x0B,
    0x16, 0x0A, 0x0A, 0x15, 0x74, 0x2E, 0x3F, 0x26, 0x10, 0x1B, 0x0C, 0x0A, 0x15, 0x0C, 0x0A, 0x15,
    0x0C, 0x0A, 0x15, 0x0C, 0x0A, 0x15, 0x12, 0x0B, 0x16, 0x0D, 0x0A, 0x15, 0x12, 0x0B, 0x16, 0x13,
    0x0B, 0x16, 0x0E, 0x0A, 0x15, 0x0C, 0x0A, 0x15, 0x6C, 0x2B, 0x3A, 0x3E, 0x18, 0x25, 0x0C, 0x0A,
    0x15, 0x12, 0x0B, 0x16, 0x0E, 0x0A, 0x15, 0x67, 0x28, 0x38, 0x45, 0x1B, 0x28, 0x0C, 0x0A, 0x15,
    0x0C, 0x0A, 0x15, 0x11, 0x0B, 0x16, 0x63, 0x27, 0x36, 0xC3, 0xA1, 0xA1, 0x92, 0x7E, 0x7D, 0xB6,
    0x9D, 0x9C, 0xAD, 0x86, 0x88, 0x51, 0x20, 0x2D, 0x50, 0x1F, 0x2D, 0x78, 0x30, 0x41, 0x79, 0x30,
    0x41, 0x79, 0x30, 0x41, 0x78, 0x30, 0x41, 0x79, 0x30, 0x41, 0x79, 0x30, 0x41, 0x79, 0x30, 0x41,
    0xA3, 0x79, 0x7C, 0xE2, 0xC4, 0xC2, 0xE2, 0xC5, 0xC3, 0xE2, 0xC5, 0xC3, 0xE2, 0xC5, 0xC3, 0xE2,
    0xC4, 0xC2, 0xE2, 0xC4, 0xC2, 0xE2, 0xC4, 0xC2, 0xE2, 0xC4, 0xC2, 0xE2, 0xC4, 0xC2, 0xE2, 0xC4,
    0xC2, 0xE2, 0xC4, 0xC2, 0xE2, 0xC5, 0xC3, 0xE2, 0xC4, 0xC2, 0xE2, 0xC5, 0xC3, 0xE2, 0xC5, 0xC3,
    0xE2, 0xC5, 0xC3, 0xE5, 0xCB, 0xC8, 0xFF, 0xFF, 0xF3, 0xFF, 0xFE, 0xF2, 0xFF, 0xFF, 0xF3, 0xFF,
    0xFF, 0xF3, 0xFF, 0xFE, 0xF2, 0xFF, 0xFF, 0xF3, 0xFF, 0xFF, 0xF3, 0xFF, 0xFE, 0xF2, 0xFF, 0xFE,
    0xF2, 0xFF, 0xFF, 0xF3, 0xFF, 0xFE, 0xF2, 0xFF, 0xFE, 0xF2, 0xE4, 0xC7, 0xC5, 0xE2, 0xC4, 0xC2,
    0xFD, 0xFA, 0xEF, 0xFF, 0xFE, 0xF2, 0xFF, 0xFE, 0xF2, 0xE6, 0xCC, 0xC9, 0xE2, 0xC4, 0xC2, 0xE2,
    0xC4, 0xC2, 0xE2, 0xC4, 0xC2, 0xE2, 0xC4, 0xC2, 0xE2, 0xC4, 0xC2, 0xE2, 0xC4, 0xC2, 0xE2, 0xC4,
    0xC2, 0xE2, 0xC4, 0xC2, 0xCF, 0x91, 0xAB, 0xDC, 0xB5, 0xBB, 0xD0, 0x93, 0xAC, 0xC9, 0x7D, 0xA4,
    0xC9, 0x7D, 0xA4, 0xC9, 0x7E, 0xA4, 0x99, 0x53, 0x6E, 0xB5, 0x6C, 0x8E, 0x9A, 0x54, 0x6F, 0xC5,
    0xA3, 0xA3, 0xE2, 0xC4, 0xC2, 0xAB, 0x83, 0x86, 0x7A, 0x31, 0x42, 0x7A, 0x31, 0x43, 0xAE, 0x66,
    0x87, 0xAD, 0x65, 0x86, 0xAD, 0x85, 0x88, 0xC1, 0x9E, 0x9F, 0x79, 0x30, 0x41, 0x79, 0x30, 0x41,
    0x79, 0x30, 0x41, 0x79, 0x30, 0x41, 0x98, 0x53, 0x6D, 0xB4, 0x6B, 0x8D, 0x79, 0x30, 0x41, 0x79,
    0x30, 0x41, 0x68, 0x29, 0x38, 0x42, 0x1A, 0x27, 0x79, 0x30, 0x41, 0x79, 0x30, 0x41, 0x6B, 0x2A,
    0x3A, 0x3A, 0x17, 0x23, 0x6D, 0x2B, 0x3B, 0x12, 0x0B, 0x16, 0x36, 0x15, 0x21, 0x8A, 0x44, 0x5B,
    0xBA, 0x73, 0x97, 0x0D, 0x0A, 0x15, 0x30, 0x13, 0x1F, 0x72, 0x2D, 0x3D, 0x0C, 0x0A, 0x15, 0x13,
    0x0B, 0x16, 0x0C, 0x0A, 0x15, 0x20, 0x0E, 0x1A, 0x76, 0x2F, 0x3F, 0x12, 0x0B, 0x16, 0x16, 0x0C,
    0x17, 0x77, 0x2F, 0x40, 0x0E, 0x0A, 0x15, 0x0C, 0x0A, 0x15, 0x0C, 0x0A, 0x15, 0x0C, 0x0A, 0x15,
    0x0A, 0x0A, 0x15, 0x76, 0x2F, 0x40, 0x20, 0x0E, 0x1A, 0x0E, 0x0A, 0x15, 0x0C, 0x0A, 0x15, 0x0C,
    0x0A, 0x15, 0x0C, 0x0A, 0x15, 0x0C, 0x0A, 0x15, 0x10, 0x0B, 0x16, 0x70, 0x2C, 0x3C, 0x34, 0x15,
    0x21, 0x6E, 0x2B, 0x3B, 0x78, 0x30, 0x41, 0x39, 0x16, 0x23, 0x0C, 0x0A, 0x15, 0x6B, 0x2A, 0x3A,
    0x3D, 0x18, 0x24, 0x0C, 0x0A, 0x15, 0x69, 0x29, 0x39, 0x42, 0x1A, 0x27, 0x0D, 0x0A, 0x15, 0x0D,
    0x0A, 0x15, 0x0C, 0x0A, 0x15, 0x0F, 0x0B, 0x16, 0x64, 0x27, 0x36, 0x4A, 0x1D, 0x2A, 0x11, 0x0E,
    0x17, 0x62, 0x27, 0x36, 0xC1, 0x9F, 0x9F, 0xAD, 0x86, 0x88, 0x79, 0x30, 0x41, 0x60, 0x25, 0x34,
    0x4F, 0x1F, 0x2D, 0x79, 0x30, 0x41, 0x62, 0x26, 0x35, 0x4C, 0x1E, 0x2B, 0x79, 0x30, 0x41, 0x79,
    0x30, 0x41, 0x79, 0x30, 0x41, 0xA3, 0x79, 0x7C, 0xEB, 0xD8, 0xD2, 0xFF, 0xFF, 0xF3, 0xFF, 0xFF,
    0xF3, 0xF8, 0xF2, 0xE8, 0xE2, 0xC5, 0xC2, 0xE2, 0xC5, 0xC2, 0xE2, 0xC5, 0xC2, 0xE2, 0xC5, 0xC2,
    0xE2, 0xC5, 0xC2, 0xE2, 0xC5, 0xC2, 0xE8, 0xD0, 0xCC, 0xFB, 0xF7, 0xEC, 0xE7, 0xCE, 0xCB, 0xFF,
    0xFF, 0xF3, 0xFF, 0xFE, 0xF3, 0xFF, 0xFF, 0xF3, 0xFF, 0xFE, 0xF3, 0xFD, 0xFB, 0xF0, 0xE4, 0xC8,
    0xC6, 0xFF, 0xFF, 0xF3, 0xFE, 0xFD, 0xF1, 0xE3, 0xC6, 0xC4, 0xFF, 0xFF, 0xF3, 0xFE, 0xFE, 0xF2,
    0xE2, 0xC5, 0xC3, 0xE2, 0xC4, 0xC2, 0xFE, 0xFE, 0xF2, 0xE3, 0xC6, 0xC4, 0xE2, 0xC4, 0xC2, 0xE2,
    0xC4, 0xC2, 0xE2, 0xC4, 0xC2, 0xE2, 0xC4, 0xC2, 0xE2, 0xC4, 0xC2, 0xE2, 0xC4, 0xC2, 0xE2, 0xC4,
    0xC2, 0xE2, 0xC4, 0xC2, 0xE2, 0xC4, 0xC2, 0xE2, 0xC4, 0xC2, 0xE2, 0xC4, 0xC2, 0xE2, 0xC4, 0xC2,
    0xE2, 0xC4, 0xC2, 0xE2, 0xC4, 0xC2, 0xE2, 0xC4, 0xC2, 0xCF, 0x92, 0xAC, 0xC9, 0x7E, 0xA4, 0xC9,
    0x7E, 0xA4, 0xC9, 0x7D, 0xA4, 0xC9, 0x7E, 0xA4, 0xDB, 0xB3, 0xBA, 0xD1, 0x97, 0xAE, 0xC9, 0x7E,
    0xA4, 0x9B, 0x56, 0x70, 0x7B, 0x33, 0x44, 0xC5, 0xA2, 0xA3, 0xD2, 0x9C, 0xAF, 0x9E, 0x57, 0x74,
    0xAF, 0x67, 0x87, 0xA0, 0x5A, 0x76, 0x7A, 0x31, 0x42, 0x79, 0x31, 0x41, 0x79, 0x31, 0x42, 0x79,
    0x30, 0x41, 0x79, 0x30, 0x41, 0x79, 0x30, 0x41, 0x64, 0x27, 0x37, 0x12, 0x0B, 0x16, 0x47, 0x1C,
    0x29, 0x79, 0x30, 0x42, 0x69, 0x2A, 0x3A, 0x43, 0x1B, 0x27, 0x7A, 0x31, 0x42, 0x79, 0x30, 0x41,
    0x6B, 0x2A, 0x3A, 0x11, 0x0B, 0x16, 0x0D, 0x0A, 0x15, 0x3A, 0x17, 0x23, 0x6E, 0x2B, 0x3B, 0x36,
    0x15, 0x21, 0x79, 0x30, 0x41, 0x71, 0x2D, 0x3D, 0x30, 0x13, 0x1F, 0x72, 0x2D, 0x3D, 0x11, 0x0B,
    0x16, 0x29, 0x11, 0x1C, 0x74, 0x2E, 0x3F, 0x0A, 0x0A, 0x15, 0x10, 0x0B, 0x16, 0x1D, 0x0E, 0x19,
    0x77, 0x2F, 0x40, 0x0F, 0x0B, 0x16, 0x0E, 0x0A, 0x15, 0x0C, 0x0A, 0x15, 0x0C, 0x0A, 0x15, 0x0C,
    0x0A, 0x15, 0x0C, 0x0A, 0x15, 0x0C, 0x0A, 0x15, 0x10, 0x0B, 0x16, 0x0C, 0x0A, 0x15, 0x0C, 0x0A,
    0x15, 0x0C, 0x0A, 0x15, 0x0E, 0x0A, 0x15, 0x0C, 0x0A, 0x15, 0x0C, 0x0A, 0x15, 0x70, 0x2C, 0x3D,
    0x33, 0x14, 0x20, 0x0D, 0x0A, 0x15, 0x10, 0x0B, 0x16, 0x10, 0x0B, 0x16, 0x0E, 0x0A, 0x15, 0x0E,
    0x0A, 0x15, 0x10, 0x0B, 0x16, 0x0D, 0x0A, 0x15, 0x0C, 0x0A, 0x15, 0x69, 0x29, 0x39, 0x42, 0x1A,
    0x27, 0x0D, 0x0A, 0x15, 0x0D, 0x0A, 0x15, 0x0C, 0x0A, 0x15, 0x64, 0x27, 0x37, 0x4A, 0x1D, 0x2A,
    0x0E, 0x0A, 0x15, 0x0C, 0x0A, 0x15, 0x61, 0x26, 0x35, 0x50, 0x22, 0x2F, 0x16, 0x10, 0x19, 0x5F,
    0x25, 0x34, 0x79, 0x30, 0x41, 0x79, 0x30, 0x41, 0x79, 0x30, 0x41, 0x79, 0x30, 0x41, 0x79, 0x30,
    0x41, 0x79, 0x30, 0x41, 0x79, 0x30, 0x41, 0x79, 0x30, 0x41, 0xB1, 0x9B, 0x97, 0xFF, 0xFF, 0xF3,
    0xFF, 0xFF, 0xF3, 0xFF, 0xFF, 0xF3, 0xFF, 0xFF, 0xF3, 0xFF, 0xFF, 0xF3, 0xFF, 0xFE, 0xF3, 0xFF,
    0xFF, 0xF3, 0xFF, 0xFF, 0xF3, 0xFF, 0xFE, 0xF3, 0xFF, 0xFF, 0xF3, 0xFF, 0xFE, 0xF3, 0xFF, 0xFF,
    0xF3, 0xFF, 0xFF, 0xF3, 0xFB, 0xF8, 0xED, 0xE6, 0xCD, 0xC9, 0xFC, 0xFA, 0xEE, 0xE5, 0xCB, 0xC8,
    0xFD, 0xFB, 0xF0, 0xE2, 0xC4, 0xC2, 0xE4, 0xC8, 0xC5, 0xFE, 0xFD, 0xF1, 0xE2, 0xC4, 0xC2, 0xE2,
    0xC5, 0xC2, 0xE2, 0xC5, 0xC2, 0xE2, 0xC4, 0xC2, 0xE2, 0xC4, 0xC2, 0xE2, 0xC5, 0xC2, 0xE2, 0xC4,
    0xC2, 0xE2, 0xC4, 0xC2, 0xE2, 0xC4, 0xC2, 0xE2, 0xC4, 0xC2, 0xE2, 0xC4, 0xC2, 0xE2, 0xC4, 0xC2,
    0xE2, 0xC4, 0xC2, 0xE2, 0xC4, 0xC2, 0xE2, 0xC4, 0xC2, 0xE2, 0xC4, 0xC2, 0xCE, 0x8C, 0xAA, 0xDE,
    0xBA, 0xBD, 0xCE, 0x8E, 0xAA, 0xDD, 0xB9, 0xBD, 0xE2, 0xC4, 0xC2, 0xCF, 0x91, 0xAB, 0xDC, 0xB6,
    0xBC, 0xE2, 0xC3, 0xC2, 0xE2, 0xC3, 0xC2, 0xD0, 0x94, 0xAD, 0xDB, 0xB3, 0xBA, 0xD1, 0x97, 0xAE,
    0xC9, 0x7D, 0xA4, 0xDA, 0xB1, 0xB9, 0xE1, 0xC3, 0xC1, 0xD2, 0x9A, 0xAF, 0xC9, 0x7E, 0xA4, 0x9E,
    0x58, 0x74, 0x79, 0x31, 0x42, 0x7A, 0x31, 0x42, 0xAE, 0x66, 0x87, 0xAE, 0x66, 0x86, 0x79, 0x30,
    0x41, 0x79, 0x30, 0x41, 0x79, 0x30, 0x41, 0x79, 0x30, 0x41, 0x79, 0x30, 0x41, 0x79, 0x30, 0x41,
    0x65, 0x27, 0x37, 0x47, 0x1C, 0x29, 0x97, 0x51, 0x6C, 0xAC, 0x6B, 0x8D, 0x70, 0x44, 0x5C, 0xB8,
    0x6F, 0x92, 0x79, 0x30, 0x41, 0x79, 0x30, 0x41, 0x6B, 0x2A, 0x3A, 0x3A, 0x17, 0x23, 0x78, 0x30,
    0x41, 0x6E, 0x2B, 0x3B, 0x36, 0x15, 0x21, 0x79, 0x30, 0x41, 0x70, 0x2C, 0x3D, 0x30, 0x13, 0x1F,
    0x79, 0x30, 0x41, 0x72, 0x2D, 0x3E, 0x29, 0x11, 0x1D, 0x74, 0x2E, 0x3F, 0x22, 0x0F, 0x1A, 0x75,
    0x2E, 0x3F, 0x0A, 0x0A, 0x15, 0x1C, 0x0D, 0x18, 0x77, 0x2F, 0x40, 0x0E, 0x0A, 0x15, 0x0C, 0x0A,
    0x15, 0x0C, 0x0A, 0x15, 0x0C, 0x0A, 0x15, 0x0C, 0x0A, 0x15, 0x0C, 0x0A, 0x15, 0x0C, 0x0A, 0x15,
    0x0C, 0x0A, 0x15, 0x0C, 0x0A, 0x15, 0x0A, 0x0A, 0x15, 0x73, 0x2D, 0x3E, 0x2B, 0x12, 0x1D, 0x0C,
    0x0A, 0x15, 0x12, 0x0B, 0x16, 0x0D, 0x0A, 0x15, 0x0C, 0x0A, 0x15, 0x0C, 0x0A, 0x15, 0x0C, 0x0A,
    0x15, 0x6C, 0x2B, 0x3B, 0x78, 0x30, 0x41, 0x3C, 0x17, 0x24, 0x0C, 0x0A, 0x15, 0x0C, 0x0A, 0x15,
    0x12, 0x0B, 0x16, 0x0E, 0x0A, 0x15, 0x67, 0x28, 0x38, 0x45, 0x1B, 0x28, 0x0C, 0x0A, 0x15, 0x11,
    0x0B, 0x16, 0x64, 0x27, 0x36, 0x4A, 0x1D, 0x2A, 0x0C, 0x0A, 0x15, 0x61, 0x26, 0x35, 0x78, 0x30,
    0x41, 0x78, 0x30, 0x41, 0x79, 0x30, 0x41, 0x79, 0x30, 0x41, 0x79, 0x30, 0x41, 0x79, 0x30, 0x41,
    0x79, 0x30, 0x41, 0x9B, 0x55, 0x71, 0xB2, 0x69, 0x8B, 0x79, 0x30, 0x41, 0x79, 0x30, 0x41, 0xB1,
    0x9B, 0x97, 0xFF, 0xFF, 0xF3, 0xF7, 0xF1, 0xE7, 0xEB, 0xD7, 0xD1, 0xFF, 0xFF, 0xF3, 0xF9, 0xF3,
    0xE9, 0xE9, 0xD4, 0xCF, 0xFF, 0xFF, 0xF3, 0xF9, 0xF5, 0xEA, 0xE8, 0xD2, 0xCD, 0xFA, 0xF6, 0xEB,
    0xE2, 0xC5, 0xC3, 0xE7, 0xD0, 0xCC, 0xFB, 0xF8, 0xED, 0xE2, 0xC5, 0xC3, 0xE2, 0xC4, 0xC2, 0xE6,
    0xCC, 0xC9, 0xFF, 0xFE, 0xF2, 0xFD, 0xFB, 0xF0, 0xE2, 0xC4, 0xC2, 0xE2, 0xC4, 0xC2, 0xE2, 0xC5,
    0xC3, 0xE2, 0xC4, 0xC2, 0xE2, 0xC4, 0xC2, 0xE2, 0xC4, 0xC2, 0xE2, 0xC4, 0xC2, 0xE2, 0xC4, 0xC2,
    0xE2, 0xC4, 0xC2, 0xE2, 0xC4, 0xC2, 0xE2, 0xC4, 0xC2, 0xE2, 0xC4, 0xC2, 0xE2, 0xC4, 0xC2, 0xE2,
    0xC4, 0xC2, 0xE2, 0xC4, 0xC2, 0xE2, 0xC4, 0xC2, 0xE2, 0xC4, 0xC2, 0xE2, 0xC4, 0xC2, 0xE2, 0xC4,
    0xC2, 0xE2, 0xC3, 0xC2, 0xE2, 0xC4, 0xC2, 0xE2, 0xC3, 0xC2, 0xE2, 0xC4, 0xC2, 0xE2, 0xC4, 0xC2,
    0xE2, 0xC3, 0xC2, 0xCF, 0x92, 0xAC, 0xC9, 0x7F, 0xA5, 0xDC, 0xB6, 0xBB, 0xD0, 0x94, 0xAD, 0xC9,
    0x7E, 0xA4, 0xC9, 0x7D, 0xA4, 0xC9, 0x7D, 0xA4, 0xDA, 0xB1, 0xB9, 0xE2, 0xC4, 0xC2, 0xE2, 0xC3,
    0xC2, 0xD2, 0x9B, 0xAF, 0x9D, 0x57, 0x73, 0x79, 0x30, 0x41, 0x79, 0x30, 0x41, 0xAE, 0x66, 0x87,
    0xAE, 0x66, 0x87, 0x79, 0x30, 0x41, 0x79, 0x30, 0x41, 0x79, 0x30, 0x41, 0x79, 0x30, 0x41, 0x79,
    0x30, 0x41, 0x79, 0x30, 0x41, 0x65, 0x28, 0x37, 0x86, 0x73, 0x73, 0xDA, 0xB1, 0xB9, 0xAD, 0x6B,
    0x8D, 0x43, 0x1B, 0x28, 0x6B, 0x2C, 0x3C, 0x41, 0x19, 0x26, 0x79, 0x30, 0x41, 0x6C, 0x2B, 0x3A,
    0x0E, 0x0A, 0x15, 0x3B, 0x17, 0x23, 0x6E, 0x2B, 0x3B, 0x36, 0x15, 0x21, 0x79, 0x30, 0x41, 0x70,
    0x2C, 0x3D, 0x0D, 0x0A, 0x15, 0x30, 0x13, 0x1F, 0x79, 0x30, 0x41, 0x78, 0x30, 0x41, 0x74, 0x2E,
    0x3F, 0x0B, 0x0A, 0x15, 0x13, 0x0B, 0x16, 0x0C, 0x0A, 0x15, 0x0C, 0x0A, 0x15, 0x1B, 0x0D, 0x18,
    0x77, 0x2F, 0x40, 0x0E, 0x0A, 0x15, 0x0C, 0x0A, 0x15, 0x0C, 0x0A, 0x15, 0x0C, 0x0A, 0x15, 0x0C,
    0x0A, 0x15, 0x0B, 0x0A, 0x15, 0x0C, 0x0A, 0x15, 0x0C, 0x0A, 0x15, 0x0C, 0x0A, 0x15, 0x16, 0x0C,
    0x17, 0x0C, 0x0A, 0x15, 0x0C, 0x0A, 0x15, 0x0C, 0x0A, 0x15, 0x0B, 0x0A, 0x15, 0x0C, 0x0A, 0x15,
    0x0C, 0x0A, 0x15, 0x6D, 0x2B, 0x3B, 0x3B, 0x17, 0x24, 0x17, 0x0C, 0x17, 0x6B, 0x2A, 0x3A, 0x3D,
    0x18, 0x24, 0x0C, 0x0A, 0x15, 0x0C, 0x0A, 0x15, 0x0C, 0x0A, 0x15, 0x14, 0x0C, 0x17, 0x66, 0x28,
    0x37, 0x46, 0x1B, 0x28, 0x0C, 0x0A, 0x15, 0x13, 0x0B, 0x16, 0x10, 0x0B, 0x16, 0x0C, 0x0A, 0x15,
    0x61, 0x26, 0x35, 0x79, 0x30, 0x41, 0x79, 0x30, 0x41, 0x51, 0x20, 0x2D, 0x51, 0x20, 0x2D, 0x79,
    0x30, 0x41, 0x62, 0x26, 0x35, 0x91, 0x7C, 0x7C, 0xEB, 0xDA, 0xD4, 0xFE, 0xFD, 0xF1, 0xFD, 0xFC,
    0xF1, 0xFD, 0xFC, 0xF0, 0xFD, 0xFD, 0xF1, 0xFF, 0xFF, 0xF3, 0xF7, 0xF0, 0xE7, 0xE2, 0xC4, 0xC2,
    0xEA, 0xD6, 0xD1, 0xF8, 0xF3, 0xE9, 0xE2, 0xC4, 0xC2, 0xE3, 0xC6, 0xC3, 0xE3, 0xC5, 0xC3, 0xE2,
    0xC4, 0xC2, 0xE3, 0xC5, 0xC3, 0xE2, 0xC4, 0xC2, 0xE2, 0xC4, 0xC2, 0xE3, 0xC6, 0xC3, 0xE2, 0xC4,
    0xC2, 0xE2, 0xC4, 0xC2, 0xE2, 0xC4, 0xC2, 0xE3, 0xC6, 0xC3, 0xE3, 0xC6, 0xC3, 0xE2, 0xC4, 0xC2,
    0xE2, 0xC4, 0xC2, 0xE2, 0xC4, 0xC2, 0xE2, 0xC4, 0xC2, 0xE2, 0xC4, 0xC2, 0xE2, 0xC4, 0xC2, 0xE2,
    0xC4, 0xC2, 0xE2, 0xC4, 0xC2, 0xE2, 0xC4, 0xC2, 0xE2, 0xC4, 0xC2, 0xE2, 0xC4, 0xC2, 0xE2, 0xC4,
    0xC2, 0xE2, 0xC4, 0xC2, 0xE2, 0xC4, 0xC2, 0xE2, 0xC4, 0xC2, 0xE2, 0xC4, 0xC2, 0xE2, 0xC4, 0xC2,
    0xE2, 0xC4, 0xC2, 0xE2, 0xC4, 0xC2, 0xE2, 0xC4, 0xC2, 0xE2, 0xC4, 0xC2, 0xE2, 0xC4, 0xC2, 0xE2,
    0xC4, 0xC2, 0xE2, 0xC4, 0xC2, 0xCF, 0x92, 0xAC, 0xDC, 0xB6, 0xBB, 0xCF, 0x92, 0xAC, 0xC9, 0x7F,
    0xA5, 0xC9, 0x7E, 0xA4, 0xC9, 0x7D, 0xA4, 0xC9, 0x7D, 0xA4, 0xC9, 0x7D, 0xA4, 0xDA, 0xB1, 0xB9,
    0xE2, 0xC4, 0xC2, 0xD3, 0x9C, 0xB0, 0xC9, 0x7E, 0xA4, 0x9D, 0x57, 0x73, 0xAF, 0x67, 0x88, 0x9E,
    0x57, 0x74, 0xC0, 0x9C, 0x9D, 0xC0, 0x9C, 0x9D, 0x79, 0x30, 0x41, 0x79, 0x30, 0x41, 0x79, 0x30,
    0x41, 0x79, 0x30, 0x41, 0x79, 0x30, 0x41, 0x79, 0x30, 0x41, 0x79, 0x30, 0x41, 0x98, 0x53, 0x6D,
    0xB7, 0x6F, 0x91, 0x6A, 0x2C, 0x3C, 0x0F, 0x0B, 0x16, 0x42, 0x1A, 0x26, 0x78, 0x30, 0x41, 0x79,
    0x30, 0x41, 0x6C, 0x2B, 0x3A, 0x3A, 0x17, 0x23, 0x78, 0x30, 0x41, 0x6E, 0x2B, 0x3B, 0x36, 0x15,
    0x21, 0x79, 0x30, 0x41, 0x70, 0x2C, 0x3D, 0x0C, 0x0A, 0x15, 0x0C, 0x0A, 0x15, 0x16, 0x0C, 0x17,
    0x47, 0x2A, 0x3B, 0xC0, 0x77, 0x9C, 0x05, 0x08, 0x12, 0x1F, 0x0E, 0x19, 0x75, 0x2E, 0x3F, 0x0A,
    0x0A, 0x15, 0x0C, 0x0A, 0x15, 0x1A, 0x0D, 0x18, 0x78, 0x2F, 0x40, 0x0C, 0x0A, 0x15, 0x0C, 0x0A,
    0x15, 0x0C, 0x0A, 0x15, 0x0A, 0x0A, 0x15, 0x75, 0x2E, 0x3F, 0x1F, 0x0E, 0x19, 0x0C, 0x0A, 0x15,
    0x0C, 0x0A, 0x15, 0x0B, 0x0A, 0x15, 0x71, 0x2D, 0x3D, 0x2D, 0x12, 0x1E, 0x0C, 0x0A, 0x15, 0x6E,
    0x2C, 0x3C, 0x33, 0x14, 0x20, 0x0C, 0x0A, 0x15, 0x18, 0x0C, 0x18, 0x10, 0x0B, 0x16, 0x0C, 0x0A,
    0x15, 0x18, 0x0C, 0x17, 0x10, 0x0B, 0x16, 0x0C, 0x0A, 0x15, 0x0C, 0x0A, 0x15, 0x0C, 0x0A, 0x15,
    0x0A, 0x0A, 0x15, 0x67, 0x28, 0x38, 0x47, 0x1C, 0x29, 0x0C, 0x0A, 0x15, 0x62, 0x27, 0x36, 0x49,
    0x1D, 0x2A, 0x0C, 0x0A, 0x15, 0x61, 0x26, 0x35, 0x79, 0x30, 0x41, 0x79, 0x30, 0x41, 0x78, 0x2F,
    0x40, 0x78, 0x2F, 0x40, 0x79, 0x30, 0x41, 0x78, 0x30, 0x41, 0xA9, 0x82, 0x84, 0xE2, 0xC5, 0xC3,
    0xE3, 0xC6, 0xC4, 0xED, 0xDC, 0xD5, 0xF7, 0xEF, 0xE5, 0xE3, 0xC7, 0xC4, 0xE3, 0xC7, 0xC4, 0xE3,
    0xC6, 0xC4, 0xE2, 0xC4, 0xC2, 0xE2, 0xC5, 0xC3, 0xE3, 0xC6, 0xC4, 0xE2, 0xC4, 0xC2, 0xE2, 0xC4,
    0xC2, 0xE2, 0xC4, 0xC2, 0xE2, 0xC4, 0xC2, 0xE2, 0xC4, 0xC2, 0xE2, 0xC4, 0xC2, 0xE2, 0xC4, 0xC2,
    0xE2, 0xC4, 0xC2, 0xE2, 0xC4, 0xC2, 0xE2, 0xC4, 0xC2, 0xE2, 0xC4, 0xC2, 0xE2, 0xC4, 0xC2, 0xE2,
    0xC4, 0xC2, 0xE2, 0xC4, 0xC2, 0xE2, 0xC4, 0xC2, 0xE2, 0xC4, 0xC2, 0xE2, 0xC4, 0xC2, 0xE2, 0xC4,
    0xC2, 0xE2, 0xC4, 0xC2, 0xE2, 0xC4, 0xC2, 0xE2, 0xC4, 0xC2, 0xE2, 0xC4, 0xC2, 0xE2, 0xC4, 0xC2,
    0xE2, 0xC4, 0xC2, 0xE2, 0xC4, 0xC2, 0xE2, 0xC4, 0xC2, 0xE2, 0xC4, 0xC2, 0xE2, 0xC4, 0xC2, 0xE2,
    0xC4, 0xC2, 0xCD, 0x8B, 0xA9, 0xCA, 0x80, 0xA5, 0xDF, 0xBC, 0xBE, 0xCE, 0x8E, 0xAA, 0xCA, 0x80,
    0xA5, 0xDE, 0xBA, 0xBD, 0xCF, 0x91, 0xAB, 0xCA, 0x80, 0xA5, 0xC9, 0x7E, 0xA4, 0xCA, 0x7F, 0xA5,
    0xDC, 0xB5, 0xBB, 0xCF, 0x92, 0xAC, 0xC9, 0x7D, 0xA4, 0xC9, 0x7D, 0xA4, 0xC9, 0x7D, 0xA4, 0x99,
    0x53, 0x6E, 0xC9, 0xA7, 0xA7, 0xD3, 0x9B, 0xB0, 0x9D, 0x58, 0x73, 0x7D, 0x35, 0x47, 0xB0, 0x68,
    0x89, 0x9F, 0x58, 0x75, 0xC0, 0x9D, 0x9E, 0xE1, 0xC3, 0xC1, 0xB3, 0x9B, 0x9A, 0x85, 0x51, 0x6B,
    0xAE, 0x66, 0x86, 0x79, 0x30, 0x41, 0x79, 0x30, 0x41, 0x79, 0x30, 0x41, 0x65, 0x28, 0x37, 0x1A,
    0x0D, 0x18, 0x4C, 0x1F, 0x2D, 0x7C, 0x34, 0x46, 0x68, 0x29, 0x38, 0x41, 0x19, 0x26, 0x68, 0x29,
    0x39, 0x43, 0x1A, 0x27, 0x79, 0x30, 0x41, 0x6B, 0x2A, 0x3A, 0x10, 0x0B, 0x16, 0x1A, 0x0D, 0x18,
    0x18, 0x0C, 0x18, 0x36, 0x15, 0x21, 0x79, 0x30, 0x41, 0x70, 0x2C, 0x3D, 0x2F, 0x13, 0x1F, 0x77,
    0x2F, 0x40, 0x71, 0x2D, 0x3D, 0x45, 0x29, 0x3A, 0xC2, 0x78, 0x9E, 0x05, 0x08, 0x12, 0x20, 0x0E,
    0x1A, 0x77, 0x2F, 0x40, 0x0A, 0x0A, 0x15, 0x14, 0x0C, 0x17, 0x76, 0x2F, 0x40, 0x18, 0x0B, 0x16,
    0x0C, 0x0A, 0x15, 0x0C, 0x0A, 0x15, 0x0C, 0x0A, 0x15, 0x0C, 0x0A, 0x15, 0x1E, 0x0E, 0x19, 0x0E,
    0x0A, 0x15, 0x0A, 0x0A, 0x15, 0x0C, 0x0A, 0x15, 0x0C, 0x0A, 0x15, 0x1D, 0x0E, 0x19, 0x0F, 0x0B,
    0x16, 0x0C, 0x0A, 0x15, 0x1C, 0x0D, 0x19, 0x6E, 0x2B, 0x3B, 0x35, 0x15, 0x21, 0x0C, 0x0A, 0x15,
    0x0A, 0x0A, 0x15, 0x0C, 0x0A, 0x15, 0x0C, 0x0A, 0x15, 0x0C, 0x0A, 0x15, 0x0A, 0x0A, 0x15, 0x0B,
    0x0A, 0x15, 0x0C, 0x0A, 0x15, 0x65, 0x28, 0x37, 0x48, 0x1C, 0x29, 0x13, 0x0B, 0x16, 0x0A, 0x0A,
    0x15, 0x64, 0x27, 0x36, 0x4B, 0x1D, 0x2A, 0x0A, 0x0A, 0x15, 0x61, 0x26, 0x35, 0x79, 0x30, 0x41,
    0x79, 0x30, 0x41, 0x79, 0x30, 0x41, 0x79, 0x30, 0x41, 0x79, 0x30, 0x41, 0x79, 0x30, 0x41, 0xB9,
    0xA6, 0xA2, 0xFE, 0xFD, 0xF1, 0xF5, 0xEB, 0xE2, 0xEC, 0xDA, 0xD4, 0xF6, 0xEE, 0xE5, 0xE2, 0xC4,
    0xC2, 0xE2, 0xC4, 0xC2, 0xE2, 0xC4, 0xC2, 0xE2, 0xC4, 0xC2, 0xE2, 0xC4, 0xC2, 0xE2, 0xC4, 0xC2,
    0xE2, 0xC4, 0xC2, 0xE2, 0xC4, 0xC2, 0xE2, 0xC4, 0xC2, 0xE2, 0xC4, 0xC2, 0xE2, 0xC4, 0xC2, 0xE2,
    0xC4, 0xC2, 0xE2, 0xC4, 0xC2, 0xE2, 0xC4, 0xC2, 0xDF, 0xBD, 0xBF, 0xCA, 0x81, 0xA6, 0xCA, 0x81,
    0xA6, 0xCD, 0x8A, 0xA8, 0xE2, 0xC4, 0xC2, 0xE1, 0xC1, 0xC0, 0xCB, 0x85, 0xA7, 0xE2, 0xC4, 0xC2,
    0xE2, 0xC4, 0xC2, 0xE2, 0xC4, 0xC2, 0xE2, 0xC4, 0xC2, 0xE2, 0xC4, 0xC2, 0xE2, 0xC4, 0xC2, 0xE2,
    0xC4, 0xC2, 0xE2, 0xC4, 0xC2, 0xE2, 0xC4, 0xC2, 0xE2, 0xC4, 0xC2, 0xCC, 0x87, 0xA7, 0xE0, 0xC0,
    0xC0, 0xCD, 0x89, 0xA8, 0xE0, 0xBE, 0xBF, 0xE1, 0xC2, 0xC1, 0xE1, 0xC1, 0xC1, 0xCE, 0x8D, 0xAA,
    0xDD, 0xB9, 0xBD, 0xE1, 0xC1, 0xC1, 0xCF, 0x90, 0xAB, 0xC9, 0x7E, 0xA4, 0xDC, 0xB6, 0xBB, 0xCE,
    0x8F, 0xAB, 0xDC, 0xB4, 0xBB, 0xD0, 0x94, 0xAD, 0xDB, 0xB4, 0xBA, 0xD0, 0x93, 0xAC, 0xDA, 0xB1,
    0xB9, 0xE1, 0xC1, 0xC1, 0xDF, 0xC0, 0xBF, 0xD1, 0x99, 0xAE, 0x9D, 0x58, 0x73, 0xB1, 0x69, 0x8A,
    0xC6, 0x7A, 0xA1, 0x9E, 0x57, 0x74, 0xC1, 0x9D, 0x9E, 0xE1, 0xC3, 0xC1, 0xB1, 0x8B, 0x8D, 0xA1,
    0x5E, 0x79, 0xC7, 0x7B, 0xA2, 0xB0, 0x68, 0x89, 0x63, 0x27, 0x36, 0x4F, 0x1F, 0x2C, 0x79, 0x30,
    0x41, 0x78, 0x2F, 0x40, 0x62, 0x26, 0x35, 0x47, 0x1C, 0x29, 0x79, 0x30, 0x41, 0x78, 0x30, 0x41,
    0x77, 0x2F, 0x40, 0x69, 0x29, 0x39, 0x3F, 0x18, 0x25, 0x90, 0x4A, 0x62, 0xB1, 0x6D, 0x90, 0x39,
    0x16, 0x23, 0x6B, 0x2A, 0x3A, 0x0C, 0x0A, 0x15, 0x36, 0x15, 0x21, 0x79, 0x30, 0x41, 0x70, 0x2C,
    0x3D, 0x0F, 0x0B, 0x16, 0x34, 0x15, 0x21, 0x79, 0x30, 0x41, 0x82, 0x3C, 0x51, 0xC2, 0x78, 0x9E,
    0x05, 0x08, 0x12, 0x0D, 0x0A, 0x15, 0x1D, 0x0E, 0x19, 0x19, 0x0D, 0x18, 0x75, 0x2E, 0x3F, 0x27,
    0x14, 0x20, 0xC4, 0x7A, 0xA0, 0x0C, 0x0A, 0x15, 0x0C, 0x0A, 0x15, 0x0C, 0x0A, 0x15, 0x0C, 0x0A,
    0x15, 0x0C, 0x0A, 0x15, 0x0A, 0x0A, 0x15, 0x72, 0x2D, 0x3D, 0x25, 0x10, 0x1B, 0x0C, 0x0A, 0x15,
    0x0C, 0x0A, 0x15, 0x0A, 0x0A, 0x15, 0x0C, 0x0A, 0x15, 0x0C, 0x0A, 0x15, 0x1F, 0x0E, 0x19, 0x12,
    0x0B, 0x16, 0x0C, 0x0A, 0x15, 0x6A, 0x2A, 0x39, 0x39, 0x16, 0x23, 0x0C, 0x0A, 0x15, 0x0A, 0x0A,
    0x15, 0x67, 0x29, 0x38, 0x3F, 0x19, 0x25, 0x0C, 0x0A, 0x15, 0x1D, 0x0E, 0x19, 0x0F, 0x03, 0x12,
    0x07, 0x06, 0x13, 0x62, 0x26, 0x35, 0x4C, 0x1D, 0x2B, 0x62, 0x26, 0x35, 0x75, 0x2F, 0x3F, 0x78,
    0x2F, 0x40, 0x79, 0x30, 0x41, 0x79, 0x30, 0x41, 0x79, 0x30, 0x41, 0x79, 0x30, 0x41, 0x79, 0x30,
    0x41, 0x79, 0x30, 0x41, 0xBA, 0xA8, 0xA3, 0xF6, 0xED, 0xE4, 0xE3, 0xC7, 0xC4, 0xE3, 0xC6, 0xC3,
    0xE3, 0xC7, 0xC5, 0xE2, 0xC4, 0xC2, 0xDC, 0xB4, 0xBA, 0xD2, 0x99, 0xAF, 0xE2, 0xC4, 0xC2, 0xDC,
    0xB6, 0xBB, 0xCB, 0x83, 0xA6, 0xD0, 0x95, 0xAD, 0xDD, 0xB8, 0xBC, 0xCB, 0x83, 0xA6, 0xCB, 0x83,
    0xA6, 0xCF, 0x92, 0xAC, 0xDE, 0xBB, 0xBE, 0xCB, 0x83, 0xA6, 0xCE, 0x8F, 0xAA, 0xE2, 0xC4, 0xC2,
    0xE0, 0xC0, 0xC0, 0xDE, 0xBB, 0xBE, 0xCB, 0x85, 0xA7, 0xE0, 0xC0, 0xC0, 0xCC, 0x87, 0xA8, 0xE1,
    0xC1, 0xC1, 0xE2, 0xC4, 0xC2, 0xE2, 0xC4, 0xC2, 0xE2, 0xC4, 0xC2, 0xE2, 0xC3, 0xC2, 0xCB, 0x84,
    0xA6, 0xE2, 0xC4, 0xC2, 0xCB, 0x84, 0xA7, 0xE1, 0xC3, 0xC1, 0xE2, 0xC4, 0xC2, 0xCC, 0x87, 0xA7,
    0xDF, 0xBD, 0xBF, 0xE2, 0xC4, 0xC2, 0xCB, 0x85, 0xA7, 0xE0, 0xBE, 0xBF, 0xE2, 0xC4, 0xC2, 0xE2,
    0xC4, 0xC2, 0xE1, 0xC1, 0xC0, 0xE2, 0xC3, 0xC2, 0xCF, 0x91, 0xAB, 0xDD, 0xB7, 0xBC, 0xE0, 0xC0,
    0xC0, 0xE2, 0xC3, 0xC2, 0xE1, 0xC1, 0xC1, 0xE2, 0xC3, 0xC2, 0xE1, 0xC1, 0xC1, 0xE2, 0xC3, 0xC2,
    0xE1, 0xC1, 0xC1, 0xE2, 0xC3, 0xC2, 0xE2, 0xC4, 0xC2, 0xD2, 0x9B, 0xAF, 0xDA, 0xB0, 0xB8, 0xDE,
    0xBF, 0xBE, 0xDF, 0xC0, 0xBF, 0xE0, 0xC0, 0xC0, 0xDE, 0xBF, 0xBE, 0xE0, 0xC2, 0xC0, 0xB1, 0x8A,
    0x8C, 0xBF, 0x9C, 0x9D, 0xBE, 0x9A, 0x9C, 0x80, 0x39, 0x4D, 0x7E, 0x36, 0x48, 0x78, 0x2F, 0x40,
    0x77, 0x2F, 0x40, 0x79, 0x2F, 0x40, 0x98, 0x51, 0x6C, 0xA5, 0x65, 0x86, 0x47, 0x1C, 0x29, 0x79,
    0x30, 0x41, 0x79, 0x30, 0x41, 0x79, 0x30, 0x41, 0x78, 0x2F, 0x40, 0x8E, 0x4A, 0x63, 0xC6, 0x7B,
    0xA1, 0xBA, 0x71, 0x95, 0x76, 0x2E, 0x3F, 0x6D, 0x2B, 0x3B, 0x36, 0x15, 0x21, 0x76, 0x2F, 0x3F,
    0x70, 0x2C, 0x3D, 0x1F, 0x0E, 0x19, 0x2F, 0x13, 0x1F, 0x6F, 0x2C, 0x3C, 0x22, 0x0F, 0x1A, 0x4B,
    0x2B, 0x3C, 0xC2, 0x78, 0x9E, 0x05, 0x08, 0x12, 0x1F, 0x0E, 0x19, 0x73, 0x2E, 0x3E, 0x14, 0x0A,
    0x15, 0x79, 0x30, 0x41, 0x76, 0x2F, 0x3F, 0x80, 0x39, 0x4D, 0x0C, 0x0A, 0x15, 0x0C, 0x0A, 0x15,
    0x0C, 0x0A, 0x15, 0x0C, 0x0A, 0x15, 0x0C, 0x0A, 0x15, 0x0C, 0x0A, 0x15, 0x24, 0x10, 0x1B, 0x0F,
    0x0B, 0x16, 0x0C, 0x0A, 0x15, 0x0B, 0x0A, 0x15, 0x6E, 0x2B, 0x3B, 0x2E, 0x13, 0x1E, 0x0C, 0x0A,
    0x15, 0x0B, 0x0A, 0x15, 0x0C, 0x0A, 0x15, 0x0C, 0x0A, 0x15, 0x21, 0x0F, 0x1A, 0x13, 0x0B, 0x16,
    0x0C, 0x0A, 0x15, 0x67, 0x29, 0x38, 0x44, 0x1B, 0x27, 0x15, 0x0C, 0x17, 0x0B, 0x0A, 0x15, 0x0C,
    0x0A, 0x15, 0xD2, 0xD2, 0xC8, 0xAB, 0x96, 0x93, 0x4B, 0x1D, 0x2A, 0x17, 0x0C, 0x17, 0x1E, 0x0E,
    0x19, 0x64, 0x27, 0x37, 0x52, 0x20, 0x2E, 0x25, 0x10, 0x1B, 0x62, 0x26, 0x35, 0x79, 0x30, 0x41,
    0x79, 0x30, 0x41, 0x79, 0x30, 0x41, 0x79, 0x30, 0x41, 0xBA, 0xA8, 0xA3, 0xF5, 0xEC, 0xE3, 0xE2,
    0xC4, 0xC2, 0xE2, 0xC4, 0xC2, 0xDB, 0xB3, 0xBA, 0xD2, 0x9B, 0xB0, 0xDB, 0xB3, 0xBA, 0xCA, 0x7F,
    0xA5, 0xD2, 0x99, 0xAE, 0xDC, 0xB5, 0xBB, 0xCF, 0x91, 0xAB, 0xE1, 0xC1, 0xC0, 0xE2, 0xC3, 0xC2,
    0xE0, 0xC0, 0xC0, 0xDC, 0xB5, 0xBB, 0xCE, 0x8D, 0xAA, 0xDE, 0xBA, 0xBD, 0xCD, 0x8A, 0xA9, 0xE0,
    0xC0, 0xC0, 0xE2, 0xC4, 0xC2, 0xE2, 0xC4, 0xC2, 0xE2, 0xC4, 0xC2, 0xE0, 0xC0, 0xC0, 0xE2, 0xC4,
    0xC2, 0xDF, 0xBC, 0xBE, 0xCC, 0x88, 0xA8, 0xE2, 0xC4, 0xC2, 0xE1, 0xC3, 0xC1, 0xCC, 0x86, 0xA7,
    0xE2, 0xC4, 0xC2, 0xE0, 0xBF, 0xC0, 0xCB, 0x85, 0xA7, 0xE0, 0xBF, 0xBF, 0xE2, 0xC4, 0xC2, 0xE2,
    0xC4, 0xC2, 0xE0, 0xC0, 0xC0, 0xE2, 0xC4, 0xC2, 0xE2, 0xC4, 0xC2, 0xE0, 0xC0, 0xC0, 0xCD, 0x8C,
    0xA9, 0xDF, 0xBE, 0xBF, 0xE2, 0xC4, 0xC2, 0xE2, 0xC4, 0xC2, 0xE2, 0xC4, 0xC2, 0xE0, 0xC0, 0xC0,
    0xE2, 0xC3, 0xC2, 0xE2, 0xC4, 0xC2, 0xE2, 0xC4, 0xC2, 0xE2, 0xC4, 0xC2, 0xE2, 0xC4, 0xC2, 0xE2,
    0xC4, 0xC2, 0xE2, 0xC4, 0xC2, 0xE2, 0xC4, 0xC2, 0xE2, 0xC4, 0xC2, 0xE2, 0xC4, 0xC2, 0xA7, 0x7B,
    0x81, 0xCA, 0xA8, 0xA8, 0xE2, 0xC4, 0xC2, 0xE2, 0xC4, 0xC2, 0xE2, 0xC4, 0xC2, 0xE2, 0xC4, 0xC2,
    0xB0, 0x8A, 0x8C, 0xC0, 0x9D, 0x9D, 0x9B, 0x85, 0x85, 0x60, 0x38, 0x40, 0x79, 0x30, 0x41, 0x63,
    0x27, 0x36, 0x52, 0x20, 0x2E, 0x79, 0x30, 0x41, 0xB3, 0x9E, 0x9B, 0xF9, 0xF7, 0xEC, 0xD3, 0xD0,
    0xC8, 0x47, 0x1C, 0x29, 0x79, 0x30, 0x41, 0x79, 0x30, 0x41, 0x79, 0x30, 0x41, 0x91, 0x4B, 0x64,
    0xB7, 0x6E, 0x90, 0x97, 0x51, 0x6B, 0xC8, 0x7C, 0xA3, 0xB7, 0x6E, 0x91, 0x6D, 0x2B, 0x3B, 0x38,
    0x16, 0x22, 0x70, 0x2C, 0x3C, 0x3C, 0x17, 0x24, 0x6C, 0x2B, 0x3A, 0x30, 0x13, 0x1F, 0x72, 0x2D,
    0x3D, 0x0B, 0x0A, 0x15, 0x2B, 0x14, 0x20, 0x7D, 0x38, 0x4C, 0x0A, 0x0A, 0x14, 0x0E, 0x0A, 0x15,
    0x38, 0x1E, 0x2C, 0xC0, 0x77, 0x9C, 0x79, 0x30, 0x41, 0x78, 0x30, 0x41, 0x25, 0x10, 0x1B, 0x0C,
    0x0A, 0x15, 0x0C, 0x0A, 0x15, 0x0C, 0x0A, 0x15, 0x0C, 0x0A, 0x15, 0x0C, 0x0A, 0x15, 0x0B, 0x0A,
    0x15, 0x0C, 0x0A, 0x15, 0x0C, 0x0A, 0x15, 0x0C, 0x0A, 0x15, 0x0C, 0x0A, 0x15, 0x26, 0x10, 0x1C,
    0x12, 0x0B, 0x16, 0x0C, 0x0A, 0x15, 0x6A, 0x2A, 0x3A, 0x34, 0x15, 0x20, 0x0C, 0x0A, 0x15, 0x68,
    0x29, 0x39, 0x38, 0x16, 0x22, 0x0C, 0x0A, 0x15, 0x24, 0x0F, 0x1B, 0x16, 0x0C, 0x17, 0x0C, 0x0A,
    0x15, 0x64, 0x27, 0x36, 0x41, 0x19, 0x26, 0xDA, 0xDA, 0xD0, 0x9B, 0x99, 0x92, 0x18, 0x0C, 0x18,
    0x0B, 0x0A, 0x15, 0x5F, 0x25, 0x34, 0x77, 0x2F, 0x40, 0x76, 0x2F, 0x3F, 0x74, 0x2E, 0x3E, 0x51,
    0x20, 0x2D, 0x62, 0x26, 0x35, 0x79, 0x30, 0x41, 0x79, 0x30, 0x41, 0x9B, 0x55, 0x70, 0xDC, 0xBA,
    0xC3, 0xF5, 0xEC, 0xE3, 0xE2, 0xC4, 0xC2, 0xE2, 0xC4, 0xC2, 0xE1, 0xC2, 0xC1, 0xE0, 0xC0, 0xC0,
    0xE1, 0xC2, 0xC1, 0xE0, 0xBF, 0xBF, 0xE0, 0xC0, 0xC0, 0xE1, 0xC3, 0xC1, 0xE0, 0xC0, 0xC0, 0xE2,
    0xC4, 0xC2, 0xE2, 0xC4, 0xC2, 0xE2, 0xC4, 0xC2, 0xE2, 0xC3, 0xC1, 0xE0, 0xC0, 0xC0, 0xDE, 0xBA,
    0xBD, 0xCD, 0x8B, 0xA9, 0xE2, 0xC4, 0xC2, 0xDF, 0xBD, 0xBF, 0xCB, 0x86, 0xA7, 0xCE, 0x8E, 0xAA,
    0xE2, 0xC4, 0xC2, 0xE2, 0xC4, 0xC2, 0xE1, 0xC0, 0xC0, 0xCA, 0x81, 0xA5, 0xE1, 0xC2, 0xC1, 0xCB,
    0x85, 0xA7, 0xC9, 0x7D, 0xA4, 0xCC, 0x87, 0xA7, 0xE2, 0xC4, 0xC2, 0xE0, 0xBF, 0xBF, 0xE2, 0xC4,
    0xC2, 0xE2, 0xC4, 0xC2, 0xCC, 0x89, 0xA8, 0xE1, 0xC1, 0xC1, 0xE2, 0xC4, 0xC2, 0xE2, 0xC4, 0xC2,
    0xE2, 0xC4, 0xC2, 0xE0, 0xBF, 0xC0, 0xE2, 0xC3, 0xC2, 0xE2, 0xC4, 0xC2, 0xE2, 0xC4, 0xC2, 0xE2,
    0xC4, 0xC2, 0xE2, 0xC4, 0xC2, 0xE2, 0xC4, 0xC2, 0xE2, 0xC4, 0xC2, 0xE2, 0xC4, 0xC2, 0xE2, 0xC4,
    0xC2, 0xE2, 0xC4, 0xC2, 0xE2, 0xC4, 0xC2, 0xE2, 0xC4, 0xC2, 0xE2, 0xC4, 0xC2, 0xE2, 0xC4, 0xC2,
    0xE2, 0xC4, 0xC2, 0xA3, 0x78, 0x7C, 0xC8, 0xA7, 0xA6, 0xE2, 0xC4, 0xC2, 0xE2, 0xC4, 0xC2, 0xF3,
    0xE9, 0xE0, 0xBE, 0xAB, 0xA6, 0xD5, 0xCA, 0xC2, 0xBE, 0xAB, 0xA6, 0x7C, 0x3E, 0x4A, 0x76, 0x2F,
    0x3F, 0x62, 0x27, 0x36, 0x50, 0x1F, 0x2D, 0x76, 0x2F, 0x3F, 0x79, 0x30, 0x41, 0xB8, 0xA4, 0xA0,
    0xD9, 0xD9, 0xCF, 0x49, 0x49, 0x48, 0x46, 0x1B, 0x28, 0x94, 0x4E, 0x68, 0xB2, 0x6A, 0x8B, 0x92,
    0x4C, 0x66, 0xC5, 0x79, 0x9F, 0xB9, 0x70, 0x93, 0x7C, 0x33, 0x45, 0x97, 0x51, 0x6B, 0xC8, 0x7C,
    0xA3, 0xB1, 0x6D, 0x8F, 0x38, 0x16, 0x22, 0x6F, 0x2C, 0x3C, 0x34, 0x15, 0x21, 0x70, 0x2C, 0x3D,
    0x30, 0x13, 0x1F, 0x72, 0x2D, 0x3D, 0x29, 0x11, 0x1D, 0x7E, 0x3A, 0x4E, 0xBC, 0x74, 0x98, 0x06,
    0x08, 0x13, 0x33, 0x1F, 0x2D, 0xC1, 0x78, 0x9D, 0xC6, 0x7B, 0xA2, 0x27, 0x10, 0x1B, 0x2B, 0x12,
    0x1D, 0x73, 0x2E, 0x3E, 0x0C, 0x0A, 0x15, 0x0C, 0x0A, 0x15, 0x0C, 0x0A, 0x15, 0x0C, 0x0A, 0x15,
    0x0A, 0x0A, 0x15, 0x70, 0x2C, 0x3C, 0x21, 0x0F, 0x1A, 0x0C, 0x0A, 0x15, 0x0C, 0x0A, 0x15, 0x0C,
    0x0A, 0x15, 0x0C, 0x0A, 0x15, 0x0C, 0x0A, 0x15, 0x0C, 0x0A, 0x15, 0x28, 0x11, 0x1C, 0x14, 0x0C,
    0x17, 0x0C, 0x0A, 0x15, 0x27, 0x11, 0x1C, 0x16, 0x0C, 0x17, 0x0C, 0x0A, 0x15, 0x0C, 0x0A, 0x15,
    0x0C, 0x0A, 0x15, 0x0C, 0x0A, 0x15, 0x25, 0x10, 0x1B, 0x19, 0x0D, 0x18, 0xDA, 0xDA, 0xD0, 0x98,
    0x98, 0x92, 0x60, 0x25, 0x34, 0x73, 0x2D, 0x3E, 0x4E, 0x1E, 0x2C, 0x2B, 0x12, 0x1D, 0x64, 0x27,
    0x37, 0x79, 0x30, 0x41, 0x75, 0x2E, 0x3F, 0x76, 0x2F, 0x40, 0x79, 0x30, 0x41, 0x79, 0x30, 0x41,
    0x9E, 0x58, 0x74, 0xD4, 0xA0, 0xB3, 0xE4, 0xC9, 0xC6, 0xE2, 0xC4, 0xC2, 0xE2, 0xC4, 0xC2, 0xE2,
    0xC4, 0xC2, 0xE2, 0xC4, 0xC2, 0xE2, 0xC4, 0xC2, 0xE2, 0xC4, 0xC2, 0xE2, 0xC4, 0xC2, 0xE2, 0xC4,
    0xC2, 0xE2, 0xC4, 0xC2, 0xE2, 0xC4, 0xC2, 0xE2, 0xC4, 0xC2, 0xE2, 0xC4, 0xC2, 0xE2, 0xC4, 0xC2,
    0xE2, 0xC4, 0xC2, 0xE2, 0xC3, 0xC1, 0xE0, 0xBF, 0xBF, 0xE2, 0xC4, 0xC2, 0xE2, 0xC3, 0xC2, 0xDF,
    0xBE, 0xBF, 0xE0, 0xBE, 0xBF, 0xE2, 0xC4, 0xC2, 0xE2, 0xC4, 0xC2, 0xE2, 0xC4, 0xC2, 0xE0, 0xBE,
    0xBF, 0xE2, 0xC4, 0xC2, 0xDF, 0xBE, 0xBF, 0xDF, 0xBE, 0xBF, 0xDF, 0xBE, 0xBF, 0xE2, 0xC4, 0xC2,
    0xE2, 0xC4, 0xC2, 0xE2, 0xC4, 0xC2, 0xE2, 0xC4, 0xC2, 0xDF, 0xBE, 0xBF, 0xE2, 0xC4, 0xC2, 0xE2,
    0xC4, 0xC2, 0xE2, 0xC4, 0xC2, 0xE2, 0xC4, 0xC2, 0xE2, 0xC4, 0xC2, 0xE2, 0xC4, 0xC2, 0xE2, 0xC4,
    0xC2, 0xE2, 0xC4, 0xC2, 0xE2, 0xC4, 0xC2, 0xE2, 0xC4, 0xC2, 0xE2, 0xC4, 0xC2, 0xE2, 0xC4, 0xC2,
    0xE2, 0xC4, 0xC2, 0xE2, 0xC4, 0xC2, 0xE2, 0xC4, 0xC2, 0xE2, 0xC4, 0xC2, 0xE2, 0xC4, 0xC2, 0xE2,
    0xC4, 0xC2, 0xE2, 0xC4, 0xC2, 0xE2, 0xC4, 0xC2, 0xCD, 0x94, 0xA9, 0xD8, 0xB0, 0xB7, 0xF4, 0xE9,
    0xE1, 0xFC, 0xF9, 0xEE, 0xC0, 0xAF, 0xAA, 0xB2, 0x72, 0x8D, 0xCB, 0x8A, 0xA8, 0xA3, 0x66, 0x7C,
    0x79, 0x30, 0x41, 0x79, 0x30, 0x41, 0x77, 0x2F, 0x40, 0x75, 0x2E, 0x3F, 0x79, 0x30, 0x41, 0x79,
    0x30, 0x41, 0x71, 0x45, 0x4C, 0x66, 0x52, 0x53, 0x73, 0x2D, 0x3E, 0x92, 0x4E, 0x68, 0xC4, 0x79,
    0x9F, 0xB7, 0x6E, 0x90, 0x95, 0x4F, 0x68, 0xC9, 0x7D, 0xA4, 0xB9, 0x70, 0x93, 0x79, 0x30, 0x41,
    0x90, 0x4A, 0x63, 0xBD, 0x73, 0x97, 0x78, 0x38, 0x4C, 0x38, 0x16, 0x22, 0x78, 0x30, 0x40, 0x74,
    0x2E, 0x3E, 0x70, 0x2C, 0x3D, 0x30, 0x13, 0x1F, 0x72, 0x2D, 0x3D, 0x11, 0x0B, 0x16, 0x3C, 0x1A,
    0x27, 0x80, 0x3C, 0x51, 0x09, 0x09, 0x14, 0x36, 0x20, 0x2F, 0xC6, 0x7B, 0xA1, 0x48, 0x2B, 0x3C,
    0x0C, 0x0A, 0x15, 0x13, 0x0B, 0x16, 0x79, 0x30, 0x41, 0x0C, 0x0A, 0x15, 0x0C, 0x0A, 0x15, 0x0C,
    0x0A, 0x15, 0x0C, 0x0A, 0x15, 0x0C, 0x0A, 0x15, 0x2D, 0x12, 0x1E, 0x10, 0x0B, 0x16, 0x0C, 0x0A,
    0x15, 0x0C, 0x0A, 0x15, 0x0B, 0x0A, 0x15, 0x6B, 0x2A, 0x3A, 0x2D, 0x12, 0x1E, 0x0C, 0x0A, 0x15,
    0x0C, 0x0A, 0x15, 0x68, 0x29, 0x38, 0x34, 0x15, 0x21, 0x0C, 0x0A, 0x15, 0x0C, 0x0A, 0x15, 0x65,
    0x28, 0x37, 0x3A, 0x17, 0x23, 0x0C, 0x0A, 0x15, 0x0C, 0x0A, 0x15, 0x0C, 0x0A, 0x15, 0x0C, 0x0A,
    0x15, 0xDA, 0xDA, 0xD0, 0x98, 0x98, 0x92, 0x26, 0x10, 0x1C, 0x2E, 0x13, 0x1E, 0x60, 0x26, 0x35,
    0x47, 0x1C, 0x29, 0x61, 0x26, 0x35, 0x55, 0x21, 0x2F, 0x63, 0x27, 0x36, 0x79, 0x30, 0x41, 0x79,
    0x30, 0x41, 0x79, 0x30, 0x41, 0xAA, 0x7F, 0x84, 0xE0, 0xC0, 0xC0, 0xE2, 0xC4, 0xC2, 0xE2, 0xC4,
    0xC2, 0xE2, 0xC4, 0xC2, 0xE2, 0xC4, 0xC2, 0xDC, 0xB4, 0xBB, 0xD3, 0x9D, 0xB0, 0xDC, 0xB6, 0xBB,
    0xCC, 0x89, 0xA8, 0xCC, 0x89, 0xA8, 0xCC, 0x89, 0xA8, 0xD2, 0x99, 0xAF, 0xDE, 0xB9, 0xBD, 0xCC,
    0x89, 0xA8, 0xD1, 0x97, 0xAE, 0xE2, 0xC4, 0xC2, 0xE2, 0xC4, 0xC2, 0xE2, 0xC4, 0xC2, 0xE2, 0xC4,
    0xC2, 0xE2, 0xC4, 0xC2, 0xE2, 0xC4, 0xC2, 0xE2, 0xC4, 0xC2, 0xE2, 0xC4, 0xC2, 0xE2, 0xC4, 0xC2,
    0xE2, 0xC4, 0xC2, 0xE2, 0xC4, 0xC2, 0xE2, 0xC4, 0xC2, 0xE2, 0xC4, 0xC2, 0xE2, 0xC4, 0xC2, 0xE2,
    0xC4, 0xC2, 0xE2, 0xC4, 0xC2, 0xE2, 0xC4, 0xC2, 0xE2, 0xC4, 0xC2, 0xE2, 0xC4, 0xC2, 0xE2, 0xC4,
    0xC2, 0xE2, 0xC4, 0xC2, 0xE2, 0xC4, 0xC2, 0xE2, 0xC4, 0xC2, 0xE2, 0xC4, 0xC2, 0xE2, 0xC4, 0xC2,
    0xE2, 0xC4, 0xC2, 0xE2, 0xC4, 0xC2, 0xE2, 0xC4, 0xC2, 0xE2, 0xC4, 0xC2, 0xE2, 0xC4, 0xC2, 0xE2,
    0xC4, 0xC2, 0xE2, 0xC4, 0xC2, 0xE2, 0xC4, 0xC2, 0xE2, 0xC4, 0xC2, 0xE2, 0xC4, 0xC2, 0xE2, 0xC4,
    0xC2, 0xE2, 0xC4, 0xC2, 0xE2, 0xC4, 0xC2, 0xE2, 0xC4, 0xC2, 0xE2, 0xC4, 0xC2, 0xE0, 0xBF, 0xC0,
    0xE1, 0xC2, 0xC1, 0xE5, 0xCA, 0xC7, 0xE6, 0xCD, 0xC9, 0xCF, 0x9D, 0xAE, 0xA0, 0x59, 0x76, 0x87,
    0x40, 0x56, 0xAD, 0x65, 0x86, 0x9C, 0x55, 0x71, 0x79, 0x30, 0x41, 0x79, 0x30, 0x41, 0x79, 0x30,
    0x41, 0x79, 0x30, 0x41, 0x79, 0x30, 0x41, 0x76, 0x2F, 0x40, 0x74, 0x2E, 0x3F, 0x68, 0x29, 0x38,
    0x57, 0x27, 0x37, 0x9E, 0x58, 0x75, 0xC7, 0x7B, 0xA2, 0xC3, 0x78, 0x9E, 0xBB, 0x71, 0x95, 0x83,
    0x3D, 0x51, 0x79, 0x30, 0x41, 0x90, 0x4A, 0x63, 0xBC, 0x72, 0x96, 0x6D, 0x2B, 0x3B, 0x16, 0x0C,
    0x17, 0x2E, 0x13, 0x1E, 0x2E, 0x13, 0x1E, 0x2B, 0x12, 0x1D, 0x14, 0x0B, 0x17, 0x2B, 0x12, 0x1D,
    0x0C, 0x0A, 0x15, 0x12, 0x0B, 0x16, 0x2C, 0x12, 0x1E, 0x0C, 0x0A, 0x15, 0x16, 0x0E, 0x1A, 0x4D,
    0x2E, 0x40, 0x0B, 0x0A, 0x15, 0x0C, 0x0A, 0x15, 0x13, 0x0B, 0x16, 0x79, 0x30, 0x41, 0x0C, 0x0A,
    0x15, 0x0C, 0x0A, 0x15, 0x0B, 0x0A, 0x15, 0x6F, 0x2C, 0x3C, 0x1B, 0x0D, 0x18, 0x0C, 0x0A, 0x15,
    0x0C, 0x0A, 0x15, 0x0C, 0x0A, 0x15, 0x0C, 0x0A, 0x15, 0x0C, 0x0A, 0x15, 0x2E, 0x13, 0x1E, 0x15,
    0x0C, 0x17, 0x0C, 0x0A, 0x15, 0x0C, 0x0A, 0x15, 0x2C, 0x12, 0x1E, 0x17, 0x0C, 0x17, 0x0C, 0x0A,
    0x15, 0x0C, 0x0A, 0x15, 0x2B, 0x12, 0x1D, 0x19, 0x0D, 0x18, 0x0C, 0x0A, 0x15, 0x0C, 0x0A, 0x15,
    0x0C, 0x0A, 0x15, 0x0C, 0x0A, 0x15, 0xDA, 0xDA, 0xD0, 0x98, 0x98, 0x92, 0x0C, 0x0A, 0x15, 0x0C,
    0x0A, 0x15, 0x28, 0x11, 0x1C, 0x1F, 0x0E, 0x19, 0x61, 0x26, 0x35, 0x74, 0x2E, 0x3E, 0x76, 0x2F,
    0x3F, 0x79, 0x30, 0x41, 0x79, 0x30, 0x41, 0x64, 0x27, 0x36, 0x8A, 0x5A, 0x6F, 0xD5, 0xA3, 0xB3,
    0xE2, 0xC4, 0xC2, 0xE2, 0xC4, 0xC2, 0xDB, 0xB3, 0xBA, 0xD4, 0xA0, 0xB1, 0xDB, 0xB2, 0xB9, 0xD1,
    0x96, 0xAE, 0xE1, 0xC2, 0xC1, 0xDF, 0xBC, 0xBE, 0xDF, 0xBC, 0xBE, 0xDF, 0xBC, 0xBE, 0xDF, 0xBE,
    0xBF, 0xE1, 0xC2, 0xC1, 0xDF, 0xBC, 0xBE, 0xDF, 0xBE, 0xBF, 0xE2, 0xC4, 0xC2, 0xE2, 0xC4, 0xC2,
    0xE2, 0xC4, 0xC2, 0xE2, 0xC4, 0xC2, 0xE2, 0xC4, 0xC2, 0xE2, 0xC4, 0xC2, 0xE2, 0xC4, 0xC2, 0xE2,
    0xC4, 0xC2, 0xE2, 0xC4, 0xC2, 0xE2, 0xC4, 0xC2, 0xE2, 0xC4, 0xC2, 0xE2, 0xC4, 0xC2, 0xE2, 0xC4,
    0xC2, 0xE2, 0xC4, 0xC2, 0xE2, 0xC4, 0xC2, 0xE2, 0xC4, 0xC2, 0xE2, 0xC4, 0xC2, 0xE2, 0xC4, 0xC2,
    0xE2, 0xC4, 0xC2, 0xE2, 0xC4, 0xC2, 0xE2, 0xC4, 0xC2, 0xE2, 0xC4, 0xC2, 0xE2, 0xC4, 0xC2, 0xE2,
    0xC4, 0xC2, 0xE2, 0xC4, 0xC2, 0xE2, 0xC4, 0xC2, 0xE2, 0xC4, 0xC2, 0xE2, 0xC4, 0xC2, 0xE2, 0xC4,
    0xC2, 0xE2, 0xC4, 0xC2, 0xE2, 0xC4, 0xC2, 0xE2, 0xC4, 0xC2, 0xE2, 0xC4, 0xC2, 0xF6, 0xEE, 0xE4,
    0xE8, 0xD1, 0xCD, 0xE2, 0xC4, 0xC2, 0xF5, 0xEC, 0xE3, 0xFB, 0xF8, 0xED, 0xFB, 0xF8, 0xED, 0xEA,
    0xD5, 0xD0, 0xE2, 0xC4, 0xC2, 0xE2, 0xC4, 0xC2, 0xB0, 0x8A, 0x8C, 0xCA, 0xA9, 0xA9, 0xD2, 0x9B,
    0xB0, 0x9D, 0x57, 0x73, 0xA9, 0x62, 0x81, 0xC6, 0x7A, 0xA0, 0xA0, 0x59, 0x76, 0x9B, 0x55, 0x71,
    0xA8, 0x61, 0x80, 0x79, 0x30, 0x41, 0x79, 0x30, 0x41, 0x79, 0x30, 0x41, 0x79, 0x30, 0x41, 0x79,
    0x30, 0x41, 0x65, 0x28, 0x37, 0x72, 0x44, 0x5C, 0xC3, 0x78, 0x9D, 0xC9, 0x7D, 0xA4, 0xC9, 0x7D,
    0xA4, 0xB8, 0x6F, 0x92, 0x79, 0x30, 0x41, 0x79, 0x30, 0x41, 0x90, 0x4A, 0x63, 0xB6, 0x70, 0x94,
    0x2C, 0x12, 0x1E, 0x34, 0x15, 0x21, 0x67, 0x29, 0x38, 0x0C, 0x0A, 0x15, 0x0C, 0x0A, 0x15, 0x2D,
    0x12, 0x1E, 0x6A, 0x2A, 0x39, 0x0B, 0x0A, 0x15, 0x26, 0x10, 0x1B, 0x6D, 0x2B, 0x3B, 0x20, 0x0E,
    0x1A, 0x6E, 0x2B, 0x3B, 0x0A, 0x0A, 0x15, 0x0C, 0x0A, 0x15, 0x0C, 0x0A, 0x15, 0x0D, 0x0A, 0x15,
    0x31, 0x14, 0x1F, 0x0C, 0x0A, 0x15, 0x0C, 0x0A, 0x15, 0x0C, 0x0A, 0x15, 0x32, 0x14, 0x20, 0x10,
    0x0B, 0x16, 0x0C, 0x0A, 0x15, 0x0C, 0x0A, 0x15, 0x0C, 0x0A, 0x15, 0x0C, 0x0A, 0x15, 0x0C, 0x0A,
    0x15, 0x0C, 0x0A, 0x15, 0x0C, 0x0A, 0x15, 0x0C, 0x0A, 0x15, 0x0C, 0x0A, 0x15, 0x0C, 0x0A, 0x15,
    0x0C, 0x0A, 0x15, 0x0C, 0x0A, 0x15, 0x64, 0x27, 0x37, 0x37, 0x16, 0x22, 0x0C, 0x0A, 0x15, 0x0C,
    0x0A, 0x15, 0x61, 0x26, 0x35, 0x3D, 0x18, 0x24, 0x0C, 0x0A, 0x15, 0xDA, 0xDA, 0xD0, 0x98, 0x98,
    0x92, 0x5D, 0x25, 0x33, 0x70, 0x2C, 0x3C, 0x45, 0x1B, 0x28, 0x0C, 0x0A, 0x15, 0x61, 0x26, 0x35,
    0x79, 0x30, 0x41, 0x79, 0x30, 0x41, 0x79, 0x30, 0x41, 0x79, 0x30, 0x41, 0x76, 0x2F, 0x3F, 0xA6,
    0x7D, 0x82, 0xE0, 0xBE, 0xBF, 0xE2, 0xC4, 0xC2, 0xE2, 0xC4, 0xC2, 0xE1, 0xC1, 0xC1, 0xDF, 0xBE,
    0xBF, 0xE1, 0xC1, 0xC1, 0xDF, 0xBE, 0xBF, 0xE2, 0xC4, 0xC2, 0xE2, 0xC4, 0xC2, 0xE2, 0xC4, 0xC2,
    0xE2, 0xC4, 0xC2, 0xE2, 0xC4, 0xC2, 0xE2, 0xC4, 0xC2, 0xE2, 0xC4, 0xC2, 0xE2, 0xC4, 0xC2, 0xE2,
    0xC4, 0xC2, 0xE2, 0xC4, 0xC2, 0xE2, 0xC4, 0xC2, 0xE2, 0xC4, 0xC2, 0xE2, 0xC4, 0xC2, 0xE2, 0xC4,
    0xC2, 0xE2, 0xC4, 0xC2, 0xE2, 0xC4, 0xC2, 0xE2, 0xC4, 0xC2, 0xE2, 0xC4, 0xC2, 0xE2, 0xC4, 0xC2,
    0xE2, 0xC4, 0xC2, 0xE2, 0xC4, 0xC2, 0xE2, 0xC5, 0xC3, 0xFB, 0xF7, 0xEC, 0xFB, 0xF7, 0xEC, 0xE2,
    0xC5, 0xC3, 0xFA, 0xF6, 0xEC, 0xE3, 0xC5, 0xC3, 0xFA, 0xF5, 0xEB, 0xE3, 0xC7, 0xC4, 0xF9, 0xF4,
    0xEA, 0xFB, 0xF7, 0xEC, 0xFB, 0xF7, 0xEC, 0xFB, 0xF7, 0xEC, 0xFB, 0xF7, 0xEC, 0xFB, 0xF7, 0xEC,
    0xFB, 0xF7, 0xEC, 0xFB, 0xF7, 0xEC, 0xFB, 0xF7, 0xEC, 0xFB, 0xF7, 0xEC, 0xFB, 0xF7, 0xEC, 0xFB,
    0xF7, 0xEC, 0xFE, 0xFD, 0xF2, 0xFC, 0xF9, 0xEE, 0xFB, 0xF7, 0xEC, 0xFE, 0xFD, 0xF1, 0xFF, 0xFF,
    0xF3, 0xEE, 0xDE, 0xD7, 0xE3, 0xC7, 0xC5, 0xE2, 0xC4, 0xC2, 0xD4, 0xA0, 0xB2, 0xC4, 0x7D, 0x9F,
    0xC9, 0x84, 0xA4, 0xA6, 0x65, 0x7E, 0x80, 0x38, 0x4C, 0xB0, 0x68, 0x89, 0xA6, 0x5F, 0x7E, 0xAC,
    0x64, 0x85, 0xAC, 0x64, 0x84, 0x83, 0x3D, 0x51, 0x79, 0x30, 0x41, 0x79, 0x30, 0x41, 0x79, 0x30,
    0x41, 0x79, 0x30, 0x41, 0x79, 0x30, 0x41, 0x65, 0x28, 0x37, 0x77, 0x49, 0x62, 0xB9, 0x70, 0x93,
    0x9F, 0x59, 0x76, 0xC9, 0x7D, 0xA4, 0xB1, 0x6D, 0x90, 0x6D, 0x3F, 0x55, 0xBF, 0x75, 0x9A, 0xAF,
    0x6B, 0x8C, 0x4E, 0x2F, 0x41, 0x5A, 0x36, 0x4A, 0xAB, 0x69, 0x8B, 0x2F, 0x13, 0x1F, 0x0C, 0x0A,
    0x15, 0x0C, 0x0A, 0x15, 0x16, 0x0C, 0x17, 0x30, 0x13, 0x1F, 0x28, 0x11, 0x1C, 0x6C, 0x2B, 0x3A,
    0x31, 0x14, 0x1F, 0x23, 0x0F, 0x1A, 0x76, 0x2F, 0x3F, 0x0A, 0x0A, 0x15, 0x17, 0x0C, 0x17, 0x6F,
    0x2C, 0x3C, 0x0C, 0x0A, 0x15, 0x0C, 0x0A, 0x15, 0x0C, 0x0A, 0x15, 0x0C, 0x0A, 0x15, 0x0C, 0x0A,
    0x15, 0x0C, 0x0A, 0x15, 0x0C, 0x0A, 0x15, 0x0C, 0x0A, 0x15, 0x0C, 0x0A, 0x15, 0x0C, 0x0A, 0x15,
    0x0C, 0x0A, 0x15, 0x0C, 0x0A, 0x15, 0x0C, 0x0A, 0x15, 0x0C, 0x0A, 0x15, 0x0C, 0x0A, 0x15, 0x0C,
    0x0A, 0x15, 0x0C, 0x0A, 0x15, 0x0C, 0x0A, 0x15, 0x0C, 0x0A, 0x15, 0x30, 0x13, 0x1F, 0x1B, 0x0D,
    0x18, 0x0C, 0x0A, 0x15, 0x61, 0x26, 0x35, 0x4A, 0x1D, 0x2A, 0x1D, 0x0E, 0x19, 0x0C, 0x0A, 0x15,
    0xDA, 0xDA, 0xD0, 0x98, 0x98, 0x92, 0x2C, 0x12, 0x1E, 0x35, 0x15, 0x21, 0x5F, 0x25, 0x34, 0xA3,
    0x60, 0x7F, 0x95, 0x51, 0x6C, 0xB8, 0x94, 0x95, 0x92, 0x78, 0x79, 0x64, 0x27, 0x36, 0x79, 0x30,
    0x41, 0x79, 0x30, 0x41, 0xAB, 0x84, 0x86, 0xE2, 0xC4, 0xC2, 0xE2, 0xC4, 0xC2, 0xE2, 0xC4, 0xC2,
    0xE2, 0xC4, 0xC2, 0xE2, 0xC4, 0xC2, 0xE2, 0xC4, 0xC2, 0xE2, 0xC4, 0xC2, 0xE2, 0xC4, 0xC2, 0xE2,
    0xC4, 0xC2, 0xE2, 0xC4, 0xC2, 0xE2, 0xC4, 0xC2, 0xE2, 0xC4, 0xC2, 0xE2, 0xC4, 0xC2, 0xE2, 0xC4,
    0xC2, 0xE2, 0xC4, 0xC2, 0xE2, 0xC4, 0xC2, 0xE2, 0xC4, 0xC2, 0xE2, 0xC4, 0xC2, 0xE2, 0xC4, 0xC2,
    0xE2, 0xC4, 0xC2, 0xE2, 0xC4, 0xC2, 0xE5, 0xCA, 0xC7, 0xF8, 0xF2, 0xE8, 0xE4, 0xC8, 0xC5, 0xFA,
    0xF6, 0xEC, 0xFA, 0xF6, 0xEC, 0xFA, 0xF6, 0xEC, 0xFA, 0xF6, 0xEC, 0xFA, 0xF6, 0xEC, 0xFF, 0xFF,
    0xF3, 0xFF, 0xFF, 0xF3, 0xE2, 0xC5, 0xC3, 0xFF, 0xFE, 0xF2, 0xFA, 0xF6, 0xEC, 0xFF, 0xFF, 0xF3,
    0xFB, 0xF7, 0xEC, 0xFF, 0xFE, 0xF3, 0xFF, 0xFF, 0xF3, 0xEA, 0xD4, 0xCF, 0xFD, 0xFB, 0xEF, 0xFF,
    0xFF, 0xF3, 0xFF, 0xFF, 0xF3, 0xFF, 0xFF, 0xF3, 0xFF, 0xFF, 0xF3, 0xFF, 0xFF, 0xF3, 0xFF, 0xFF,
    0xF3, 0xFF, 0xFF, 0xF3, 0xEC, 0xDB, 0xD4, 0xE7, 0xD0, 0xCC, 0xE7, 0xD0, 0xCC, 0xE7, 0xD0, 0xCC,
    0xE7, 0xD0, 0xCC, 0xE7, 0xD0, 0xCC, 0xE4, 0xC7, 0xC5, 0xD4, 0x9F, 0xB1, 0xCE, 0x8D, 0xAA, 0xCA,
    0x82, 0xA6, 0xA3, 0x5C, 0x7A, 0x8B, 0x45, 0x5C, 0xAE, 0x66, 0x87, 0x98, 0x52, 0x6C, 0x85, 0x3E,
    0x53, 0x81, 0x39, 0x4D, 0xBD, 0x96, 0x9A, 0xDA, 0xB8, 0xBA, 0xD5, 0xB5, 0xB4, 0xB8, 0x94, 0x95,
    0x66, 0x28, 0x37, 0x56, 0x22, 0x30, 0x79, 0x30, 0x41, 0x68, 0x29, 0x38, 0x2C, 0x12, 0x1E, 0x52,
    0x28, 0x37, 0x86, 0x40, 0x55, 0x96, 0x50, 0x6A, 0xBB, 0x71, 0x95, 0x99, 0x54, 0x6F, 0xAF, 0x6A,
    0x8B, 0x82, 0x42, 0x58, 0x60, 0x34, 0x48, 0x83, 0x43, 0x59, 0xAB, 0x6A, 0x8C, 0x5F, 0x35, 0x48,
    0x65, 0x28, 0x37, 0x0C, 0x0A, 0x15, 0x0C, 0x0A, 0x15, 0x0C, 0x0A, 0x15, 0x0C, 0x0A, 0x15, 0x2B,
    0x12, 0x1D, 0x74, 0x2E, 0x3E, 0x0A, 0x0A, 0x15, 0x12, 0x0B, 0x16, 0x34, 0x15, 0x21, 0x0C, 0x0A,
    0x15, 0x0F, 0x0A, 0x15, 0x35, 0x15, 0x21, 0x0C, 0x0A, 0x15, 0x0C, 0x0A, 0x15, 0x0C, 0x0A, 0x15,
    0x0C, 0x0A, 0x15, 0x0C, 0x0A, 0x15, 0x0C, 0x0A, 0x15, 0x0C, 0x0A, 0x15, 0x0C, 0x0A, 0x15, 0x0C,
    0x0A, 0x15, 0x0C, 0x0A, 0x15, 0x0C, 0x0A, 0x15, 0x0C, 0x0A, 0x15, 0x0C, 0x0A, 0x15, 0x0C, 0x0A,
    0x15, 0x0C, 0x0A, 0x15, 0x0C, 0x0A, 0x15, 0x65, 0x28, 0x37, 0x6E, 0x2B, 0x3C, 0x34, 0x15, 0x21,
    0x0C, 0x0A, 0x15, 0x0C, 0x0A, 0x15, 0x0C, 0x0A, 0x15, 0x30, 0x13, 0x1F, 0x1E, 0x0E, 0x19, 0x0C,
    0x0A, 0x15, 0x0C, 0x0A, 0x15, 0xDA, 0xDA, 0xD0, 0x98, 0x98, 0x92, 0x0C, 0x0A, 0x15, 0x0C, 0x0A,
    0x15, 0x2D, 0x12, 0x1E, 0xB7, 0x98, 0x9B, 0xA8, 0x7C, 0x82, 0x8A, 0x54, 0x5C, 0x7F, 0x48, 0x52,
    0x75, 0x2E, 0x3F, 0x9A, 0x53, 0x6F, 0xBD, 0x73, 0x98, 0xCC, 0x99, 0xAA, 0xEB, 0xD8, 0xD2, 0xFA,
    0xF5, 0xEB, 0xFA, 0xF5, 0xEB, 0xFA, 0xF5, 0xEB, 0xF3, 0xE7, 0xDF, 0xEA, 0xD5, 0xD0, 0xF3, 0xE8,
    0xE0, 0xE2, 0xC4, 0xC2, 0xE2, 0xC4, 0xC2, 0xE8, 0xD2, 0xCD, 0xF4, 0xEB, 0xE2, 0xE2, 0xC4, 0xC2,
    0xE2, 0xC4, 0xC2, 0xE2, 0xC4, 0xC2, 0xE2, 0xC4, 0xC2, 0xE2, 0xC4, 0xC2, 0xE2, 0xC4, 0xC2, 0xE6,
    0xCD, 0xC9, 0xFA, 0xF5, 0xEB, 0xFA, 0xF5, 0xEB, 0xFA, 0xF5, 0xEB, 0xFA, 0xF6, 0xEC, 0xFF, 0xFE,
    0xF2, 0xFA, 0xF6, 0xEC, 0xFE, 0xFC, 0xF1, 0xE9, 0xD3, 0xCE, 0xFF, 0xFF, 0xF3, 0xFE, 0xFE, 0xF2,
    0xE8, 0xD2, 0xCD, 0xFF, 0xFF, 0xF3, 0xFF, 0xFF, 0xF3, 0xFA, 0xF6, 0xEB, 0xFF, 0xFF, 0xF3, 0xFF,
    0xFF, 0xF3, 0xE9, 0xD2, 0xCE, 0xFE, 0xFD, 0xF1, 0xFF, 0xFF, 0xF3, 0xEA, 0xD5, 0xD0, 0xE2, 0xC5,
    0xC3, 0xFC, 0xFA, 0xEF, 0xEB, 0xD7, 0xD1, 0xE8, 0xD1, 0xCC, 0xE8, 0xD1, 0xCC, 0xE8, 0xD1, 0xCC,
    0xE8, 0xD1, 0xCC, 0xE8, 0xD1, 0xCC, 0xE8, 0xD1, 0xCC, 0xE3, 0xC7, 0xC4, 0xE2, 0xC4, 0xC2, 0xE2,
    0xC4, 0xC2, 0xE2, 0xC4, 0xC2, 0xE2, 0xC4, 0xC2, 0xE2, 0xC4, 0xC2, 0xE2, 0xC4, 0xC2, 0xD1, 0x96,
    0xAE, 0xC9, 0x7D, 0xA4, 0xD7, 0xA9, 0xB5, 0xC9, 0x90, 0xA5, 0xBD, 0x73, 0x98, 0xC5, 0x7A, 0xA0,
    0x9D, 0x57, 0x73, 0x79, 0x30, 0x41, 0xA7, 0x60, 0x7E, 0xC7, 0x84, 0xA3, 0xCE, 0x8E, 0xAA, 0xCE,
    0x8E, 0xAA, 0xB3, 0x74, 0x8D, 0x75, 0x2E, 0x3F, 0x72, 0x2D, 0x3E, 0x79, 0x30, 0x41, 0x75, 0x2F,
    0x3F, 0x5C, 0x24, 0x32, 0x47, 0x1C, 0x29, 0x92, 0x4C, 0x65, 0xC1, 0x76, 0x9B, 0xC6, 0x7A, 0xA1,
    0xB2, 0x6A, 0x8B, 0x7E, 0x3E, 0x54, 0x69, 0x3C, 0x52, 0xA6, 0x66, 0x86, 0x42, 0x20, 0x2F, 0x54,
    0x33, 0x46, 0x38, 0x16, 0x22, 0x6F, 0x2C, 0x3C, 0x0C, 0x0A, 0x15, 0x2E, 0x13, 0x1E, 0x6E, 0x2B,
    0x3C, 0x6E, 0x2B, 0x3C, 0x6A, 0x2A, 0x39, 0x34, 0x15, 0x21, 0x0C, 0x0A, 0x15, 0x0C, 0x0A, 0x15,
    0x0C, 0x0A, 0x15, 0x0C, 0x0A, 0x15, 0x17, 0x0C, 0x17, 0x6D, 0x2B, 0x3B, 0x0C, 0x0A, 0x15, 0x0C,
    0x0A, 0x15, 0x0C, 0x0A, 0x15, 0x0C, 0x0A, 0x15, 0x0C, 0x0A, 0x15, 0x0C, 0x0A, 0x15, 0x0C, 0x0A,
    0x15, 0x0C, 0x0A, 0x15, 0x0C, 0x0A, 0x15, 0x0C, 0x0A, 0x15, 0x0C, 0x0A, 0x15, 0x0C, 0x0A, 0x15,
    0x67, 0x28, 0x38, 0x2B, 0x12, 0x1D, 0x0C, 0x0A, 0x15, 0x0C, 0x0A, 0x15, 0x34, 0x15, 0x21, 0x39,
    0x16, 0x23, 0x1B, 0x0D, 0x18, 0x0C, 0x0A, 0x15, 0x0C, 0x0A, 0x15, 0x0C, 0x0A, 0x15, 0x0C, 0x0A,
    0x15, 0x0C, 0x0A, 0x15, 0x0C, 0x0A, 0x15, 0x0C, 0x0A, 0x15, 0x88, 0x6E, 0x6E, 0x5E, 0x4C, 0x4D,
    0x0C, 0x0A, 0x15, 0x0C, 0x0A, 0x15, 0x0C, 0x0A, 0x15, 0xB9, 0xA0, 0x9F, 0x98, 0x7F, 0x7F, 0x66,
    0x28, 0x37, 0x79, 0x30, 0x41, 0x79, 0x30, 0x41, 0xAB, 0x7F, 0x86, 0xDD, 0xB9, 0xBD, 0xE9, 0xD2,
    0xD0, 0xF3, 0xE8, 0xE0, 0xF1, 0xE3, 0xDC, 0xFF, 0xFF, 0xF3, 0xFF, 0xFF, 0xF3, 0xFD, 0xFC, 0xF0,
    0xFB, 0xF8, 0xED, 0xFD, 0xFC, 0xF1, 0xFA, 0xF5, 0xEA, 0xF4, 0xE9, 0xE1, 0xEA, 0xD5, 0xD0, 0xFE,
    0xFD, 0xF1, 0xFA, 0xF5, 0xEA, 0xFA, 0xF5, 0xEA, 0xFA, 0xF5, 0xEA, 0xFA, 0xF5, 0xEA, 0xFA, 0xF5,
    0xEA, 0xFA, 0xF5, 0xEA, 0xFA, 0xF6, 0xEC, 0xFF, 0xFF, 0xF3, 0xFF, 0xFF, 0xF3, 0xFF, 0xFF, 0xF3,
    0xFF, 0xFF, 0xF3, 0xFD, 0xFB, 0xF0, 0xEA, 0xD5, 0xD0, 0xFF, 0xFF, 0xF3, 0xF9, 0xF3, 0xE9, 0xE9,
    0xD3, 0xCE, 0xFF, 0xFF, 0xF3, 0xF9, 0xF4, 0xEA, 0xE8, 0xD2, 0xCD, 0xFF, 0xFF, 0xF3, 0xE8, 0xD2,
    0xCD, 0xE8, 0xD1, 0xCD, 0xE8, 0xD1, 0xCD, 0xF9, 0xF4, 0xE9, 0xE9, 0xD3, 0xCF, 0xE8, 0xD1, 0xCD,
    0xE2, 0xC5, 0xC3, 0xF8, 0xF1, 0xE7, 0xEA, 0xD5, 0xD0, 0xE3, 0xC6, 0xC3, 0xE2, 0xC4, 0xC2, 0xE2,
    0xC4, 0xC2, 0xE2, 0xC4, 0xC2, 0xE2, 0xC4, 0xC2, 0xE2, 0xC4, 0xC2, 0xE2, 0xC4, 0xC2, 0xE2, 0xC4,
    0xC2, 0xE2, 0xC4, 0xC2, 0xE2, 0xC4, 0xC2, 0xE2, 0xC4, 0xC2, 0xD4, 0x9F, 0xB1, 0xCE, 0x8F, 0xAA,
    0xCE, 0x8F, 0xAA, 0xCB, 0x83, 0xA6, 0xA3, 0x5C, 0x7A, 0xCC, 0xA9, 0xAA, 0xD2, 0x99, 0xAF, 0xC9,
    0x7D, 0xA4, 0xA6, 0x5F, 0x7E, 0xAD, 0x65, 0x86, 0xBD, 0x73, 0x97, 0xD1, 0xA2, 0xAF, 0xD2, 0x99,
    0xAF, 0xC9, 0x7D, 0xA4, 0xC9, 0x7D, 0xA4, 0xA4, 0x64, 0x85, 0x58, 0x22, 0x31, 0x79, 0x30, 0x41,
    0x79, 0x30, 0x41, 0x79, 0x30, 0x41, 0x65, 0x28, 0x37, 0x21, 0x0F, 0x1A, 0x7D, 0x49, 0x62, 0xBA,
    0x71, 0x94, 0x83, 0x44, 0x5B, 0x68, 0x38, 0x4C, 0x8B, 0x47, 0x5F, 0xA7, 0x67, 0x88, 0x56, 0x34,
    0x47, 0x35, 0x15, 0x21, 0x6D, 0x2B, 0x3B, 0x70, 0x2C, 0x3C, 0x6F, 0x2C, 0x3C, 0x0C, 0x0A, 0x15,
    0x32, 0x14, 0x20, 0x73, 0x2D, 0x3E, 0x39, 0x16, 0x23, 0x36, 0x15, 0x21, 0x25, 0x10, 0x1B, 0x6E,
    0x2B, 0x3B, 0x6A, 0x2A, 0x39, 0x0A, 0x0A, 0x15, 0x1A, 0x0D, 0x18, 0x6C, 0x2B, 0x3B, 0x38, 0x16,
    0x22, 0x0C, 0x0A, 0x15, 0x0C, 0x0A, 0x15, 0x0C, 0x0A, 0x15, 0x0C, 0x0A, 0x15, 0x0C, 0x0A, 0x15,
    0x0C, 0x0A, 0x15, 0x0C, 0x0A, 0x15, 0x0C, 0x0A, 0x15, 0x0A, 0x0A, 0x15, 0x69, 0x29, 0x39, 0x24,
    0x10, 0x1B, 0x0C, 0x0A, 0x15, 0x37, 0x16, 0x22, 0x18, 0x0C, 0x17, 0x0C, 0x0A, 0x15, 0x0C, 0x0A,
    0x15, 0x0C, 0x0A, 0x15, 0x0C, 0x0A, 0x15, 0x0C, 0x0A, 0x15, 0x61, 0x26, 0x35, 0x36, 0x15, 0x21,
    0x0C, 0x0A, 0x15, 0x5F, 0x25, 0x34, 0x3A, 0x17, 0x23, 0x0C, 0x0A, 0x15, 0x0C, 0x0A, 0x15, 0xA0,
    0x61, 0x80, 0x6F, 0x42, 0x59, 0x5B, 0x23, 0x32, 0x6D, 0x2B, 0x3B, 0x43, 0x1A, 0x27, 0xCC, 0xC8,
    0xC0, 0xB3, 0xA1, 0x9D, 0x74, 0x2E, 0x3F, 0x5A, 0x23, 0x32, 0x65, 0x28, 0x37, 0xA3, 0x65, 0x7A,
    0xCF, 0x90, 0xAB, 0xE3, 0xC4, 0xCB, 0xFD, 0xFB, 0xF0, 0xF3, 0xE9, 0xE0, 0xE8, 0xD2, 0xCE, 0xF0,
    0xE2, 0xDB, 0xFF, 0xFF, 0xF3, 0xF8, 0xF2, 0xE8, 0xEF, 0xE1, 0xD9, 0xFF, 0xFF, 0xF3, 0xFD, 0xFC,
    0xF1, 0xFB, 0xF7, 0xEC, 0xFF, 0xFF, 0xF3, 0xFF, 0xFF, 0xF3, 0xFF, 0xFF, 0xF3, 0xFB, 0xF7, 0xEC,
    0xED, 0xDC, 0xD6, 0xFF, 0xFF, 0xF3, 0xFB, 0xF8, 0xED, 0xE8, 0xD2, 0xCE, 0xE8, 0xD2, 0xCE, 0xEC,
    0xD9, 0xD3, 0xFC, 0xFA, 0xEF, 0xE8, 0xD2, 0xCE, 0xEA, 0xD6, 0xD0, 0xF8, 0xF2, 0xE8, 0xEA, 0xD5,
    0xD0, 0xFE, 0xFD, 0xF1, 0xE2, 0xC4, 0xC2, 0xE9, 0xD2, 0xCE, 0xE8, 0xD2, 0xCD, 0xE2, 0xC4, 0xC2,
    0xE8, 0xD2, 0xCD, 0xE2, 0xC4, 0xC2, 0xE2, 0xC4, 0xC2, 0xE2, 0xC4, 0xC2, 0xE8, 0xD2, 0xCD, 0xE2,
    0xC5, 0xC3, 0xE2, 0xC4, 0xC2, 0xE2, 0xC4, 0xC2, 0xE8, 0xD1, 0xCD, 0xE3, 0xC6, 0xC3, 0xE2, 0xC4,
    0xC2, 0xE2, 0xC4, 0xC2, 0xE2, 0xC4, 0xC2, 0xE2, 0xC4, 0xC2, 0xE2, 0xC4, 0xC2, 0xE2, 0xC4, 0xC2,
    0xE2, 0xC4, 0xC2, 0xE2, 0xC4, 0xC2, 0xE2, 0xC4, 0xC2, 0xE2, 0xC4, 0xC2, 0xD3, 0x9E, 0xB1, 0xD9,
    0xAF, 0xB8, 0xCF, 0x90, 0xAB, 0xD8, 0xAA, 0xB6, 0xCF, 0x92, 0xAC, 0xC0, 0x76, 0x9A, 0xD7, 0xAF,
    0xB5, 0xD2, 0x99, 0xAF, 0xA6, 0x5F, 0x7D, 0xBD, 0x97, 0x9A, 0xCC, 0x93, 0xA9, 0xD6, 0xA5, 0xB3,
    0xD4, 0xA1, 0xB2, 0xCB, 0x85, 0xA7, 0xC9, 0x7D, 0xA4, 0xD1, 0x98, 0xAE, 0xBC, 0x95, 0x9A, 0x72,
    0x2D, 0x3D, 0x79, 0x30, 0x41, 0x79, 0x30, 0x41, 0x79, 0x30, 0x41, 0x9A, 0x70, 0x74, 0xCC, 0xB0,
    0xAF, 0xB4, 0x99, 0x9A, 0x5A, 0x34, 0x48, 0x6F, 0x40, 0x56, 0xA0, 0x62, 0x82, 0x47, 0x24, 0x33,
    0x58, 0x35, 0x49, 0x0C, 0x0A, 0x15, 0x3B, 0x17, 0x23, 0x79, 0x30, 0x41, 0x79, 0x30, 0x41, 0x6F,
    0x2C, 0x3C, 0x0C, 0x0A, 0x15, 0x32, 0x14, 0x20, 0x71, 0x2D, 0x3D, 0x0C, 0x0A, 0x15, 0x27, 0x10,
    0x1C, 0x6E, 0x2B, 0x3B, 0x75, 0x2E, 0x3F, 0x38, 0x16, 0x22, 0x0C, 0x0A, 0x15, 0x11, 0x0B, 0x16,
    0x3A, 0x17, 0x23, 0x0C, 0x0A, 0x15, 0x0C, 0x0A, 0x15, 0x0C, 0x0A, 0x15, 0x0C, 0x0A, 0x15, 0x0C,
    0x0A, 0x15, 0x0C, 0x0A, 0x15, 0x0C, 0x0A, 0x15, 0x0C, 0x0A, 0x15, 0x0C, 0x0A, 0x15, 0x0C, 0x0A,
    0x15, 0x3A, 0x17, 0x23, 0x15, 0x0C, 0x17, 0x0C, 0x0A, 0x15, 0x0C, 0x0A, 0x15, 0x0C, 0x0A, 0x15,
    0x0C, 0x0A, 0x15, 0x0C, 0x0A, 0x15, 0x0C, 0x0A, 0x15, 0x0C, 0x0A, 0x15, 0x0C, 0x0A, 0x15, 0x36,
    0x15, 0x21, 0x1E, 0x0E, 0x19, 0x0C, 0x0A, 0x15, 0x35, 0x15, 0x21, 0x20, 0x0E, 0x1A, 0x0C, 0x0A,
    0x15, 0x0C, 0x0A, 0x15, 0xBD, 0x9C, 0xA0, 0x83, 0x6C, 0x70, 0x32, 0x14, 0x20, 0x3C, 0x18, 0x24,
    0x25, 0x10, 0x1B, 0xBE, 0xAC, 0xA9, 0xAF, 0x8D, 0x8D, 0x79, 0x30, 0x41, 0x71, 0x2D, 0x3D, 0x74,
    0x2E, 0x3E, 0xA0, 0x59, 0x76, 0xC9, 0x7D, 0xA4, 0xE0, 0xBD, 0xC7, 0xFF, 0xFF, 0xF3, 0xFD, 0xFB,
    0xF0, 0xF1, 0xE5, 0xDD, 0xEC, 0xDA, 0xD4, 0xFF, 0xFF, 0xF3, 0xF7, 0xEF, 0xE5, 0xEB, 0xD8, 0xD2,
    0xF9, 0xF4, 0xE9, 0xE9, 0xD3, 0xCE, 0xE9, 0xD3, 0xCE, 0xE9, 0xD3, 0xCE, 0xE9, 0xD3, 0xCE, 0xE9,
    0xD3, 0xCE, 0xE7, 0xD0, 0xCC, 0xE3, 0xC7, 0xC4, 0xE9, 0xD3, 0xCE, 0xE8, 0xD1, 0xCC, 0xE2, 0xC4,
    0xC2, 0xE2, 0xC4, 0xC2, 0xE3, 0xC6, 0xC4, 0xE8, 0xD1, 0xCD, 0xE2, 0xC4, 0xC2, 0xE5, 0xCA, 0xC7,
    0xFD, 0xFB, 0xF0, 0xE2, 0xC5, 0xC3, 0xE9, 0xD2, 0xCE, 0xE2, 0xC4, 0xC2, 0xE2, 0xC4, 0xC2, 0xE2,
    0xC4, 0xC2, 0xE2, 0xC4, 0xC2, 0xE2, 0xC4, 0xC2, 0xE2, 0xC4, 0xC2, 0xE2, 0xC4, 0xC2, 0xE2, 0xC4,
    0xC2, 0xE2, 0xC4, 0xC2, 0xE2, 0xC4, 0xC2, 0xE2, 0xC4, 0xC2, 0xE2, 0xC4, 0xC2, 0xE2, 0xC4, 0xC2,
    0xE2, 0xC4, 0xC2, 0xE2, 0xC4, 0xC2, 0xE2, 0xC4, 0xC2, 0xE2, 0xC4, 0xC2, 0xE2, 0xC4, 0xC2, 0xE2,
    0xC4, 0xC2, 0xE2, 0xC4, 0xC2, 0xE2, 0xC4, 0xC2, 0xE2, 0xC4, 0xC2, 0xE2, 0xC4, 0xC2, 0xE2, 0xC4,
    0xC2, 0xDE, 0xBA, 0xBD, 0xE1, 0xC1, 0xC0, 0xD0, 0x94, 0xAD, 0xDB, 0xB4, 0xBA, 0xD1, 0x96, 0xAE,
    0xC9, 0x7D, 0xA4, 0xDA, 0xB1, 0xB9, 0xD2, 0x99, 0xAF, 0xCE, 0xA1, 0xAC, 0xCF, 0x9D, 0xAD, 0xCB,
    0x85, 0xA7, 0xD9, 0xAD, 0xB7, 0xD3, 0x9E, 0xB1, 0xAA, 0x63, 0x82, 0xAA, 0x63, 0x83, 0xD3, 0x9E,
    0xB1, 0xC2, 0x9F, 0xA0, 0x67, 0x29, 0x38, 0x58, 0x23, 0x31, 0x79, 0x30, 0x41, 0x9E, 0x72, 0x76,
    0xC1, 0x9E, 0x9E, 0x8E, 0x68, 0x6C, 0x71, 0x57, 0x59, 0x86, 0x47, 0x5F, 0xA3, 0x65, 0x85, 0x68,
    0x3A, 0x4E, 0x5F, 0x25, 0x34, 0x0C, 0x0A, 0x15, 0x35, 0x15, 0x21, 0x6F, 0x2C, 0x3C, 0x79, 0x30,
    0x41, 0x71, 0x2C, 0x3D, 0x37, 0x16, 0x22, 0x2E, 0x13, 0x1E, 0x6E, 0x2B, 0x3B, 0x71, 0x2D, 0x3D,
    0x29, 0x11, 0x1C, 0x68, 0x29, 0x38, 0x45, 0x1B, 0x28, 0x74, 0x2E, 0x3F, 0x0A, 0x0A, 0x15, 0x0C,
    0x0A, 0x15, 0x0C, 0x0A, 0x15, 0x0C, 0x0A, 0x15, 0x0C, 0x0A, 0x15, 0x0C, 0x0A, 0x15, 0x0C, 0x0A,
    0x15, 0x0C, 0x0A, 0x15, 0x0C, 0x0A, 0x15, 0x0C, 0x0A, 0x15, 0x0C, 0x0A, 0x15, 0x0C, 0x0A, 0x15,
    0x0C, 0x0A, 0x15, 0x0C, 0x0A, 0x15, 0x0C, 0x0A, 0x15, 0x0C, 0x0A, 0x15, 0x0C, 0x0A, 0x15, 0x0C,
    0x0A, 0x15, 0x0C, 0x0A, 0x15, 0x0C, 0x0A, 0x15, 0x0C, 0x0A, 0x15, 0x0C, 0x0A, 0x15, 0x0C, 0x0A,
    0x15, 0x0C, 0x0A, 0x15, 0x0C, 0x0A, 0x15, 0x0C, 0x0A, 0x15, 0x0C, 0x0A, 0x15, 0x0C, 0x0A, 0x15,
    0x0C, 0x0A, 0x15, 0x0C, 0x0A, 0x15, 0x0C, 0x0A, 0x15, 0xB1, 0x7C, 0x93, 0x7B, 0x56, 0x66, 0x0C,
    0x0A, 0x15, 0x0C, 0x0A, 0x15, 0x57, 0x22, 0x30, 0xC1, 0xA2, 0xA1, 0xAB, 0x83, 0x86, 0x5B, 0x23,
    0x32, 0x66, 0x28, 0x38, 0x79, 0x30, 0x41, 0xAB, 0x7E, 0x85, 0xC3, 0x98, 0xA0, 0xBA, 0x94, 0x99,
    0xE9, 0xD4, 0xCF, 0xE9, 0xD4, 0xCF, 0xE7, 0xCF, 0xCB, 0xE4, 0xC9, 0xC6, 0xE9, 0xD4, 0xCF, 0xE7,
    0xCF, 0xCB, 0xE4, 0xC9, 0xC6, 0xE7, 0xD0, 0xCB, 0xE2, 0xC4, 0xC2, 0xE2, 0xC4, 0xC2, 0xE2, 0xC4,
    0xC2, 0xE2, 0xC4, 0xC2, 0xE2, 0xC4, 0xC2, 0xE2, 0xC4, 0xC2, 0xE2, 0xC4, 0xC2, 0xE2, 0xC4, 0xC2,
    0xE2, 0xC4, 0xC2, 0xE2, 0xC4, 0xC2, 0xE2, 0xC4, 0xC2, 0xE2, 0xC4, 0xC2, 0xE2, 0xC4, 0xC2, 0xE2,
    0xC4, 0xC2, 0xE3, 0xC6, 0xC3, 0xE9, 0xD3, 0xCE, 0xE2, 0xC4, 0xC2, 0xE2, 0xC4, 0xC2, 0xE2, 0xC4,
    0xC2, 0xE2, 0xC4, 0xC2, 0xE2, 0xC4, 0xC2, 0xE2, 0xC4, 0xC2, 0xE2, 0xC4, 0xC2, 0xE2, 0xC4, 0xC2,
    0xE2, 0xC4, 0xC2, 0xE2, 0xC4, 0xC2, 0xE2, 0xC4, 0xC2, 0xE2, 0xC4, 0xC2, 0xE2, 0xC4, 0xC2, 0xE2,
    0xC4, 0xC2, 0xE2, 0xC4, 0xC2, 0xE2, 0xC4, 0xC2, 0xE2, 0xC4, 0xC2, 0xE2, 0xC4, 0xC2, 0xE2, 0xC4,
    0xC2, 0xE2, 0xC4, 0xC2, 0xE2, 0xC4, 0xC2, 0xE2, 0xC4, 0xC2, 0xE2, 0xC4, 0xC2, 0xE2, 0xC4, 0xC2,
    0xE2, 0xC4, 0xC2, 0xD4, 0x9F, 0xB1, 0xDE, 0xBA, 0xBD, 0xD4, 0xA1, 0xB2, 0xD9, 0xAE, 0xB7, 0xD3,
    0x9D, 0xB0, 0xCB, 0x84, 0xA6, 0xA5, 0x5E, 0x7C, 0x98, 0x64, 0x6E, 0x94, 0x58, 0x69, 0xCB, 0xA7,
    0xA9, 0xDE, 0xBB, 0xBE, 0xDC, 0xB6, 0xBB, 0xD4, 0xA1, 0xB2, 0xCC, 0x86, 0xA7, 0xA0, 0x59, 0x76,
    0xAB, 0x7F, 0x86, 0xDF, 0xBC, 0xBE, 0xB9, 0x9E, 0x9D, 0x52, 0x20, 0x2E, 0x9A, 0x73, 0x76, 0xC8,
    0x9D, 0xA6, 0xA7, 0x6D, 0x87, 0x77, 0x59, 0x5C, 0x8E, 0x4B, 0x63, 0x9B, 0x5E, 0x7D, 0x4D, 0x28,
    0x38, 0x5B, 0x37, 0x4B, 0x41, 0x19, 0x26, 0x6A, 0x2A, 0x3A, 0x36, 0x16, 0x22, 0x6E, 0x2C, 0x3C,
    0x79, 0x30, 0x41, 0x79, 0x30, 0x41, 0x76, 0x2F, 0x40, 0x62, 0x26, 0x35, 0x34, 0x15, 0x21, 0x72,
    0x2D, 0x3E, 0x3A, 0x17, 0x23, 0x2E, 0x13, 0x1E, 0x78, 0x2F, 0x40, 0x6C, 0x2B, 0x3B, 0x74, 0x2E,
    0x3F, 0x1E, 0x0E, 0x19, 0x68, 0x29, 0x39, 0x0A, 0x0A, 0x15, 0x17, 0x0C, 0x17, 0x6A, 0x2A, 0x39,
    0x0C, 0x0A, 0x15, 0x0C, 0x0A, 0x15, 0x0C, 0x0A, 0x15, 0x0C, 0x0A, 0x15, 0x0C, 0x0A, 0x15, 0x0C,
    0x0A, 0x15, 0x0A, 0x0A, 0x15, 0x67, 0x29, 0x38, 0x1F, 0x0E, 0x19, 0x0B, 0x0A, 0x15, 0x65, 0x28,
    0x37, 0x26, 0x10, 0x1B, 0x0C, 0x0A, 0x15, 0x0C, 0x0A, 0x15, 0x0C, 0x0A, 0x15, 0x0C, 0x0A, 0x15,
    0x61, 0x26, 0x35, 0x31, 0x14, 0x1F, 0x0C, 0x0A, 0x15, 0x0C, 0x0A, 0x15, 0x5E, 0x25, 0x34, 0x36,
    0x15, 0x21, 0x0C, 0x0A, 0x15, 0x0C, 0x0A, 0x15, 0x0C, 0x0A, 0x15, 0x0C, 0x0A, 0x15, 0xBC, 0x9B,
    0xA0, 0x83, 0x6B, 0x70, 0x58, 0x23, 0x31, 0x40, 0x19, 0x26, 0x34, 0x15, 0x21, 0x84, 0x5B, 0x60,
    0x88, 0x4F, 0x59, 0x4E, 0x1F, 0x2C, 0x60, 0x26, 0x34, 0x79, 0x30, 0x41, 0xA3, 0x67, 0x7B, 0xB4,
    0x78, 0x8E, 0xAB, 0x84, 0x86, 0xE2, 0xC4, 0xC2, 0xE2, 0xC4, 0xC2, 0xE2, 0xC4, 0xC2, 0xE2, 0xC4,
    0xC2, 0xE2, 0xC4, 0xC2, 0xE2, 0xC4, 0xC2, 0xE2, 0xC4, 0xC2, 0xE2, 0xC4, 0xC2, 0xDD, 0xB9, 0xBC,
    0xD5, 0xA1, 0xB2, 0xDE, 0xBA, 0xBD, 0xD4, 0xA0, 0xB1, 0xE2, 0xC4, 0xC2, 0xE2, 0xC4, 0xC2, 0xE2,
    0xC4, 0xC2, 0xE2, 0xC4, 0xC2, 0xE2, 0xC4, 0xC2, 0xE2, 0xC4, 0xC2, 0xE2, 0xC4, 0xC2, 0xE2, 0xC4,
    0xC2, 0xE2, 0xC4, 0xC2, 0xE2, 0xC4, 0xC2, 0xE2, 0xC4, 0xC2, 0xE2, 0xC4, 0xC2, 0xE2, 0xC4, 0xC2,
    0xE2, 0xC4, 0xC2, 0xE2, 0xC4, 0xC2, 0xE2, 0xC4, 0xC2, 0xE2, 0xC4, 0xC2, 0xE2, 0xC4, 0xC2, 0xE2,
    0xC4, 0xC2, 0xE2, 0xC4, 0xC2, 0xE2, 0xC4, 0xC2, 0xE2, 0xC4, 0xC2, 0xE2, 0xC4, 0xC2, 0xE2, 0xC4,
    0xC2, 0xE2, 0xC4, 0xC2, 0xE2, 0xC4, 0xC2, 0xE2, 0xC4, 0xC2, 0xE2, 0xC4, 0xC2, 0xE2, 0xC4, 0xC2,
    0xE2, 0xC4, 0xC2, 0xE2, 0xC4, 0xC2, 0xE2, 0xC4, 0xC2, 0xE2, 0xC4, 0xC2, 0xE2, 0xC4, 0xC2, 0xE2,
    0xC4, 0xC2, 0xE2, 0xC4, 0xC2, 0xE2, 0xC4, 0xC2, 0xDD, 0xB9, 0xBD, 0xD3, 0x9C, 0xB0, 0xCB, 0x83,
    0xA6, 0xCE, 0x8E, 0xAA, 0xCB, 0x84, 0xA6, 0xD7, 0xA7, 0xB5, 0xD2, 0xB0, 0xB1, 0xCE, 0xAE, 0xAD,
    0xCE, 0xAE, 0xAD, 0xDB, 0xBD, 0xBB, 0xD6, 0xA7, 0xB4, 0xB2, 0x7E, 0x8C, 0xC7, 0x9F, 0xA4, 0xDC,
    0xB5, 0xBB, 0xC8, 0x91, 0xA5, 0xC3, 0x80, 0x9E, 0xD7, 0xA9, 0xB5, 0xBF, 0x9F, 0x9F, 0x9A, 0x74,
    0x77, 0xB5, 0x99, 0x99, 0x75, 0x5D, 0x64, 0x6B, 0x3B, 0x50, 0x8A, 0x4A, 0x62, 0xA6, 0x64, 0x84,
    0x5B, 0x37, 0x4C, 0x0C, 0x0A, 0x15, 0x3A, 0x17, 0x23, 0x6E, 0x2B, 0x3B, 0x6A, 0x2A, 0x3A, 0x20,
    0x0F, 0x1A, 0x51, 0x20, 0x2D, 0x79, 0x30, 0x41, 0x70, 0x2C, 0x3D, 0x40, 0x19, 0x25, 0x3A, 0x17,
    0x23, 0x34, 0x15, 0x21, 0x70, 0x2C, 0x3D, 0x2A, 0x11, 0x1D, 0x66, 0x28, 0x37, 0x40, 0x19, 0x25,
    0x56, 0x2B, 0x3C, 0xB2, 0x6B, 0x8D, 0x10, 0x0A, 0x15, 0x3E, 0x18, 0x25, 0x0B, 0x0A, 0x15, 0x10,
    0x0B, 0x16, 0x3F, 0x19, 0x25, 0x0C, 0x0A, 0x15, 0x0C, 0x0A, 0x15, 0x0C, 0x0A, 0x15, 0x0C, 0x0A,
    0x15, 0x0C, 0x0A, 0x15, 0x0C, 0x0A, 0x15, 0x0B, 0x0A, 0x15, 0x40, 0x19, 0x25, 0x14, 0x0C, 0x17,
    0x0C, 0x0A, 0x15, 0x3E, 0x18, 0x25, 0x18, 0x0C, 0x17, 0x0C, 0x0A, 0x15, 0x62, 0x26, 0x35, 0x2B,
    0x12, 0x1D, 0x0C, 0x0A, 0x15, 0x3C, 0x17, 0x24, 0x1E, 0x0E, 0x19, 0x0C, 0x0A, 0x15, 0x0C, 0x0A,
    0x15, 0x3A, 0x17, 0x23, 0x21, 0x0F, 0x1A, 0x0C, 0x0A, 0x15, 0x0C, 0x0A, 0x15, 0x0C, 0x0A, 0x15,
    0x0C, 0x0A, 0x15, 0xB2, 0x7E, 0x93, 0x7C, 0x57, 0x67, 0x36, 0x16, 0x22, 0x5E, 0x25, 0x33, 0x69,
    0x29, 0x39, 0x73, 0x2E, 0x3E, 0x79, 0x30, 0x41, 0x70, 0x2C, 0x3C, 0x73, 0x2D, 0x3E, 0x79, 0x30,
    0x41, 0xAA, 0x7D, 0x84, 0xBD, 0x93, 0x99, 0xA2, 0x66, 0x79, 0xD7, 0xA8, 0xB5, 0xE2, 0xC4, 0xC2,
    0xDC, 0xB5, 0xBB, 0xD6, 0xA6, 0xB4, 0xDC, 0xB6, 0xBC, 0xD0, 0x94, 0xAD, 0xD6, 0xA4, 0xB3, 0xDD,
    0xB8, 0xBC, 0xD3, 0x9E, 0xB1, 0xD9, 0xAD, 0xB7, 0xD3, 0x9D, 0xB0, 0xDD, 0xB8, 0xBC, 0xE2, 0xC4,
    0xC2, 0xE2, 0xC4, 0xC2, 0xE2, 0xC4, 0xC2, 0xE2, 0xC4, 0xC2, 0xE2, 0xC4, 0xC2, 0xE2, 0xC4, 0xC2,
    0xE2, 0xC4, 0xC2, 0xE2, 0xC4, 0xC2, 0xE2, 0xC4, 0xC2, 0xE2, 0xC4, 0xC2, 0xE2, 0xC4, 0xC2, 0xE1,
    0xC1, 0xC0, 0xD1, 0x98, 0xAE, 0xE2, 0xC4, 0xC2, 0xE2, 0xC4, 0xC2, 0xE2, 0xC4, 0xC2, 0xE2, 0xC4,
    0xC2, 0xE2, 0xC4, 0xC2, 0xE2, 0xC4, 0xC2, 0xE2, 0xC4, 0xC2, 0xE2, 0xC4, 0xC2, 0xE2, 0xC4, 0xC2,
    0xE2, 0xC4, 0xC2, 0xE2, 0xC4, 0xC2, 0xE2, 0xC4, 0xC2, 0xE2, 0xC4, 0xC2, 0xE2, 0xC4, 0xC2, 0xE2,
    0xC4, 0xC2, 0xE2, 0xC4, 0xC2, 0xE2, 0xC4, 0xC2, 0xE2, 0xC4, 0xC2, 0xE2, 0xC4, 0xC2, 0xE2, 0xC4,
    0xC2, 0xE2, 0xC4, 0xC2, 0xE2, 0xC4, 0xC2, 0xE2, 0xC4, 0xC2, 0xE2, 0xC4, 0xC2, 0xE2, 0xC4, 0xC2,
    0xDD, 0xB8, 0xBC, 0xDC, 0xB5, 0xBB, 0xDC, 0xB5, 0xBB, 0xDC, 0xB5, 0xBB, 0xE0, 0xC0, 0xC0, 0xE2,
    0xC4, 0xC2, 0xE2, 0xC4, 0xC2, 0xE2, 0xC4, 0xC2, 0xE2, 0xC4, 0xC2, 0xDE, 0xBA, 0xBD, 0xD2, 0xAF,
    0xB1, 0xDA, 0xBB, 0xBA, 0xE2, 0xC4, 0xC2, 0xDE, 0xBB, 0xBE, 0xD4, 0xA1, 0xB2, 0xD3, 0x9E, 0xB1,
    0xD3, 0xA9, 0xB1, 0xA5, 0x6E, 0x85, 0x76, 0x5A, 0x5D, 0x92, 0x6F, 0x71, 0xC8, 0xAB, 0xAA, 0xBD,
    0x96, 0x9A, 0x7D, 0x41, 0x58, 0x3C, 0x18, 0x24, 0x69, 0x29, 0x39, 0x6E, 0x2B, 0x3B, 0x6E, 0x2B,
    0x3B, 0x39, 0x17, 0x23, 0x35, 0x15, 0x21, 0x6D, 0x2B, 0x3B, 0x70, 0x2C, 0x3C, 0x3B, 0x17, 0x23,
    0x30, 0x13, 0x1F, 0x60, 0x26, 0x34, 0x34, 0x15, 0x21, 0x70, 0x2C, 0x3D, 0x30, 0x13, 0x1F, 0x77,
    0x2F, 0x40, 0x63, 0x27, 0x36, 0x45, 0x29, 0x3A, 0xC2, 0x78, 0x9E, 0x05, 0x08, 0x12, 0x0C, 0x0A,
    0x15, 0x0C, 0x0A, 0x15, 0x0C, 0x0A, 0x15, 0x14, 0x0B, 0x16, 0x68, 0x29, 0x39, 0x0E, 0x0A, 0x15,
    0x0C, 0x0A, 0x15, 0x0C, 0x0A, 0x15, 0x0B, 0x0A, 0x15, 0x67, 0x28, 0x38, 0x19, 0x0D, 0x18, 0x0C,
    0x0A, 0x15, 0x0C, 0x0A, 0x15, 0x0C, 0x0A, 0x15, 0x0C, 0x0A, 0x15, 0x0C, 0x0A, 0x15, 0x0C, 0x0A,
    0x15, 0x3F, 0x19, 0x25, 0x1C, 0x0D, 0x19, 0x0C, 0x0A, 0x15, 0x0C, 0x0A, 0x15, 0x0C, 0x0A, 0x15,
    0x0C, 0x0A, 0x15, 0x0C, 0x0A, 0x15, 0x0C, 0x0A, 0x15, 0x0C, 0x0A, 0x15, 0x5B, 0x24, 0x32, 0x37,
    0x16, 0x22, 0x0C, 0x0A, 0x15, 0x0C, 0x0A, 0x15, 0x7F, 0x43, 0x5A, 0x58, 0x2D, 0x3F, 0x0C, 0x0A,
    0x15, 0x64, 0x27, 0x36, 0x5B, 0x23, 0x32, 0x69, 0x29, 0x39, 0x5C, 0x24, 0x33, 0x68, 0x29, 0x38,
    0x5D, 0x25, 0x33, 0x43, 0x1A, 0x27, 0x9E, 0x84, 0x84, 0xC1, 0x9F, 0x9F, 0xA8, 0x79, 0x81, 0xDE,
    0xBA, 0xBD, 0xE2, 0xC4, 0xC2, 0xE0, 0xBF, 0xBF, 0xD8, 0xAA, 0xB6, 0xD4, 0xA0, 0xB1, 0xDB, 0xB4,
    0xBA, 0xDD, 0xB9, 0xBD, 0xE0, 0xC0, 0xC0, 0xD9, 0xAC, 0xB7, 0xD3, 0x9E, 0xB1, 0xDD, 0xB8, 0xBC,
    0xE2, 0xC4, 0xC2, 0xE2, 0xC4, 0xC2, 0xE2, 0xC4, 0xC2, 0xE2, 0xC4, 0xC2, 0xE2, 0xC4, 0xC2, 0xE2,
    0xC4, 0xC2, 0xE2, 0xC4, 0xC2, 0xE2, 0xC4, 0xC2, 0xE2, 0xC4, 0xC2, 0xE2, 0xC4, 0xC2, 0xE2, 0xC4,
    0xC2, 0xE2, 0xC4, 0xC2, 0xE2, 0xC3, 0xC1, 0xDC, 0xB5, 0xBB, 0xE2, 0xC4, 0xC2, 0xE2, 0xC4, 0xC2,
    0xE2, 0xC4, 0xC2, 0xE2, 0xC4, 0xC2, 0xE2, 0xC4, 0xC2, 0xE2, 0xC4, 0xC2, 0xE2, 0xC4, 0xC2, 0xE2,
    0xC4, 0xC2, 0xE2, 0xC4, 0xC2, 0xE2, 0xC4, 0xC2, 0xE2, 0xC4, 0xC2, 0xE2, 0xC4, 0xC2, 0xE2, 0xC4,
    0xC2, 0xE2, 0xC4, 0xC2, 0xE2, 0xC4, 0xC2, 0xE2, 0xC4, 0xC2, 0xE2, 0xC4, 0xC2, 0xE2, 0xC4, 0xC2,
    0xE2, 0xC4, 0xC2, 0xE2, 0xC4, 0xC2, 0xE2, 0xC4, 0xC2, 0xE2, 0xC4, 0xC2, 0xE2, 0xC4, 0xC2, 0xE2,
    0xC4, 0xC2, 0xE2, 0xC4, 0xC2, 0xE2, 0xC4, 0xC2, 0xE2, 0xC4, 0xC2, 0xE2, 0xC4, 0xC2, 0xE2, 0xC4,
    0xC2, 0xE2, 0xC4, 0xC2, 0xE2, 0xC4, 0xC2, 0xE2, 0xC4, 0xC2, 0xE2, 0xC4, 0xC2, 0xE2, 0xC4, 0xC2,
    0xE2, 0xC4, 0xC2, 0xE2, 0xC4, 0xC2, 0xE2, 0xC4, 0xC2, 0xE2, 0xC4, 0xC2, 0xBE, 0x9B, 0x9C, 0xC7,
    0xAE, 0xAD, 0xCE, 0xC0, 0xBE, 0x89, 0x64, 0x6C, 0xA9, 0x7B, 0x85, 0xAD, 0x8C, 0x8D, 0x7C, 0x4D,
    0x54, 0x80, 0x6E, 0x6E, 0x7E, 0x5F, 0x62, 0x66, 0x28, 0x37, 0x45, 0x1B, 0x28, 0x6D, 0x2B, 0x3B,
    0x43, 0x1A, 0x27, 0x4F, 0x1F, 0x2C, 0x5B, 0x24, 0x32, 0x3E, 0x18, 0x25, 0x79, 0x30, 0x41, 0x76,
    0x2F, 0x3F, 0x68, 0x29, 0x38, 0x6B, 0x2A, 0x3A, 0x6F, 0x2C, 0x3C, 0x34, 0x15, 0x21, 0x77, 0x2F,
    0x40, 0x64, 0x27, 0x36, 0x43, 0x1A, 0x27, 0x40, 0x19, 0x25, 0x45, 0x29, 0x3A, 0xC2, 0x78, 0x9E,
    0x05, 0x08, 0x12, 0x0C, 0x0A, 0x15, 0x0C, 0x0A, 0x15, 0x0C, 0x0A, 0x15, 0x0F, 0x0B, 0x16, 0x43,
    0x1A, 0x27, 0x0D, 0x0A, 0x15, 0x0C, 0x0A, 0x15, 0x0C, 0x0A, 0x15, 0x0C, 0x0A, 0x15, 0x44, 0x1B,
    0x27, 0x12, 0x0B, 0x16, 0x0C, 0x0A, 0x15, 0x0C, 0x0A, 0x15, 0x0C, 0x0A, 0x15, 0x0C, 0x0A, 0x15,
    0x0C, 0x0A, 0x15, 0x0C, 0x0A, 0x15, 0x0C, 0x0A, 0x15, 0x0C, 0x0A, 0x15, 0x0C, 0x0A, 0x15, 0x0C,
    0x0A, 0x15, 0x0C, 0x0A, 0x15, 0x0C, 0x0A, 0x15, 0x0C, 0x0A, 0x15, 0x0C, 0x0A, 0x15, 0x0C, 0x0A,
    0x15, 0x3C, 0x18, 0x24, 0x60, 0x25, 0x34, 0x38, 0x16, 0x22, 0x0C, 0x0A, 0x15, 0x3A, 0x17, 0x23,
    0x5E, 0x25, 0x33, 0x67, 0x29, 0x38, 0x73, 0x2E, 0x3E, 0x6E, 0x2B, 0x3B, 0x73, 0x2D, 0x3E, 0x6E,
    0x2C, 0x3C, 0x72, 0x2D, 0x3E, 0x6F, 0x2C, 0x3C, 0x67, 0x29, 0x38, 0x9D, 0x68, 0x7A, 0xB5, 0x7B,
    0x8F, 0xA2, 0x67, 0x7A, 0xD1, 0x97, 0xAE, 0xD1, 0x97, 0xAE, 0xD1, 0x97, 0xAE, 0xCE, 0x8F, 0xAA,
    0xD1, 0x98, 0xAE, 0xE2, 0xC4, 0xC2, 0xE2, 0xC4, 0xC2, 0xE2, 0xC4, 0xC2, 0xDC, 0xB5, 0xBB, 0xD0,
    0x93, 0xAC, 0xDE, 0xBA, 0xBD, 0xD1, 0x97, 0xAE, 0xD1, 0x97, 0xAE, 0xD1, 0x97, 0xAE, 0xD1, 0x97,
    0xAE, 0xD4, 0xA0, 0xB2, 0xDF, 0xBD, 0xBF, 0xD4, 0x9F, 0xB1, 0xE2, 0xC4, 0xC2, 0xE0, 0xBF, 0xBF,
    0xD3, 0x9D, 0xB0, 0xE2, 0xC4, 0xC2, 0xE2, 0xC4, 0xC2, 0xE2, 0xC4, 0xC2, 0xE2, 0xC4, 0xC2, 0xE2,
    0xC4, 0xC2, 0xE2, 0xC4, 0xC2, 0xE2, 0xC4, 0xC2, 0xE2, 0xC4, 0xC2, 0xE2, 0xC4, 0xC2, 0xE2, 0xC4,
    0xC2, 0xE2, 0xC4, 0xC2, 0xE2, 0xC4, 0xC2, 0xE2, 0xC4, 0xC2, 0xE2, 0xC4, 0xC2, 0xE2, 0xC4, 0xC2,
    0xE2, 0xC4, 0xC2, 0xE2, 0xC4, 0xC2, 0xE2, 0xC4, 0xC2, 0xE2, 0xC4, 0xC2, 0xF5, 0xEB, 0xE2, 0xF7,
    0xF0, 0xE6, 0xE5, 0xCB, 0xC8, 0xE2, 0xC4, 0xC2, 0xE2, 0xC4, 0xC2, 0xE2, 0xC4, 0xC2, 0xE2, 0xC4,
    0xC2, 0xE2, 0xC4, 0xC2, 0xE2, 0xC4, 0xC2, 0xE2, 0xC4, 0xC2, 0xE2, 0xC4, 0xC2, 0xE2, 0xC4, 0xC2,
    0xE2, 0xC4, 0xC2, 0xE2, 0xC4, 0xC2, 0xE2, 0xC4, 0xC2, 0xE2, 0xC4, 0xC2, 0xE2, 0xC4, 0xC2, 0xE2,
    0xC4, 0xC2, 0xE2, 0xC4, 0xC2, 0xE2, 0xC4, 0xC2, 0xE2, 0xC4, 0xC2, 0xE2, 0xC4, 0xC2, 0xE2, 0xC4,
    0xC2, 0xD4, 0xB5, 0xB4, 0xC0, 0xA3, 0xA1, 0x98, 0x7B, 0x7B, 0x98, 0x72, 0x75, 0xBC, 0x99, 0x99,
    0x89, 0x61, 0x66, 0x38, 0x16, 0x22, 0x3E, 0x18, 0x25, 0x6D, 0x2B, 0x3B, 0x66, 0x28, 0x37, 0x45,
    0x1B, 0x28, 0x68, 0x29, 0x38, 0x0C, 0x0A, 0x15, 0x25, 0x10, 0x1B, 0x3C, 0x18, 0x24, 0x23, 0x0F,
    0x1B, 0x45, 0x1B, 0x28, 0x45, 0x1B, 0x28, 0x45, 0x1B, 0x28, 0x45, 0x1B, 0x28, 0x3F, 0x19, 0x25,
    0x34, 0x15, 0x21, 0x73, 0x2D, 0x3E, 0x40, 0x19, 0x26, 0x0C, 0x0A, 0x15, 0x0C, 0x0A, 0x15, 0x27,
    0x17, 0x24, 0x70, 0x44, 0x5C, 0x0A, 0x09, 0x14, 0x1B, 0x0D, 0x18, 0x65, 0x28, 0x37, 0x0B, 0x0A,
    0x15, 0x0C, 0x0A, 0x15, 0x0C, 0x0A, 0x15, 0x0C, 0x0A, 0x15, 0x0C, 0x0A, 0x15, 0x0C, 0x0A, 0x15,
    0x0C, 0x0A, 0x15, 0x0C, 0x0A, 0x15, 0x0C, 0x0A, 0x15, 0x0C, 0x0A, 0x15, 0x0C, 0x0A, 0x15, 0x0C,
    0x0A, 0x15, 0x0C, 0x0A, 0x15, 0x0C, 0x0A, 0x15, 0x60, 0x26, 0x34, 0x28, 0x11, 0x1C, 0x0C, 0x0A,
    0x15, 0x5E, 0x25, 0x33, 0x2D, 0x13, 0x1E, 0x0C, 0x0A, 0x15, 0x0C, 0x0A, 0x15, 0x5B, 0x24, 0x32,
    0x32, 0x14, 0x20, 0x0C, 0x0A, 0x15, 0x0C, 0x0A, 0x15, 0x3D, 0x18, 0x24, 0x26, 0x10, 0x1C, 0x0C,
    0x0A, 0x15, 0x57, 0x22, 0x30, 0x73, 0x2E, 0x3E, 0x79, 0x30, 0x41, 0x79, 0x30, 0x41, 0x79, 0x30,
    0x41, 0x79, 0x30, 0x41, 0x79, 0x30, 0x41, 0x79, 0x30, 0x41, 0x79, 0x30, 0x41, 0x79, 0x30, 0x41,
    0xA0, 0x59, 0x76, 0xAF, 0x67, 0x88, 0x9E, 0x58, 0x74, 0xD0, 0x94, 0xAC, 0xD5, 0xA1, 0xB2, 0xCF,
    0x92, 0xAC, 0xDB, 0xB2, 0xB9, 0xD8, 0xAA, 0xB6, 0xD7, 0xA7, 0xB4, 0xDD, 0xB8, 0xBC, 0xD6, 0xA6,
    0xB4, 0xE0, 0xBF, 0xC0, 0xDD, 0xB7, 0xBC, 0xE0, 0xC0, 0xC0, 0xDB, 0xB2, 0xB9, 0xDB, 0xB2, 0xB9,
    0xDB, 0xB2, 0xB9, 0xDB, 0xB2, 0xB9, 0xDC, 0xB5, 0xBB, 0xE1, 0xC1, 0xC1, 0xDC, 0xB5, 0xBB, 0xE2,
    0xC4, 0xC2, 0xE1, 0xC2, 0xC1, 0xDC, 0xB4, 0xBA, 0xE2, 0xC4, 0xC2, 0xE2, 0xC4, 0xC2, 0xE2, 0xC4,
    0xC2, 0xE2, 0xC4, 0xC2, 0xE2, 0xC4, 0xC2, 0xE2, 0xC4, 0xC2, 0xE2, 0xC4, 0xC2, 0xE2, 0xC5, 0xC3,
    0xF6, 0xEE, 0xE5, 0xE2, 0xC4, 0xC2, 0xE2, 0xC4, 0xC2, 0xF6, 0xEE, 0xE5, 0xF6, 0xEF, 0xE5, 0xF6,
    0xEF, 0xE5, 0xF6, 0xEF, 0xE5, 0xF6, 0xEF, 0xE5, 0xF6, 0xEF, 0xE5, 0xF6, 0xEF, 0xE5, 0xF6, 0xEF,
    0xE5, 0xFE, 0xFD, 0xF1, 0xFF, 0xFF, 0xF3, 0xF8, 0xF1, 0xE7, 0xF6, 0xEF, 0xE5, 0xE6, 0xCC, 0xC9,
    0xF3, 0xE8, 0xDF, 0xE6, 0xCD, 0xCA, 0xE2, 0xC4, 0xC2, 0xE2, 0xC4, 0xC2, 0xE2, 0xC4, 0xC2, 0xE2,
    0xC4, 0xC2, 0xE2, 0xC4, 0xC2, 0xE2, 0xC4, 0xC2, 0xE2, 0xC4, 0xC2, 0xE2, 0xC4, 0xC2, 0xE2, 0xC4,
    0xC2, 0xE2, 0xC4, 0xC2, 0xE2, 0xC4, 0xC2, 0xE2, 0xC4, 0xC2, 0xE2, 0xC4, 0xC2, 0xD8, 0xAA, 0xB6,
    0xDC, 0xB5, 0xBB, 0xD8, 0xAB, 0xB6, 0xAA, 0x84, 0x8F, 0xA6, 0x8C, 0x8C, 0xA5, 0x86, 0x87, 0x65,
    0x4D, 0x50, 0x73, 0x5E, 0x5F, 0x54, 0x21, 0x2E, 0x53, 0x21, 0x2E, 0x49, 0x1D, 0x2A, 0x79, 0x30,
    0x41, 0x66, 0x28, 0x37, 0x45, 0x1B, 0x28, 0x68, 0x29, 0x38, 0x0C, 0x0A, 0x15, 0x36, 0x16, 0x22,
    0x59, 0x23, 0x31, 0x0C, 0x0A, 0x15, 0x32, 0x14, 0x20, 0x5B, 0x24, 0x32, 0x30, 0x13, 0x1F, 0x66,
    0x28, 0x37, 0x5D, 0x25, 0x33, 0x1E, 0x0E, 0x19, 0x41, 0x19, 0x26, 0x0C, 0x0A, 0x15, 0x0C, 0x0A,
    0x15, 0x0C, 0x0A, 0x15, 0x0C, 0x0A, 0x15, 0x0C, 0x0A, 0x15, 0x0C, 0x0A, 0x15, 0x14, 0x0B, 0x17,
    0x45, 0x1B, 0x28, 0x0B, 0x0A, 0x15, 0x0C, 0x0A, 0x15, 0x0C, 0x0A, 0x15, 0x0C, 0x0A, 0x15, 0x0C,
    0x0A, 0x15, 0x0C, 0x0A, 0x15, 0x0C, 0x0A, 0x15, 0x0C, 0x0A, 0x15, 0x0C, 0x0A, 0x15, 0x0A, 0x0A,
    0x15, 0x62, 0x26, 0x35, 0x20, 0x0E, 0x1A, 0x0C, 0x0A, 0x15, 0x0C, 0x0A, 0x15, 0x44, 0x1A, 0x27,
    0x1D, 0x0E, 0x19, 0x0C, 0x0A, 0x15, 0x42, 0x1A, 0x26, 0x20, 0x0E, 0x1A, 0x0C, 0x0A, 0x15, 0x0C,
    0x0A, 0x15, 0x40, 0x19, 0x26, 0x24, 0x0F, 0x1B, 0x0C, 0x0A, 0x15, 0x0C, 0x0A, 0x15, 0x58, 0x22,
    0x31, 0x37, 0x16, 0x22, 0x0C, 0x0A, 0x15, 0x67, 0x28, 0x38, 0x79, 0x30, 0x41, 0x5C, 0x24, 0x32,
    0x6B, 0x2A, 0x3A, 0x79, 0x30, 0x41, 0x79, 0x30, 0x41, 0x79, 0x30, 0x41, 0x79, 0x30, 0x41, 0x79,
    0x30, 0x41, 0x60, 0x26, 0x34, 0x72, 0x3A, 0x4E, 0x8E, 0x48, 0x5F, 0x86, 0x40, 0x56, 0x9E, 0x64,
    0x75, 0xA1, 0x6F, 0x79, 0x9D, 0x63, 0x74, 0xA5, 0x7B, 0x7F, 0xA1, 0x70, 0x7A, 0xAD, 0x6F, 0x86,
    0xCF, 0x91, 0xAB, 0xCB, 0x86, 0xA7, 0xD6, 0xA6, 0xB4, 0xE2, 0xC4, 0xC2, 0xE2, 0xC4, 0xC2, 0xE2,
    0xC4, 0xC2, 0xE2, 0xC4, 0xC2, 0xE2, 0xC4, 0xC2, 0xE2, 0xC4, 0xC2, 0xE2, 0xC4, 0xC2, 0xE2, 0xC4,
    0xC2, 0xE2, 0xC4, 0xC2, 0xE2, 0xC4, 0xC2, 0xE2, 0xC4, 0xC2, 0xE2, 0xC4, 0xC2, 0xE2, 0xC4, 0xC2,
    0xE2, 0xC4, 0xC2, 0xE2, 0xC4, 0xC2, 0xE2, 0xC4, 0xC2, 0xE2, 0xC4, 0xC2, 0xE2, 0xC4, 0xC2, 0xE3,
    0xC5, 0xC3, 0xF6, 0xEE, 0xE5, 0xFF, 0xFE, 0xF2, 0xE2, 0xC4, 0xC2, 0xE2, 0xC4, 0xC2, 0xFF, 0xFE,
    0xF2, 0xFF, 0xFF, 0xF3, 0xFF, 0xFF, 0xF3, 0xFF, 0xFF, 0xF3, 0xFF, 0xFF, 0xF3, 0xED, 0xDD, 0xD6,
    0xFD, 0xFC, 0xF0, 0xFF, 0xFF, 0xF3, 0xEE, 0xDE, 0xD8, 0xEC, 0xDA, 0xD4, 0xFC, 0xFA, 0xEF, 0xFF,
    0xFF, 0xF3, 0xF8, 0xF1, 0xE7, 0xFD, 0xFC, 0xF0, 0xF8, 0xF1, 0xE7, 0xF6, 0xEE, 0xE5, 0xF6, 0xEE,
    0xE5, 0xF6, 0xEE, 0xE5, 0xF6, 0xEE, 0xE5, 0xF6, 0xEE, 0xE5, 0xE8, 0xD0, 0xCC, 0xF1, 0xE3, 0xDC,
    0xE8, 0xD1, 0xCD, 0xE2, 0xC4, 0xC2, 0xE2, 0xC4, 0xC2, 0xE2, 0xC4, 0xC2, 0xE2, 0xC4, 0xC2, 0xE2,
    0xC4, 0xC2, 0xDD, 0xB8, 0xBC, 0xBC, 0x93, 0x98, 0x9E, 0x65, 0x75, 0xB0, 0x8B, 0x91, 0xB4, 0x95,
    0x95, 0x90, 0x64, 0x69, 0x65, 0x28, 0x37, 0x51, 0x20, 0x2D, 0x4C, 0x1E, 0x2B, 0x72, 0x2D, 0x3E,
    0x6C, 0x2B, 0x3B, 0x79, 0x30, 0x41, 0x66, 0x28, 0x37, 0x29, 0x11, 0x1C, 0x52, 0x20, 0x2E, 0x65,
    0x28, 0x37, 0x6B, 0x2A, 0x3A, 0x6A, 0x2A, 0x3A, 0x0C, 0x0A, 0x15, 0x3C, 0x18, 0x24, 0x75, 0x2E,
    0x3F, 0x60, 0x26, 0x34, 0x48, 0x1C, 0x29, 0x42, 0x1A, 0x26, 0x0C, 0x0A, 0x15, 0x0C, 0x0A, 0x15,
    0x0C, 0x0A, 0x15, 0x0C, 0x0A, 0x15, 0x0C, 0x0A, 0x15, 0x0C, 0x0A, 0x15, 0x0C, 0x0A, 0x15, 0x0C,
    0x0A, 0x15, 0x0C, 0x0A, 0x15, 0x0C, 0x0A, 0x15, 0x16, 0x0C, 0x17, 0x64, 0x27, 0x36, 0x0C, 0x0A,
    0x15, 0x0C, 0x0A, 0x15, 0x0C, 0x0A, 0x15, 0x0C, 0x0A, 0x15, 0x0C, 0x0A, 0x15, 0x0C, 0x0A, 0x15,
    0x0C, 0x0A, 0x15, 0x0C, 0x0A, 0x15, 0x34, 0x15, 0x20, 0x13, 0x0B, 0x16, 0x0C, 0x0A, 0x15, 0x0B,
    0x0A, 0x15, 0x68, 0x29, 0x39, 0x2C, 0x12, 0x1E, 0x0C, 0x0A, 0x15, 0x0C, 0x0A, 0x15, 0x0C, 0x0A,
    0x15, 0x65, 0x28, 0x37, 0x34, 0x15, 0x21, 0x0C, 0x0A, 0x15, 0x0C, 0x0A, 0x15, 0x62, 0x27, 0x36,
    0x3A, 0x17, 0x23, 0x69, 0x29, 0x39, 0x42, 0x1A, 0x27, 0x0C, 0x0A, 0x15, 0x2D, 0x12, 0x1E, 0x69,
    0x2A, 0x39, 0x72, 0x2D, 0x3E, 0x76, 0x2F, 0x3F, 0x55, 0x21, 0x2F, 0x67, 0x28, 0x38, 0x79, 0x30,
    0x41, 0x57, 0x22, 0x30, 0x65, 0x28, 0x37, 0x73, 0x2E, 0x3E, 0x73, 0x2E, 0x3E, 0x79, 0x30, 0x41,
    0x79, 0x30, 0x41, 0x79, 0x30, 0x41, 0x79, 0x30, 0x41, 0x79, 0x30, 0x41, 0x79, 0x30, 0x41, 0x79,
    0x30, 0x41, 0x7F, 0x37, 0x4B, 0xA9, 0x78, 0x83, 0xDE, 0xBA, 0xBD, 0xDF, 0xBD, 0xBF, 0xE2, 0xC4,
    0xC2, 0xE2, 0xC4, 0xC2, 0xE2, 0xC4, 0xC2, 0xE2, 0xC4, 0xC2, 0xE2, 0xC4, 0xC2, 0xE2, 0xC4, 0xC2,
    0xE2, 0xC4, 0xC2, 0xE2, 0xC4, 0xC2, 0xE2, 0xC4, 0xC2, 0xE2, 0xC4, 0xC2, 0xE2, 0xC4, 0xC2, 0xE2,
    0xC4, 0xC2, 0xE5, 0xCA, 0xC7, 0xFA, 0xF6, 0xEC, 0xF9, 0xF3, 0xE9, 0xE4, 0xC7, 0xC5, 0xFA, 0xF6,
    0xEC, 0xFA, 0xF6, 0xEC, 0xFA, 0xF6, 0xEC, 0xFF, 0xFF, 0xF3, 0xFF, 0xFF, 0xF3, 0xFA, 0xF6, 0xEC,
    0xFA, 0xF6, 0xEC, 0xFF, 0xFF, 0xF3, 0xFF, 0xFF, 0xF3, 0xE8, 0xD2, 0xCD, 0xFE, 0xFD, 0xF1, 0xFF,
    0xFF, 0xF3, 0xFB, 0xF7, 0xEC, 0xE9, 0xD3, 0xCF, 0xFD, 0xFB, 0xEF, 0xFB, 0xF7, 0xEC, 0xE5, 0xCC,
    0xC8, 0xFB, 0xF8, 0xED, 0xEB, 0xD8, 0xD2, 0xFB, 0xF8, 0xED, 0xFF, 0xFF, 0xF3, 0xEC, 0xDA, 0xD4,
    0xFA, 0xF6, 0xEC, 0xFF, 0xFF, 0xF3, 0xED, 0xDC, 0xD5, 0xFA, 0xF5, 0xEA, 0xFF, 0xFF, 0xF3, 0xFC,
    0xF9, 0xEE, 0xFE, 0xFD, 0xF1, 0xFC, 0xF9, 0xEE, 0xEA, 0xD5, 0xD0, 0xE2, 0xC4, 0xC2, 0xE2, 0xC4,
    0xC2, 0xE2, 0xC4, 0xC2, 0xE2, 0xC4, 0xC2, 0xE2, 0xC4, 0xC2, 0xCD, 0x99, 0xAA, 0x99, 0x53, 0x6E,
    0x6E, 0x4B, 0x50, 0x6E, 0x4B, 0x50, 0x79, 0x30, 0x41, 0x79, 0x30, 0x41, 0x61, 0x26, 0x35, 0x4C,
    0x1E, 0x2B, 0x79, 0x30, 0x41, 0x79, 0x30, 0x41, 0x79, 0x30, 0x41, 0x66, 0x28, 0x37, 0x0C, 0x0A,
    0x15, 0x44, 0x1B, 0x27, 0x79, 0x30, 0x41, 0x79, 0x30, 0x41, 0x6A, 0x2A, 0x3A, 0x38, 0x16, 0x22,
    0x86, 0x44, 0x5B, 0xB2, 0x6A, 0x8C, 0x6D, 0x2B, 0x3B, 0x0C, 0x0A, 0x15, 0x0C, 0x0A, 0x15, 0x0C,
    0x0A, 0x15, 0x0C, 0x0A, 0x15, 0x0C, 0x0A, 0x15, 0x0C, 0x0A, 0x15, 0x28, 0x11, 0x1C, 0x6F, 0x2C,
    0x3C, 0x6B, 0x2A, 0x3A, 0x0A, 0x0A, 0x15, 0x0C, 0x0A, 0x15, 0x0C, 0x0A, 0x15, 0x0F, 0x0A, 0x15,
    0x35, 0x15, 0x21, 0x0C, 0x0A, 0x15, 0x0C, 0x0A, 0x15, 0x0C, 0x0A, 0x15, 0x0C, 0x0A, 0x15, 0x6D,
    0x2B, 0x3B, 0x17, 0x0C, 0x17, 0x0A, 0x0A, 0x15, 0x6B, 0x2A, 0x3A, 0x20, 0x0E, 0x1A, 0x0C, 0x0A,
    0x15, 0x0C, 0x0A, 0x15, 0x0C, 0x0A, 0x15, 0x34, 0x15, 0x21, 0x17, 0x0C, 0x17, 0x0C, 0x0A, 0x15,
    0x65, 0x28, 0x37, 0x31, 0x14, 0x1F, 0x32, 0x14, 0x20, 0x1A, 0x0D, 0x18, 0x0C, 0x0A, 0x15, 0x62,
    0x27, 0x36, 0x49, 0x1C, 0x29, 0x1D, 0x0E, 0x19, 0x30, 0x13, 0x1F, 0x1E, 0x0E, 0x19, 0x0C, 0x0A,
    0x15, 0x0C, 0x0A, 0x15, 0x66, 0x28, 0x37, 0x54, 0x21, 0x2F, 0x68, 0x29, 0x39, 0x72, 0x2D, 0x3E,
    0x75, 0x2E, 0x3F, 0x79, 0x30, 0x41, 0x73, 0x2D, 0x3E, 0x75, 0x2E, 0x3F, 0x79, 0x30, 0x41, 0xA6,
    0x7C, 0x7F, 0xD4, 0xB4, 0xB3, 0xD4, 0xB4, 0xB3, 0xD4, 0xB4, 0xB3, 0xD4, 0xB4, 0xB3, 0xD4, 0xB4,
    0xB3, 0xBC, 0x98, 0x99, 0x79, 0x30, 0x41, 0x79, 0x30, 0x41, 0xA1, 0x77, 0x7A, 0xE2, 0xC4, 0xC2,
    0xE2, 0xC4, 0xC2, 0xE2, 0xC4, 0xC2, 0xE2, 0xC4, 0xC2, 0xE2, 0xC4, 0xC2, 0xE2, 0xC4, 0xC2, 0xE2,
    0xC4, 0xC2, 0xE2, 0xC4, 0xC2, 0xE7, 0xCE, 0xCA, 0xF6, 0xEE, 0xE5, 0xE6, 0xCD, 0xC9, 0xFA, 0xF5,
    0xEB, 0xFA, 0xF5, 0xEB, 0xFA, 0xF5, 0xEB, 0xF8, 0xF2, 0xE8, 0xEA, 0xD5, 0xD0, 0xFF, 0xFE, 0xF3,
    0xFA, 0xF6, 0xEB, 0xFF, 0xFF, 0xF3, 0xFE, 0xFD, 0xF2, 0xE8, 0xD0, 0xCC, 0xE8, 0xD2, 0xCD, 0xFF,
    0xFE, 0xF3, 0xE8, 0xD1, 0xCD, 0xFF, 0xFE, 0xF3, 0xE8, 0xD2, 0xCD, 0xE8, 0xD1, 0xCC, 0xE2, 0xC4,
    0xC2, 0xE7, 0xD0, 0xCC, 0xFE, 0xFC, 0xF1, 0xFF, 0xFF, 0xF3, 0xFA, 0xF6, 0xEC, 0xFE, 0xFE, 0xF2,
    0xFF, 0xFF, 0xF3, 0xFB, 0xF7, 0xEC, 0xFE, 0xFE, 0xF2, 0xFB, 0xF7, 0xEC, 0xEB, 0xD8, 0xD2, 0xFB,
    0xF7, 0xED, 0xFB, 0xF7, 0xED, 0xEC, 0xD9, 0xD3, 0xFA, 0xF6, 0xEB, 0xFB, 0xF8, 0xED, 0xEC, 0xDA,
    0xD4, 0xF9, 0xF4, 0xEA, 0xEE, 0xDE, 0xD8, 0xE8, 0xD1, 0xCC, 0xE8, 0xD1, 0xCC, 0xF5, 0xEB, 0xE2,
    0xEA, 0xD5, 0xD0, 0xE2, 0xC4, 0xC2, 0xE2, 0xC4, 0xC2, 0xE2, 0xC4, 0xC2, 0xD6, 0xA5, 0xB3, 0xCB,
    0x84, 0xA6, 0xCF, 0xA1, 0xAD, 0x8D, 0x78, 0x78, 0x50, 0x1F, 0x2D, 0x99, 0x53, 0x6E, 0xA7, 0x60,
    0x7F, 0x61, 0x26, 0x35, 0x22, 0x0F, 0x1A, 0x56, 0x21, 0x2F, 0x68, 0x29, 0x39, 0x54, 0x21, 0x2F,
    0x66, 0x28, 0x37, 0x3F, 0x19, 0x25, 0x71, 0x2D, 0x3D, 0x79, 0x30, 0x41, 0x79, 0x30, 0x41, 0x8C,
    0x47, 0x5F, 0xB9, 0x72, 0x96, 0xB4, 0x6B, 0x8D, 0x89, 0x42, 0x59, 0x6D, 0x2B, 0x3B, 0x0C, 0x0A,
    0x15, 0x0C, 0x0A, 0x15, 0x2F, 0x13, 0x1F, 0x66, 0x28, 0x37, 0x2C, 0x12, 0x1E, 0x68, 0x29, 0x38,
    0x15, 0x0C, 0x17, 0x37, 0x16, 0x22, 0x35, 0x15, 0x21, 0x0C, 0x0A, 0x15, 0x0C, 0x0A, 0x15, 0x0C,
    0x0A, 0x15, 0x0C, 0x0A, 0x15, 0x0C, 0x0A, 0x15, 0x0C, 0x0A, 0x15, 0x0C, 0x0A, 0x15, 0x0C, 0x0A,
    0x15, 0x0C, 0x0A, 0x15, 0x38, 0x16, 0x22, 0x0F, 0x0B, 0x16, 0x0C, 0x0A, 0x15, 0x37, 0x16, 0x22,
    0x12, 0x0B, 0x16, 0x0C, 0x0A, 0x15, 0x0C, 0x0A, 0x15, 0x0C, 0x0A, 0x15, 0x0C, 0x0A, 0x15, 0x0C,
    0x0A, 0x15, 0x0C, 0x0A, 0x15, 0x34, 0x15, 0x21, 0x1A, 0x0D, 0x18, 0x0C, 0x0A, 0x15, 0x0C, 0x0A,
    0x15, 0x0C, 0x0A, 0x15, 0x32, 0x14, 0x20, 0x1D, 0x0E, 0x19, 0x0C, 0x0A, 0x15, 0x0C, 0x0A, 0x15,
    0x0C, 0x0A, 0x15, 0x0C, 0x0A, 0x15, 0x0C, 0x0A, 0x15, 0x30, 0x13, 0x1F, 0x60, 0x26, 0x34, 0x75,
    0x2E, 0x3F, 0x79, 0x30, 0x41, 0x79, 0x30, 0x41, 0x58, 0x22, 0x31, 0x66, 0x28, 0x37, 0x79, 0x30,
    0x41, 0x79, 0x30, 0x41, 0xA3, 0x64, 0x7A, 0xCE, 0x8F, 0xAA, 0xCE, 0x8F, 0xAA, 0xD6, 0xA5, 0xB4,
    0xDB, 0xB3, 0xBA, 0xCE, 0x8F, 0xAA, 0xB8, 0x79, 0x92, 0x79, 0x30, 0x41, 0x79, 0x30, 0x41, 0xA1,
    0x77, 0x7A, 0xE2, 0xC4, 0xC2, 0xE2, 0xC4, 0xC2, 0xE2, 0xC4, 0xC2, 0xE2, 0xC4, 0xC2, 0xE2, 0xC4,
    0xC2, 0xE2, 0xC4, 0xC2, 0xE2, 0xC4, 0xC2, 0xE7, 0xCF, 0xCB, 0xFB, 0xF7, 0xEC, 0xFE, 0xFD, 0xF2,
    0xFA, 0xF6, 0xEC, 0xFF, 0xFF, 0xF3, 0xFC, 0xFA, 0xEE, 0xEB, 0xD7, 0xD2, 0xFE, 0xFE, 0xF2, 0xF8,
    0xF2, 0xE8, 0xEA, 0xD5, 0xD0, 0xFF, 0xFF, 0xF3, 0xFE, 0xFD, 0xF1, 0xE9, 0xD3, 0xCE, 0xFA, 0xF5,
    0xEA, 0xFA, 0xF5, 0xEB, 0xFF, 0xFF, 0xF3, 0xFA, 0xF5, 0xEA, 0xFF, 0xFF, 0xF3, 0xFA, 0xF5, 0xEB,
    0xFA, 0xF5, 0xEA, 0xFA, 0xF5, 0xEA, 0xFA, 0xF5, 0xEA, 0xE9, 0xD4, 0xCF, 0xFD, 0xFC, 0xF0, 0xEA,
    0xD6, 0xD1, 0xFD, 0xFB, 0xEF, 0xEB, 0xD7, 0xD2, 0xFC, 0xFA, 0xEE, 0xFF, 0xFF, 0xF3, 0xEC, 0xDA,
    0xD4, 0xE3, 0xC6, 0xC4, 0xFA, 0xF6, 0xEB, 0xED, 0xDB, 0xD5, 0xE3, 0xC7, 0xC4, 0xE7, 0xCF, 0xCB,
    0xFA, 0xF6, 0xEB, 0xE9, 0xD4, 0xCF, 0xE7, 0xCE, 0xCA, 0xE4, 0xC8, 0xC5, 0xE2, 0xC4, 0xC2, 0xE2,
    0xC4, 0xC2, 0xE6, 0xCD, 0xCA, 0xE4, 0xC8, 0xC6, 0xE2, 0xC4, 0xC2, 0xE2, 0xC4, 0xC2, 0xE2, 0xC4,
    0xC2, 0xB3, 0x88, 0x8F, 0xB5, 0x6C, 0x8F, 0xCC, 0x88, 0xA8, 0x8A, 0x5E, 0x72, 0x50, 0x1F, 0x2D,
    0x82, 0x3B, 0x4F, 0x86, 0x40, 0x55, 0x61, 0x26, 0x35, 0x0C, 0x0A, 0x15, 0x4B, 0x1D, 0x2A, 0x92,
    0x4E, 0x67, 0x9B, 0x5F, 0x7E, 0x30, 0x13, 0x1F, 0x45, 0x1B, 0x28, 0x79, 0x30, 0x41, 0x79, 0x30,
    0x41, 0x8F, 0x49, 0x61, 0xC0, 0x75, 0x9A, 0xC9, 0x7D, 0xA4, 0xBB, 0x71, 0x95, 0x79, 0x30, 0x41,
    0x6D, 0x2B, 0x3B, 0x0C, 0x0A, 0x15, 0x31, 0x14, 0x1F, 0x67, 0x28, 0x38, 0x35, 0x15, 0x21, 0x17,
    0x0C, 0x17, 0x35, 0x15, 0x21, 0x0C, 0x0A, 0x15, 0x0C, 0x0A, 0x15, 0x0C, 0x0A, 0x15, 0x0C, 0x0A,
    0x15, 0x0C, 0x0A, 0x15, 0x1A, 0x0D, 0x18, 0x6C, 0x2B, 0x3A, 0x0B, 0x0A, 0x15, 0x0C, 0x0A, 0x15,
    0x0C, 0x0A, 0x15, 0x0C, 0x0A, 0x15, 0x0C, 0x0A, 0x15, 0x0C, 0x0A, 0x15, 0x0C, 0x0A, 0x15, 0x0C,
    0x0A, 0x15, 0x0C, 0x0A, 0x15, 0x0C, 0x0A, 0x15, 0x0B, 0x0A, 0x15, 0x68, 0x29, 0x38, 0x27, 0x10,
    0x1C, 0x0C, 0x0A, 0x15, 0x0C, 0x0A, 0x15, 0x0C, 0x0A, 0x15, 0x0C, 0x0A, 0x15, 0x0C, 0x0A, 0x15,
    0x0C, 0x0A, 0x15, 0x0C, 0x0A, 0x15, 0x0C, 0x0A, 0x15, 0x0C, 0x0A, 0x15, 0x0C, 0x0A, 0x15, 0x0C,
    0x0A, 0x15, 0x0C, 0x0A, 0x15, 0x0C, 0x0A, 0x15, 0x5D, 0x24, 0x33, 0x3E, 0x18, 0x25, 0x0C, 0x0A,
    0x15, 0x31, 0x14, 0x1F, 0x3B, 0x17, 0x23, 0x3B, 0x17, 0x23, 0x3B, 0x17, 0x23, 0x5E, 0x25, 0x33,
    0x74, 0x2E, 0x3F, 0x5A, 0x23, 0x32, 0x3B, 0x17, 0x23, 0x67, 0x32, 0x45, 0x80, 0x44, 0x5B, 0x95,
    0x5C, 0x7A, 0xD3, 0x9C, 0xB0, 0xE0, 0xC0, 0xC0, 0xDD, 0xB8, 0xBC, 0xBB, 0x9A, 0x9E, 0x55, 0x21,
    0x2F, 0x79, 0x30, 0x41, 0xAC, 0x92, 0x90, 0xF9, 0xF4, 0xEA, 0xF3, 0xE9, 0xE0, 0xE8, 0xD2, 0xCD,
    0xF4, 0xEA, 0xE1, 0xE8, 0xD0, 0xCC, 0xF9, 0xF4, 0xEA, 0xF9, 0xF4, 0xEA, 0xFA, 0xF6, 0xEC, 0xFB,
    0xF8, 0xED, 0xED, 0xDB, 0xD5, 0xFF, 0xFF, 0xF3, 0xFC, 0xF9, 0xEE, 0xEB, 0xD7, 0xD2, 0xF7, 0xF0,
    0xE7, 0xEB, 0xD7, 0xD2, 0xFF, 0xFE, 0xF2, 0xFA, 0xF5, 0xEB, 0xFF, 0xFF, 0xF3, 0xFF, 0xFE, 0xF3,
    0xF9, 0xF5, 0xEA, 0xFF, 0xFF, 0xF3, 0xFF, 0xFE, 0xF2, 0xE9, 0xD3, 0xCE, 0xFF, 0xFF, 0xF3, 0xE9,
    0xD3, 0xCE, 0xFF, 0xFE, 0xF2, 0xE9, 0xD3, 0xCF, 0xFE, 0xFD, 0xF2, 0xFF, 0xFF, 0xF3, 0xE4, 0xC8,
    0xC6, 0xE8, 0xD1, 0xCD, 0xF8, 0xF1, 0xE8, 0xEA, 0xD6, 0xD1, 0xE3, 0xC6, 0xC3, 0xE8, 0xD0, 0xCC,
    0xE8, 0xD2, 0xCE, 0xE3, 0xC6, 0xC4, 0xE2, 0xC4, 0xC2, 0xE7, 0xD0, 0xCC, 0xE3, 0xC7, 0xC4, 0xE2,
    0xC4, 0xC2, 0xE2, 0xC4, 0xC2, 0xE7, 0xCF, 0xCB, 0xE4, 0xC8, 0xC5, 0xE2, 0xC4, 0xC2, 0xE2, 0xC4,
    0xC2, 0xE2, 0xC4, 0xC2, 0xE2, 0xC4, 0xC2, 0xE2, 0xC4, 0xC2, 0xE2, 0xC4, 0xC2, 0xE2, 0xC4, 0xC2,
    0xD6, 0xA4, 0xB3, 0xCF, 0x90, 0xAB, 0xA0, 0x62, 0x77, 0xB0, 0x68, 0x89, 0xC9, 0x7D, 0xA4, 0x86,
    0x52, 0x6E, 0x50, 0x1F, 0x2D, 0x79, 0x30, 0x41, 0x79, 0x30, 0x41, 0x75, 0x2E, 0x3F, 0x6D, 0x2B,
    0x3B, 0x71, 0x2D, 0x3D, 0x81, 0x3A, 0x4E, 0x85, 0x41, 0x57, 0x5B, 0x24, 0x32, 0x6D, 0x41, 0x58,
    0xAC, 0x64, 0x84, 0x8F, 0x49, 0x62, 0xBF, 0x75, 0x9A, 0xC9, 0x7D, 0xA4, 0xBD, 0x73, 0x98, 0x9A,
    0x54, 0x70, 0xB0, 0x68, 0x89, 0x77, 0x2F, 0x40, 0x6D, 0x2B, 0x3B, 0x66, 0x28, 0x37, 0x36, 0x15,
    0x21, 0x0C, 0x0A, 0x15, 0x0C, 0x0A, 0x15, 0x0C, 0x0A, 0x15, 0x0C, 0x0A, 0x15, 0x0C, 0x0A, 0x15,
    0x0C, 0x0A, 0x15, 0x0C, 0x0A, 0x15, 0x0C, 0x0A, 0x15, 0x11, 0x0B, 0x16, 0x3D, 0x18, 0x24, 0x6D,
    0x2B, 0x3B, 0x6D, 0x2B, 0x3B, 0x6D, 0x2B, 0x3B, 0x0C, 0x0A, 0x15, 0x0C, 0x0A, 0x15, 0x0C, 0x0A,
    0x15, 0x0C, 0x0A, 0x15, 0x0C, 0x0A, 0x15, 0x0C, 0x0A, 0x15, 0x0C, 0x0A, 0x15, 0x0C, 0x0A, 0x15,
    0x39, 0x17, 0x23, 0x17, 0x0C, 0x17, 0x0C, 0x0A, 0x15, 0x0C, 0x0A, 0x15, 0x0C, 0x0A, 0x15, 0x0C,
    0x0A, 0x15, 0x63, 0x27, 0x36, 0x31, 0x14, 0x20, 0x0C, 0x0A, 0x15, 0x0C, 0x0A, 0x15, 0x0C, 0x0A,
    0x15, 0x0C, 0x0A, 0x15, 0x0C, 0x0A, 0x15, 0x0C, 0x0A, 0x15, 0x0C, 0x0A, 0x15, 0x33, 0x15, 0x20,
    0x60, 0x26, 0x35, 0x3F, 0x19, 0x25, 0x0C, 0x0A, 0x15, 0x0C, 0x0A, 0x15, 0x0C, 0x0A, 0x15, 0x0C,
    0x0A, 0x15, 0x30, 0x13, 0x1F, 0x67, 0x28, 0x38, 0x4F, 0x1F, 0x2C, 0x54, 0x21, 0x2F, 0x93, 0x51,
    0x6B, 0xC1, 0x8E, 0x9F, 0xD2, 0xB2, 0xB3, 0xDF, 0xBC, 0xBE, 0xE2, 0xC4, 0xC2, 0xE2, 0xC4, 0xC2,
    0xC5, 0xA5, 0xA5, 0x70, 0x2C, 0x3D, 0x79, 0x30, 0x41, 0xAF, 0x98, 0x95, 0xFF, 0xFF, 0xF3, 0xFD,
    0xFC, 0xF0, 0xF5, 0xEC, 0xE3, 0xED, 0xDB, 0xD5, 0xFA, 0xF6, 0xEC, 0xFA, 0xF6, 0xEC, 0xE9, 0xD3,
    0xCE, 0xED, 0xDD, 0xD6, 0xFA, 0xF6, 0xEB, 0xE3, 0xC7, 0xC4, 0xE9, 0xD3, 0xCE, 0xEB, 0xD8, 0xD2,
    0xFA, 0xF5, 0xEB, 0xFC, 0xF9, 0xEE, 0xE3, 0xC6, 0xC3, 0xE9, 0xD3, 0xCE, 0xE9, 0xD3, 0xCE, 0xE9,
    0xD3, 0xCE, 0xE9, 0xD3, 0xCE, 0xE9, 0xD3, 0xCE, 0xE9, 0xD3, 0xCE, 0xE9, 0xD3, 0xCE, 0xE2, 0xC4,
    0xC2, 0xE9, 0xD3, 0xCE, 0xE2, 0xC4, 0xC2, 0xE9, 0xD3, 0xCE, 0xE2, 0xC4, 0xC2, 0xE9, 0xD3, 0xCE,
    0xE9, 0xD3, 0xCE, 0xE2, 0xC5, 0xC3, 0xE2, 0xC4, 0xC2, 0xE8, 0xD2, 0xCD, 0xE3, 0xC6, 0xC3, 0xE2,
    0xC4, 0xC2, 0xE2, 0xC4, 0xC2, 0xE2, 0xC4, 0xC2, 0xE2, 0xC4, 0xC2, 0xE2, 0xC4, 0xC2, 0xE2, 0xC4,
    0xC2, 0xE2, 0xC4, 0xC2, 0xE2, 0xC4, 0xC2, 0xE2, 0xC4, 0xC2, 0xE2, 0xC4, 0xC2, 0xE2, 0xC4, 0xC2,
    0xE2, 0xC4, 0xC2, 0xD4, 0xA1, 0xB2, 0xDD, 0xB7, 0xBC, 0xD5, 0xA2, 0xB2, 0xCF, 0x91, 0xAB, 0xCF,
    0x91, 0xAB, 0xCF, 0x91, 0xAB, 0xCB, 0x84, 0xA7, 0xC9, 0x7D, 0xA4, 0x9D, 0x57, 0x73, 0xBF, 0x96,
    0x9B, 0xD1, 0x97, 0xAE, 0x86, 0x52, 0x6E, 0x50, 0x1F, 0x2D, 0x98, 0x52, 0x6D, 0xA5, 0x5E, 0x7D,
    0x67, 0x29, 0x38, 0x58, 0x23, 0x31, 0x79, 0x30, 0x41, 0x69, 0x29, 0x39, 0x79, 0x45, 0x5D, 0xC0,
    0x89, 0x9D, 0xBB, 0x9A, 0x9C, 0x8A, 0x44, 0x5B, 0x80, 0x39, 0x4C, 0xA1, 0x5B, 0x78, 0xC9, 0x7D,
    0xA4, 0xBA, 0x71, 0x94, 0x75, 0x33, 0x46, 0x6A, 0x3B, 0x50, 0x79, 0x30, 0x41, 0x79, 0x30, 0x41,
    0x6F, 0x2C, 0x3C, 0x0C, 0x0A, 0x15, 0x0C, 0x0A, 0x15, 0x0C, 0x0A, 0x15, 0x0C, 0x0A, 0x15, 0x0C,
    0x0A, 0x15, 0x0C, 0x0A, 0x15, 0x22, 0x0F, 0x1A, 0x68, 0x29, 0x39, 0x0A, 0x0A, 0x15, 0x2A, 0x19,
    0x27, 0xB2, 0x6E, 0x91, 0x79, 0x30, 0x41, 0x79, 0x30, 0x41, 0x79, 0x30, 0x41, 0x0C, 0x0A, 0x15,
    0x0C, 0x0A, 0x15, 0x0C, 0x0A, 0x15, 0x0C, 0x0A, 0x15, 0x0C, 0x0A, 0x15, 0x0C, 0x0A, 0x15, 0x0C,
    0x0A, 0x15, 0x0C, 0x0A, 0x15, 0x0C, 0x0A, 0x15, 0x0C, 0x0A, 0x15, 0x0C, 0x0A, 0x15, 0x0C, 0x0A,
    0x15, 0x0C, 0x0A, 0x15, 0x0C, 0x0A, 0x15, 0x38, 0x16, 0x22, 0x1D, 0x0E, 0x19, 0x0C, 0x0A, 0x15,
    0x0C, 0x0A, 0x15, 0x0C, 0x0A, 0x15, 0x0C, 0x0A, 0x15, 0x0C, 0x0A, 0x15, 0x0C, 0x0A, 0x15, 0x0C,
    0x0A, 0x15, 0x0C, 0x0A, 0x15, 0x34, 0x15, 0x21, 0x24, 0x10, 0x1B, 0x0C, 0x0A, 0x15, 0x0C, 0x0A,
    0x15, 0x57, 0x22, 0x30, 0x43, 0x1A, 0x27, 0x56, 0x22, 0x30, 0x74, 0x2E, 0x3E, 0x71, 0x2D, 0x3D,
    0x73, 0x2E, 0x3E, 0xA0, 0x59, 0x76, 0xD3, 0x9E, 0xB1, 0xE2, 0xC4, 0xC2, 0xE2, 0xC4, 0xC2, 0xE2,
    0xC4, 0xC2, 0xE2, 0xC4, 0xC2, 0xBF, 0xA4, 0xA3, 0x56, 0x22, 0x30, 0x79, 0x30, 0x41, 0xA5, 0x7F,
    0x81, 0xE9, 0xD4, 0xCF, 0xE9, 0xD4, 0xCF, 0xE7, 0xD0, 0xCC, 0xE4, 0xC8, 0xC5, 0xE9, 0xD4, 0xCF,
    0xE8, 0xD1, 0xCC, 0xE2, 0xC4, 0xC2, 0xE3, 0xC7, 0xC5, 0xE8, 0xD1, 0xCD, 0xE2, 0xC4, 0xC2, 0xE2,
    0xC4, 0xC2, 0xE3, 0xC6, 0xC4, 0xE9, 0xD4, 0xCF, 0xE8, 0xD2, 0xCE, 0xE2, 0xC4, 0xC2, 0xE2, 0xC4,
    0xC2, 0xE2, 0xC4, 0xC2, 0xE2, 0xC4, 0xC2, 0xE2, 0xC4, 0xC2, 0xE2, 0xC4, 0xC2, 0xE2, 0xC4, 0xC2,
    0xE2, 0xC4, 0xC2, 0xE2, 0xC4, 0xC2, 0xE2, 0xC4, 0xC2, 0xE2, 0xC4, 0xC2, 0xE2, 0xC4, 0xC2, 0xE2,
    0xC4, 0xC2, 0xE2, 0xC4, 0xC2, 0xE2, 0xC4, 0xC2, 0xE2, 0xC4, 0xC2, 0xE2, 0xC4, 0xC2, 0xE2, 0xC4,
    0xC2, 0xE2, 0xC4, 0xC2, 0xE2, 0xC4, 0xC2, 0xE2, 0xC4, 0xC2, 0xE2, 0xC4, 0xC2, 0xE2, 0xC4, 0xC2,
    0xE2, 0xC4, 0xC2, 0xE2, 0xC4, 0xC2, 0xE2, 0xC4, 0xC2, 0xE2, 0xC4, 0xC2, 0xE2, 0xC4, 0xC2, 0xD4,
    0x9F, 0xB1, 0xCF, 0x92, 0xAC, 0xDD, 0xB9, 0xBD, 0xD0, 0x94, 0xAD, 0xCE, 0x8C, 0xAA, 0xD9, 0xAD,
    0xB7, 0xDC, 0xB6, 0xBB, 0xCF, 0x93, 0xAC, 0xC9, 0x7D, 0xA4, 0xD6, 0xA5, 0xB4, 0xD0, 0x95, 0xAD,
    0xC0, 0x75, 0x9A, 0xC7, 0x86, 0xA3, 0xAD, 0x6E, 0x86, 0x7C, 0x3A, 0x4E, 0x71, 0x2D, 0x3D, 0x9F,
    0x59, 0x76, 0xAF, 0x67, 0x88, 0x61, 0x26, 0x35, 0x4C, 0x1E, 0x2B, 0x9F, 0x73, 0x77, 0xC6, 0x9D,
    0xA5, 0xA8, 0x65, 0x85, 0xB0, 0x82, 0x8B, 0xD7, 0xB0, 0xB6, 0xBA, 0x70, 0x94, 0xBA, 0x70, 0x94,
    0xB1, 0x68, 0x8A, 0x89, 0x49, 0x61, 0x6D, 0x3C, 0x52, 0x76, 0x2F, 0x3F, 0x63, 0x27, 0x36, 0x4E,
    0x1F, 0x2C, 0x71, 0x2D, 0x3D, 0x38, 0x16, 0x22, 0x0C, 0x0A, 0x15, 0x0C, 0x0A, 0x15, 0x0C, 0x0A,
    0x15, 0x0C, 0x0A, 0x15, 0x26, 0x10, 0x1C, 0x66, 0x28, 0x37, 0x14, 0x0B, 0x17, 0x3C, 0x18, 0x24,
    0x1C, 0x0D, 0x18, 0x72, 0x32, 0x43, 0xC7, 0x7B, 0xA2, 0x3D, 0x18, 0x24, 0x3E, 0x18, 0x25, 0x3E,
    0x18, 0x25, 0x0C, 0x0A, 0x15, 0x0C, 0x0A, 0x15, 0x0C, 0x0A, 0x15, 0x0C, 0x0A, 0x15, 0x0C, 0x0A,
    0x15, 0x0C, 0x0A, 0x15, 0x0A, 0x0A, 0x15, 0x66, 0x28, 0x37, 0x24, 0x0F, 0x1B, 0x0C, 0x0A, 0x15,
    0x64, 0x27, 0x36, 0x2A, 0x11, 0x1D, 0x0C, 0x0A, 0x15, 0x0C, 0x0A, 0x15, 0x0C, 0x0A, 0x15, 0x0C,
    0x0A, 0x15, 0x60, 0x25, 0x34, 0x33, 0x14, 0x20, 0x0C, 0x0A, 0x15, 0x0C, 0x0A, 0x15, 0x5D, 0x24,
    0x33, 0x39, 0x16, 0x22, 0x0C, 0x0A, 0x15, 0x0C, 0x0A, 0x15, 0x0C, 0x0A, 0x15, 0x0C, 0x0A, 0x15,
    0x0C, 0x0A, 0x15, 0x0C, 0x0A, 0x15, 0x34, 0x15, 0x21, 0x5D, 0x25, 0x33, 0x53, 0x20, 0x2E, 0x67,
    0x29, 0x38, 0x79, 0x30, 0x41, 0x79, 0x30, 0x41, 0x74, 0x38, 0x4C, 0x9D, 0x6B, 0x82, 0xD0, 0x93,
    0xAC, 0xD7, 0xA7, 0xB5, 0xE2, 0xC4, 0xC2, 0xEA, 0xD5, 0xD0, 0xD6, 0xCB, 0xC4, 0x6F, 0x2C, 0x3C,
    0x79, 0x30, 0x41, 0xA1, 0x77, 0x7A, 0xE2, 0xC4, 0xC2, 0xE2, 0xC4, 0xC2, 0xE2, 0xC4, 0xC2, 0xE2,
    0xC4, 0xC2, 0xE2, 0xC4, 0xC2, 0xE2, 0xC4, 0xC2, 0xE2, 0xC4, 0xC2, 0xE2, 0xC4, 0xC2, 0xE2, 0xC4,
    0xC2, 0xE2, 0xC4, 0xC2, 0xE2, 0xC4, 0xC2, 0xE2, 0xC4, 0xC2, 0xE2, 0xC4, 0xC2, 0xE2, 0xC4, 0xC2,
    0xE2, 0xC4, 0xC2, 0xE2, 0xC4, 0xC2, 0xE2, 0xC4, 0xC2, 0xE2, 0xC4, 0xC2, 0xE2, 0xC4, 0xC2, 0xE2,
    0xC4, 0xC2, 0xE2, 0xC4, 0xC2, 0xE2, 0xC4, 0xC2, 0xE2, 0xC4, 0xC2, 0xE2, 0xC4, 0xC2, 0xE2, 0xC4,
    0xC2, 0xE2, 0xC4, 0xC2, 0xE2, 0xC4, 0xC2, 0xE2, 0xC4, 0xC2, 0xE2, 0xC4, 0xC2, 0xE2, 0xC4, 0xC2,
    0xE2, 0xC4, 0xC2, 0xE2, 0xC4, 0xC2, 0xE2, 0xC4, 0xC2, 0xE2, 0xC4, 0xC2, 0xE2, 0xC4, 0xC2, 0xE2,
    0xC4, 0xC2, 0xE2, 0xC4, 0xC2, 0xE2, 0xC4, 0xC2, 0xE2, 0xC4, 0xC2, 0xE2, 0xC4, 0xC2, 0xE2, 0xC4,
    0xC2, 0xE2, 0xC4, 0xC2, 0xCF, 0x91, 0xAB, 0xD8, 0xAA, 0xB6, 0xE1, 0xC0, 0xC0, 0xD0, 0x94, 0xAD,
    0xD7, 0xA8, 0xB5, 0xE0, 0xC0, 0xC0, 0xD6, 0xA4, 0xB3, 0xCB, 0x85, 0xA7, 0xC9, 0x7D, 0xA4, 0xDA,
    0xB0, 0xB8, 0xD2, 0x9B, 0xB0, 0x97, 0x5D, 0x7C, 0xAD, 0x6B, 0x8D, 0xC0, 0x75, 0x9A, 0x97, 0x51,
    0x6C, 0x79, 0x30, 0x41, 0x9F, 0x59, 0x76, 0xAF, 0x67, 0x88, 0x9C, 0x74, 0x77, 0xCA, 0xAD, 0xAC,
    0xCF, 0xA5, 0xAD, 0xCD, 0x8C, 0xA9, 0xB4, 0x6B, 0x8D, 0xA4, 0x7A, 0x7D, 0xDB, 0xB2, 0xBA, 0xBB,
    0x72, 0x96, 0x89, 0x4A, 0x63, 0x6F, 0x3E, 0x53, 0x76, 0x2F, 0x3F, 0x62, 0x26, 0x35, 0x51, 0x20,
    0x2D, 0x6D, 0x2B, 0x3B, 0x39, 0x17, 0x23, 0x6E, 0x2B, 0x3B, 0x0C, 0x0A, 0x15, 0x0C, 0x0A, 0x15,
    0x0C, 0x0A, 0x15, 0x0C, 0x0A, 0x15, 0x28, 0x11, 0x1C, 0x66, 0x28, 0x38, 0x3D, 0x18, 0x24, 0x0C,
    0x0A, 0x15, 0x0C, 0x0A, 0x15, 0x13, 0x0B, 0x16, 0x43, 0x1C, 0x29, 0x6A, 0x41, 0x57, 0x0B, 0x0A,
    0x15, 0x11, 0x0B, 0x16, 0x6A, 0x2A, 0x39, 0x0C, 0x0A, 0x15, 0x0C, 0x0A, 0x15, 0x0C, 0x0A, 0x15,
    0x0C, 0x0A, 0x15, 0x0A, 0x0A, 0x15, 0x66, 0x28, 0x38, 0x1E, 0x0E, 0x19, 0x3F, 0x19, 0x25, 0x17,
    0x0C, 0x17, 0x0C, 0x0A, 0x15, 0x3D, 0x18, 0x24, 0x1A, 0x0D, 0x18, 0x0C, 0x0A, 0x15, 0x0C, 0x0A,
    0x15, 0x0C, 0x0A, 0x15, 0x0C, 0x0A, 0x15, 0x3B, 0x17, 0x23, 0x20, 0x0E, 0x1A, 0x0C, 0x0A, 0x15,
    0x0C, 0x0A, 0x15, 0x39, 0x17, 0x23, 0x23, 0x0F, 0x1B, 0x0C, 0x0A, 0x15, 0x5A, 0x23, 0x31, 0x3C,
    0x18, 0x24, 0x0C, 0x0A, 0x15, 0x0C, 0x0A, 0x15, 0x0C, 0x0A, 0x15, 0x0C, 0x0A, 0x15, 0x35, 0x15,
    0x21, 0x5C, 0x24, 0x33, 0x54, 0x21, 0x2E, 0x67, 0x29, 0x38, 0x5D, 0x25, 0x33, 0x54, 0x21, 0x2F,
    0x7C, 0x3B, 0x4F, 0x94, 0x4E, 0x68, 0x98, 0x5D, 0x6D, 0x9E, 0x72, 0x76, 0xA3, 0x7E, 0x80, 0xAF,
    0x88, 0x90, 0xA7, 0x60, 0x7F, 0x79, 0x30, 0x41, 0xA1, 0x77, 0x7A, 0xDD, 0xB8, 0xBC, 0xD0, 0x94,
    0xAD, 0xD5, 0xA2, 0xB2, 0xE2, 0xC4, 0xC2, 0xE2, 0xC4, 0xC2, 0xE2, 0xC4, 0xC2, 0xE2, 0xC4, 0xC2,
    0xE2, 0xC4, 0xC2, 0xE2, 0xC4, 0xC2, 0xE2, 0xC4, 0xC2, 0xE2, 0xC4, 0xC2, 0xE2, 0xC4, 0xC2, 0xE2,
    0xC4, 0xC2, 0xE2, 0xC4, 0xC2, 0xE2, 0xC4, 0xC2, 0xE2, 0xC4, 0xC2, 0xE2, 0xC4, 0xC2, 0xE2, 0xC4,
    0xC2, 0xE2, 0xC4, 0xC2, 0xE2, 0xC4, 0xC2, 0xE2, 0xC4, 0xC2, 0xE2, 0xC4, 0xC2, 0xE2, 0xC4, 0xC2,
    0xE2, 0xC4, 0xC2, 0xE2, 0xC4, 0xC2, 0xE2, 0xC4, 0xC2, 0xE2, 0xC4, 0xC2, 0xE2, 0xC4, 0xC2, 0xE2,
    0xC4, 0xC2, 0xE2, 0xC4, 0xC2, 0xE2, 0xC4, 0xC2, 0xE2, 0xC4, 0xC2, 0xE2, 0xC4, 0xC2, 0xE2, 0xC4,
    0xC2, 0xE2, 0xC4, 0xC2, 0xE2, 0xC4, 0xC2, 0xE2, 0xC4, 0xC2, 0xE2, 0xC4, 0xC2, 0xE2, 0xC4, 0xC2,
    0xE2, 0xC4, 0xC2, 0xE2, 0xC4, 0xC2, 0xE2, 0xC4, 0xC2, 0xDD, 0xB8, 0xBC, 0xD3, 0x9D, 0xB0, 0xD0,
    0x94, 0xAD, 0xCB, 0x84, 0xA6, 0xDB, 0xB4, 0xBA, 0xD6, 0xA4, 0xB3, 0xCB, 0x85, 0xA7, 0xD6, 0xA5,
    0xB4, 0xCF, 0x93, 0xAC, 0xCE, 0x8D, 0xAA, 0xCC, 0x86, 0xA7, 0x96, 0x55, 0x70, 0xAC, 0x67, 0x88,
    0xC9, 0x7D, 0xA4, 0xA0, 0x59, 0x76, 0x79, 0x30, 0x41, 0xAA, 0x7C, 0x84, 0xD6, 0xB1, 0xB5, 0xCE,
    0xA4, 0xAC, 0xD0, 0x94, 0xAD, 0xCE, 0x8D, 0xAA, 0xC9, 0x7D, 0xA4, 0xB4, 0x6B, 0x8D, 0x7A, 0x49,
    0x51, 0x79, 0x62, 0x67, 0x72, 0x3F, 0x54, 0x93, 0x66, 0x6B, 0xAF, 0x95, 0x95, 0x54, 0x21, 0x2E,
    0x6B, 0x2A, 0x3A, 0x20, 0x0F, 0x1A, 0x4C, 0x1E, 0x2B, 0x6C, 0x2B, 0x3B, 0x6E, 0x2B, 0x3B, 0x0C,
    0x0A, 0x15, 0x2D, 0x12, 0x1E, 0x61, 0x26, 0x35, 0x0C, 0x0A, 0x15, 0x19, 0x0D, 0x18, 0x3E, 0x18,
    0x25, 0x0C, 0x0A, 0x15, 0x0C, 0x0A, 0x15, 0x0C, 0x0A, 0x15, 0x0C, 0x0A, 0x15, 0x0C, 0x0A, 0x15,
    0x0C, 0x0A, 0x15, 0x0C, 0x0A, 0x15, 0x0E, 0x0A, 0x15, 0x41, 0x1A, 0x26, 0x0C, 0x0A, 0x15, 0x0C,
    0x0A, 0x15, 0x0C, 0x0A, 0x15, 0x0C, 0x0A, 0x15, 0x0B, 0x0A, 0x15, 0x41, 0x1A, 0x26, 0x15, 0x0C,
    0x17, 0x0C, 0x0A, 0x15, 0x0C, 0x0A, 0x15, 0x0C, 0x0A, 0x15, 0x0C, 0x0A, 0x15, 0x0C, 0x0A, 0x15,
    0x0C, 0x0A, 0x15, 0x0C, 0x0A, 0x15, 0x0C, 0x0A, 0x15, 0x0C, 0x0A, 0x15, 0x0C, 0x0A, 0x15, 0x0C,
    0x0A, 0x15, 0x0C, 0x0A, 0x15, 0x0C, 0x0A, 0x15, 0x0C, 0x0A, 0x15, 0x0C, 0x0A, 0x15, 0x0C, 0x0A,
    0x15, 0x39, 0x17, 0x23, 0x26, 0x10, 0x1C, 0x0C, 0x0A, 0x15, 0x57, 0x22, 0x30, 0x3F, 0x19, 0x25,
    0x0C, 0x0A, 0x15, 0x0C, 0x0A, 0x15, 0x61, 0x26, 0x35, 0x6F, 0x2C, 0x3C, 0x73, 0x2D, 0x3E, 0x6F,
    0x2C, 0x3C, 0x5B, 0x24, 0x32, 0x5D, 0x24, 0x33, 0x79, 0x30, 0x41, 0x79, 0x30, 0x41, 0x79, 0x30,
    0x41, 0x79, 0x30, 0x41, 0x83, 0x3D, 0x51, 0x8D, 0x47, 0x5F, 0x79, 0x30, 0x41, 0x9A, 0x5D, 0x6F,
    0xD4, 0x9F, 0xB1, 0xDB, 0xB4, 0xBA, 0xDD, 0xB8, 0xBC, 0xE2, 0xC4, 0xC2, 0xE2, 0xC4, 0xC2, 0xE2,
    0xC4, 0xC2, 0xE2, 0xC4, 0xC2, 0xE2, 0xC4, 0xC2, 0xE2, 0xC4, 0xC2, 0xDF, 0xBD, 0xBF, 0xD3, 0x9E,
    0xB1, 0xE2, 0xC4, 0xC2, 0xE2, 0xC4, 0xC2, 0xE2, 0xC4, 0xC2, 0xE2, 0xC4, 0xC2, 0xE2, 0xC4, 0xC2,
    0xE2, 0xC4, 0xC2, 0xE2, 0xC4, 0xC2, 0xE2, 0xC4, 0xC2, 0xE2, 0xC4, 0xC2, 0xE2, 0xC4, 0xC2, 0xE2,
    0xC4, 0xC2, 0xE2, 0xC4, 0xC2, 0xE2, 0xC4, 0xC2, 0xE2, 0xC4, 0xC2, 0xE2, 0xC4, 0xC2, 0xE2, 0xC4,
    0xC2, 0xE2, 0xC4, 0xC2, 0xE2, 0xC4, 0xC2, 0xE2, 0xC4, 0xC2, 0xE2, 0xC4, 0xC2, 0xE2, 0xC4, 0xC2,
    0xE2, 0xC4, 0xC2, 0xE2, 0xC4, 0xC2, 0xE2, 0xC4, 0xC2, 0xE2, 0xC4, 0xC2, 0xE2, 0xC4, 0xC2, 0xE2,
    0xC4, 0xC2, 0xE2, 0xC4, 0xC2, 0xE2, 0xC4, 0xC2, 0xE2, 0xC4, 0xC2, 0xE2, 0xC4, 0xC2, 0xE2, 0xC4,
    0xC2, 0xDD, 0xB8, 0xBC, 0xDB, 0xB4, 0xBA, 0xDB, 0xB4, 0xBA, 0xE0, 0xC0, 0xC0, 0xDD, 0xB9, 0xBD,
    0xDB, 0xB4, 0xBA, 0xE0, 0xBF, 0xC0, 0xDE, 0xB9, 0xBD, 0xDB, 0xB4, 0xBA, 0xDB, 0xB4, 0xBA, 0xA7,
    0x78, 0x80, 0xBD, 0x93, 0x9A, 0xD0, 0x96, 0xAD, 0xBF, 0x74, 0x99, 0xC0, 0x8B, 0x9C, 0xD5, 0xB5,
    0xB4, 0xE2, 0xC4, 0xC2, 0xD9, 0xAE, 0xB7, 0xD0, 0x94, 0xAD, 0xD5, 0xA3, 0xB3, 0xBA, 0x70, 0x93,
    0x82, 0x43, 0x5A, 0x73, 0x41, 0x58, 0xAE, 0x6B, 0x8E, 0x99, 0x5D, 0x7B, 0x59, 0x40, 0x44, 0x7A,
    0x62, 0x64, 0x82, 0x42, 0x59, 0xA9, 0x63, 0x82, 0x5D, 0x24, 0x33, 0x3B, 0x17, 0x23, 0x79, 0x30,
    0x41, 0x6E, 0x2B, 0x3B, 0x0C, 0x0A, 0x15, 0x1D, 0x0E, 0x19, 0x3E, 0x18, 0x25, 0x0C, 0x0A, 0x15,
    0x0C, 0x0A, 0x15, 0x0C, 0x0A, 0x15, 0x0C, 0x0A, 0x15, 0x0C, 0x0A, 0x15, 0x1E, 0x0E, 0x19, 0x65,
    0x28, 0x37, 0x0A, 0x0A, 0x15, 0x0C, 0x0A, 0x15, 0x0C, 0x0A, 0x15, 0x0C, 0x0A, 0x15, 0x0C, 0x0A,
    0x15, 0x0C, 0x0A, 0x15, 0x0C, 0x0A, 0x15, 0x66, 0x28, 0x37, 0x16, 0x0C, 0x17, 0x0C, 0x0A, 0x15,
    0x0C, 0x0A, 0x15, 0x0C, 0x0A, 0x15, 0x0C, 0x0A, 0x15, 0x0C, 0x0A, 0x15, 0x0C, 0x0A, 0x15, 0x0C,
    0x0A, 0x15, 0x0C, 0x0A, 0x15, 0x0C, 0x0A, 0x15, 0x0C, 0x0A, 0x15, 0x0C, 0x0A, 0x15, 0x0C, 0x0A,
    0x15, 0x0C, 0x0A, 0x15, 0x0C, 0x0A, 0x15, 0x0C, 0x0A, 0x15, 0x5B, 0x24, 0x32, 0x36, 0x15, 0x21,
    0x0C, 0x0A, 0x15, 0x0C, 0x0A, 0x15, 0x58, 0x22, 0x31, 0x3B, 0x17, 0x23, 0x0C, 0x0A, 0x15, 0x65,
    0x28, 0x37, 0x49, 0x1D, 0x2A, 0x0C, 0x0A, 0x15, 0x9E, 0x89, 0x88, 0x86, 0x6D, 0x6E, 0x68, 0x29,
    0x39, 0x5E, 0x25, 0x33, 0x67, 0x29, 0x38, 0x9C, 0x74, 0x78, 0xC5, 0xA8, 0xA7, 0xCA, 0xA9, 0xA9,
    0xC3, 0x96, 0xA0, 0xB6, 0x6D, 0x90, 0xBD, 0x86, 0x99, 0xB4, 0x8F, 0x91, 0x79, 0x30, 0x41, 0x8F,
    0x49, 0x62, 0xBC, 0x72, 0x96, 0xCB, 0x85, 0xA7, 0xD1, 0x97, 0xAE, 0xD1, 0x97, 0xAE, 0xD1, 0x97,
    0xAE, 0xD5, 0xA2, 0xB3, 0xE2, 0xC4, 0xC2, 0xDF, 0xBC, 0xBE, 0xD4, 0xA1, 0xB2, 0xE2, 0xC4, 0xC2,
    0xE1, 0xC1, 0xC1, 0xDC, 0xB6, 0xBB, 0xE2, 0xC4, 0xC2, 0xE2, 0xC4, 0xC2, 0xE2, 0xC4, 0xC2, 0xE2,
    0xC4, 0xC2, 0xE2, 0xC4, 0xC2, 0xE2, 0xC4, 0xC2, 0xE2, 0xC4, 0xC2, 0xE2, 0xC4, 0xC2, 0xE2, 0xC4,
    0xC2, 0xE2, 0xC4, 0xC2, 0xE2, 0xC4, 0xC2, 0xE2, 0xC4, 0xC2, 0xE2, 0xC4, 0xC2, 0xE2, 0xC4, 0xC2,
    0xE2, 0xC4, 0xC2, 0xE2, 0xC4, 0xC2, 0xE2, 0xC4, 0xC2, 0xE2, 0xC4, 0xC2, 0xE2, 0xC4, 0xC2, 0xE2,
    0xC4, 0xC2, 0xE2, 0xC4, 0xC2, 0xE2, 0xC4, 0xC2, 0xE2, 0xC4, 0xC2, 0xE2, 0xC4, 0xC2, 0xE2, 0xC4,
    0xC2, 0xE2, 0xC4, 0xC2, 0xE2, 0xC4, 0xC2, 0xE2, 0xC4, 0xC2, 0xE2, 0xC4, 0xC2, 0xE2, 0xC4, 0xC2,
    0xE2, 0xC4, 0xC2, 0xE2, 0xC4, 0xC2, 0xE2, 0xC4, 0xC2, 0xE2, 0xC4, 0xC2, 0xE2, 0xC4, 0xC2, 0xE2,
    0xC4, 0xC2, 0xE2, 0xC4, 0xC2, 0xE2, 0xC4, 0xC2, 0xE2, 0xC4, 0xC2, 0xE2, 0xC4, 0xC2, 0xE2, 0xC4,
    0xC2, 0xE2, 0xC4, 0xC2, 0xAA, 0x82, 0x85, 0xC2, 0xA0, 0xA0, 0xDE, 0xBA, 0xBD, 0xD1, 0x96, 0xAD,
    0xDD, 0xB8, 0xC3, 0xEF, 0xDF, 0xD9, 0xE2, 0xC4, 0xC2, 0xDF, 0xBE, 0xBF, 0xC1, 0x9F, 0xA4, 0x7E,
    0x65, 0x6B, 0x99, 0x75, 0x7E, 0xB2, 0x8F, 0x90, 0x6B, 0x34, 0x47, 0x74, 0x47, 0x5F, 0x63, 0x3C,
    0x52, 0x0C, 0x0A, 0x15, 0x41, 0x19, 0x26, 0x81, 0x3A, 0x4E, 0x89, 0x48, 0x60, 0x3D, 0x18, 0x24,
    0x3B, 0x17, 0x23, 0x79, 0x30, 0x41, 0x6E, 0x2B, 0x3B, 0x2E, 0x13, 0x1E, 0x5F, 0x25, 0x34, 0x0C,
    0x0A, 0x15, 0x0C, 0x0A, 0x15, 0x27, 0x10, 0x1C, 0x62, 0x26, 0x35, 0x0B, 0x0A, 0x15, 0x0C, 0x0A,
    0x15, 0x15, 0x0C, 0x17, 0x43, 0x1A, 0x27, 0x0B, 0x0A, 0x15, 0x16, 0x0C, 0x17, 0x66, 0x28, 0x37,
    0x0C, 0x0A, 0x15, 0x0C, 0x0A, 0x15, 0x0C, 0x0A, 0x15, 0x0C, 0x0A, 0x15, 0x46, 0x1B, 0x28, 0x11,
    0x0B, 0x16, 0x0C, 0x0A, 0x15, 0x0C, 0x0A, 0x15, 0x0C, 0x0A, 0x15, 0x0C, 0x0A, 0x15, 0x0C, 0x0A,
    0x15, 0x0C, 0x0A, 0x15, 0x0C, 0x0A, 0x15, 0x0C, 0x0A, 0x15, 0x5F, 0x25, 0x34, 0x2C, 0x12, 0x1E,
    0x0C, 0x0A, 0x15, 0x0C, 0x0A, 0x15, 0x0C, 0x0A, 0x15, 0x0C, 0x0A, 0x15, 0x0C, 0x0A, 0x15, 0x3E,
    0x18, 0x25, 0x25, 0x10, 0x1B, 0x0C, 0x0A, 0x15, 0x0C, 0x0A, 0x15, 0x3C, 0x18, 0x24, 0x28, 0x11,
    0x1C, 0x0C, 0x0A, 0x15, 0x65, 0x28, 0x37, 0x6D, 0x2B, 0x3B, 0x3F, 0x19, 0x25, 0xB9, 0xA0, 0x9F,
    0x92, 0x7E, 0x7E, 0x38, 0x16, 0x22, 0x5B, 0x24, 0x32, 0x72, 0x2D, 0x3D, 0x7E, 0x54, 0x5A, 0x92,
    0x76, 0x77, 0x99, 0x77, 0x79, 0x8D, 0x69, 0x71, 0x8D, 0x4F, 0x69, 0x88, 0x5D, 0x6C, 0x97, 0x68,
    0x6D, 0x79, 0x30, 0x41, 0x83, 0x3D, 0x51, 0x98, 0x52, 0x6D, 0x98, 0x52, 0x6D, 0xA7, 0x60, 0x7E,
    0xCE, 0x8D, 0xAA, 0xD7, 0xA7, 0xB5, 0xCF, 0x91, 0xAB, 0xE2, 0xC4, 0xC2, 0xDD, 0xB8, 0xBC, 0xCE,
    0x8E, 0xAA, 0xE2, 0xC4, 0xC2, 0xE2, 0xC4, 0xC2, 0xE2, 0xC4, 0xC2, 0xE2, 0xC4, 0xC2, 0xE2, 0xC4,
    0xC2, 0xE2, 0xC4, 0xC2, 0xE2, 0xC4, 0xC2, 0xE2, 0xC4, 0xC2, 0xE2, 0xC4, 0xC2, 0xE2, 0xC4, 0xC2,
    0xE2, 0xC4, 0xC2, 0xE2, 0xC4, 0xC2, 0xE2, 0xC4, 0xC2, 0xE2, 0xC4, 0xC2, 0xE2, 0xC4, 0xC2, 0xE2,
    0xC4, 0xC2, 0xA4, 0x7B, 0x7E, 0xE1, 0xC3, 0xC1, 0xE2, 0xC4, 0xC2, 0xE2, 0xC4, 0xC2, 0xE2, 0xC4,
    0xC2, 0xE2, 0xC4, 0xC2, 0xE2, 0xC4, 0xC2, 0xE2, 0xC4, 0xC2, 0xF4, 0xEB, 0xE2, 0xF6, 0xEF, 0xE5,
    0xF6, 0xEF, 0xE5, 0xF6, 0xEF, 0xE5, 0xE5, 0xCC, 0xC8, 0xE2, 0xC4, 0xC2, 0xE2, 0xC4, 0xC2, 0xE2,
    0xC4, 0xC2, 0xE2, 0xC4, 0xC2, 0xE2, 0xC4, 0xC2, 0xE2, 0xC4, 0xC2, 0xE2, 0xC4, 0xC2, 0xE2, 0xC4,
    0xC2, 0xE2, 0xC4, 0xC2, 0xE2, 0xC4, 0xC2, 0xE2, 0xC4, 0xC2, 0xE2, 0xC4, 0xC2, 0xE2, 0xC4, 0xC2,
    0xE2, 0xC4, 0xC2, 0xE2, 0xC4, 0xC2, 0xE2, 0xC4, 0xC2, 0xC7, 0x95, 0xA4, 0xD2, 0xA9, 0xB1, 0xD8,
    0xAB, 0xB6, 0xD7, 0xA8, 0xB5, 0xE2, 0xC3, 0xC4, 0xE8, 0xD1, 0xCC, 0xC5, 0xAB, 0xA9, 0x92, 0x76,
    0x77, 0xA6, 0x74, 0x82, 0x97, 0x59, 0x76, 0x7F, 0x4F, 0x57, 0x97, 0x68, 0x6E, 0x66, 0x28, 0x37,
    0x3A, 0x17, 0x23, 0x66, 0x28, 0x37, 0x58, 0x22, 0x31, 0x25, 0x10, 0x1B, 0x56, 0x22, 0x30, 0x6B,
    0x2A, 0x3A, 0x0C, 0x0A, 0x15, 0x22, 0x0F, 0x1A, 0x54, 0x21, 0x2E, 0x76, 0x2F, 0x3F, 0x61, 0x26,
    0x35, 0x41, 0x19, 0x26, 0x0C, 0x0A, 0x15, 0x0C, 0x0A, 0x15, 0x2E, 0x13, 0x1E, 0x73, 0x2D, 0x3E,
    0x0B, 0x0A, 0x15, 0x20, 0x0E, 0x1A, 0x63, 0x27, 0x36, 0x0A, 0x0A, 0x15, 0x0C, 0x0A, 0x15, 0x11,
    0x0B, 0x16, 0x46, 0x1B, 0x28, 0x0C, 0x0A, 0x15, 0x0C, 0x0A, 0x15, 0x0C, 0x0A, 0x15, 0x0C, 0x0A,
    0x15, 0x0C, 0x0A, 0x15, 0x0C, 0x0A, 0x15, 0x0C, 0x0A, 0x15, 0x0C, 0x0A, 0x15, 0x0C, 0x0A, 0x15,
    0x0C, 0x0A, 0x15, 0x0C, 0x0A, 0x15, 0x0C, 0x0A, 0x15, 0x0C, 0x0A, 0x15, 0x0C, 0x0A, 0x15, 0x43,
    0x1A, 0x27, 0x1F, 0x0E, 0x19, 0x0C, 0x0A, 0x15, 0x0C, 0x0A, 0x15, 0x0C, 0x0A, 0x15, 0x0C, 0x0A,
    0x15, 0x5A, 0x23, 0x32, 0x33, 0x14, 0x20, 0x0C, 0x0A, 0x15, 0x58, 0x22, 0x31, 0x37, 0x16, 0x22,
    0x0C, 0x0A, 0x15, 0x56, 0x21, 0x2F, 0x3B, 0x17, 0x23, 0x3C, 0x17, 0x24, 0x48, 0x1C, 0x29, 0x2C,
    0x12, 0x1E, 0xC9, 0xC3, 0xBB, 0xA0, 0x9A, 0x95, 0x50, 0x1F, 0x2D, 0x72, 0x2D, 0x3D, 0x79, 0x30,
    0x41, 0x71, 0x2D, 0x3D, 0x6D, 0x2B, 0x3B, 0x72, 0x2D, 0x3D, 0x5C, 0x24, 0x32, 0x54, 0x21, 0x2F,
    0x6C, 0x2B, 0x3B, 0x79, 0x30, 0x41, 0x79, 0x30, 0x41, 0x79, 0x30, 0x41, 0x79, 0x30, 0x41, 0x79,
    0x30, 0x41, 0x9B, 0x68, 0x72, 0xDC, 0xB6, 0xBB, 0xE0, 0xC0, 0xC0, 0xDC, 0xB6, 0xBB, 0xE2, 0xC4,
    0xC2, 0xE0, 0xC0, 0xC0, 0xDC, 0xB5, 0xBB, 0xE2, 0xC4, 0xC2, 0xE2, 0xC4, 0xC2, 0xE2, 0xC4, 0xC2,
    0xE2, 0xC4, 0xC2, 0xE2, 0xC4, 0xC2, 0xE2, 0xC4, 0xC2, 0xE2, 0xC4, 0xC2, 0xE2, 0xC4, 0xC2, 0xE2,
    0xC4, 0xC2, 0xE2, 0xC4, 0xC2, 0xE2, 0xC4, 0xC2, 0xE2, 0xC4, 0xC2, 0xE2, 0xC4, 0xC2, 0xE2, 0xC4,
    0xC2, 0xE1, 0xC3, 0xC1, 0xA5, 0x7C, 0x7F, 0x7A, 0x33, 0x43, 0xF4, 0xEC, 0xE3, 0xF6, 0xEE, 0xE5,
    0xE3, 0xC6, 0xC3, 0xE2, 0xC4, 0xC2, 0xF5, 0xEC, 0xE3, 0xF6, 0xEE, 0xE5, 0xF6, 0xEE, 0xE5, 0xFE,
    0xFD, 0xF2, 0xEE, 0xDE, 0xD8, 0xFD, 0xFA, 0xEF, 0xFF, 0xFF, 0xF3, 0xF8, 0xF1, 0xE7, 0xF6, 0xEE,
    0xE5, 0xF6, 0xEE, 0xE5, 0xF6, 0xEE, 0xE5, 0xF6, 0xEE, 0xE5, 0xE7, 0xCE, 0xCA, 0xE2, 0xC4, 0xC2,
    0xE2, 0xC4, 0xC2, 0xE2, 0xC4, 0xC2, 0xE2, 0xC4, 0xC2, 0xE2, 0xC4, 0xC2, 0xE2, 0xC4, 0xC2, 0xE2,
    0xC4, 0xC2, 0xE2, 0xC4, 0xC2, 0xE2, 0xC4, 0xC2, 0xE2, 0xC4, 0xC2, 0xE2, 0xC4, 0xC2, 0xD3, 0x9C,
    0xB0, 0xD9, 0xAD, 0xB7, 0xDD, 0xB9, 0xBD, 0xDF, 0xBD, 0xBE, 0xCC, 0xAB, 0xAA, 0xA5, 0x7B, 0x7F,
    0x90, 0x65, 0x6A, 0x6D, 0x2B, 0x3B, 0x79, 0x3B, 0x50, 0x79, 0x42, 0x59, 0x79, 0x30, 0x41, 0x6C,
    0x2B, 0x3A, 0x3C, 0x18, 0x24, 0x45, 0x1B, 0x28, 0x6E, 0x2B, 0x3B, 0x3E, 0x18, 0x25, 0x36, 0x15,
    0x21, 0x7F, 0x41, 0x57, 0xA0, 0x5F, 0x7D, 0x0C, 0x0A, 0x15, 0x0C, 0x0A, 0x15, 0x39, 0x17, 0x23,
    0x79, 0x30, 0x41, 0x6F, 0x2C, 0x3C, 0x0C, 0x0A, 0x15, 0x0C, 0x0A, 0x15, 0x0C, 0x0A, 0x15, 0x1C,
    0x0D, 0x18, 0x44, 0x1B, 0x27, 0x0C, 0x0A, 0x15, 0x17, 0x0C, 0x17, 0x46, 0x1B, 0x28, 0x0B, 0x0A,
    0x15, 0x0C, 0x0A, 0x15, 0x0C, 0x0A, 0x15, 0x0C, 0x0A, 0x15, 0x0C, 0x0A, 0x15, 0x0C, 0x0A, 0x15,
    0x0C, 0x0A, 0x15, 0x0C, 0x0A, 0x15, 0x0C, 0x0A, 0x15, 0x0C, 0x0A, 0x15, 0x0C, 0x0A, 0x15, 0x0C,
    0x0A, 0x15, 0x0C, 0x0A, 0x15, 0x0C, 0x0A, 0x15, 0x0C, 0x0A, 0x15, 0x0C, 0x0A, 0x15, 0x0C, 0x0A,
    0x15, 0x0C, 0x0A, 0x15, 0x0C, 0x0A, 0x15, 0x0C, 0x0A, 0x15, 0x5B, 0x24, 0x32, 0x2E, 0x13, 0x1E,
    0x0C, 0x0A, 0x15, 0x0C, 0x0A, 0x15, 0x41, 0x1A, 0x26, 0x25, 0x10, 0x1B, 0x0C, 0x0A, 0x15, 0x40,
    0x19, 0x25, 0x28, 0x11, 0x1C, 0x0C, 0x0A, 0x15, 0x3E, 0x18, 0x25, 0x5D, 0x24, 0x33, 0x3B, 0x17,
    0x24, 0x0C, 0x0A, 0x15, 0x0C, 0x0A, 0x15, 0xB5, 0x95, 0xA0, 0x8F, 0x76, 0x7F, 0x3A, 0x17, 0x23,
    0x69, 0x29, 0x39, 0x79, 0x30, 0x41, 0x79, 0x30, 0x41, 0x79, 0x30, 0x41, 0x79, 0x30, 0x41, 0x72,
    0x2D, 0x3D, 0x6C, 0x2B, 0x3A, 0x79, 0x30, 0x41, 0x79, 0x30, 0x41, 0x79, 0x30, 0x41, 0x79, 0x30,
    0x41, 0x79, 0x30, 0x41, 0x79, 0x30, 0x41, 0xA7, 0x89, 0x88, 0xF6, 0xED, 0xE4, 0xF1, 0xE4, 0xDC,
    0xE2, 0xC4, 0xC2, 0xE2, 0xC4, 0xC2, 0xE2, 0xC4, 0xC2, 0xE2, 0xC4, 0xC2, 0xE2, 0xC4, 0xC2, 0xE2,
    0xC4, 0xC2, 0xE2, 0xC4, 0xC2, 0xE2, 0xC4, 0xC2, 0xE2, 0xC4, 0xC2, 0xE4, 0xC9, 0xC6, 0xF6, 0xED,
    0xE4, 0xF4, 0xEA, 0xE1, 0xE2, 0xC4, 0xC2, 0xE3, 0xC7, 0xC4, 0xF6, 0xED, 0xE4, 0xF5, 0xEC, 0xE3,
    0xE2, 0xC4, 0xC2, 0xE2, 0xC4, 0xC2, 0xE1, 0xC3, 0xC1, 0x7A, 0x33, 0x43, 0x79, 0x32, 0x42, 0xFD,
    0xFD, 0xF1, 0xFF, 0xFF, 0xF3, 0xF6, 0xEE, 0xE5, 0xF6, 0xED, 0xE4, 0xED, 0xDC, 0xD5, 0xEC, 0xDA,
    0xD4, 0xFD, 0xFC, 0xF0, 0xFF, 0xFF, 0xF3, 0xF7, 0xEF, 0xE6, 0xEE, 0xDD, 0xD6, 0xFC, 0xFA, 0xEF,
    0xFF, 0xFF, 0xF3, 0xFF, 0xFF, 0xF3, 0xFF, 0xFF, 0xF3, 0xFF, 0xFF, 0xF3, 0xFF, 0xFF, 0xF3, 0xF8,
    0xF1, 0xE7, 0xF6, 0xED, 0xE4, 0xF6, 0xED, 0xE4, 0xF6, 0xED, 0xE4, 0xF6, 0xED, 0xE4, 0xE8, 0xD1,
    0xCC, 0xE2, 0xC4, 0xC2, 0xE2, 0xC4, 0xC2, 0xE2, 0xC4, 0xC2, 0xE2, 0xC4, 0xC2, 0xE2, 0xC4, 0xC2,
    0xE2, 0xC4, 0xC2, 0xD3, 0x9C, 0xB0, 0xD9, 0xAD, 0xB7, 0xC1, 0x9E, 0x9F, 0xA7, 0x7E, 0x81, 0xB5,
    0x8F, 0x91, 0xA3, 0x84, 0x85, 0x5F, 0x25, 0x34, 0x92, 0x4D, 0x66, 0x92, 0x56, 0x72, 0x4B, 0x1D,
    0x2A, 0x79, 0x30, 0x41, 0x65, 0x28, 0x37, 0x0C, 0x0A, 0x15, 0x2A, 0x11, 0x1D, 0x52, 0x20, 0x2E,
    0x64, 0x27, 0x36, 0x6A, 0x2A, 0x39, 0x92, 0x4C, 0x66, 0xB2, 0x6F, 0x92, 0x0C, 0x0A, 0x15, 0x30,
    0x13, 0x1F, 0x69, 0x29, 0x39, 0x79, 0x30, 0x41, 0x6F, 0x2C, 0x3C, 0x0C, 0x0A, 0x15, 0x29, 0x11,
    0x1D, 0x5D, 0x25, 0x33, 0x0C, 0x0A, 0x15, 0x0C, 0x0A, 0x15, 0x0C, 0x0A, 0x15, 0x0C, 0x0A, 0x15,
    0x0C, 0x0A, 0x15, 0x0C, 0x0A, 0x15, 0x0C, 0x0A, 0x15, 0x0C, 0x0A, 0x15, 0x0C, 0x0A, 0x15, 0x0C,
    0x0A, 0x15, 0x0C, 0x0A, 0x15, 0x0C, 0x0A, 0x15, 0x0C, 0x0A, 0x15, 0x0C, 0x0A, 0x15, 0x0C, 0x0A,
    0x15, 0x0C, 0x0A, 0x15, 0x0C, 0x0A, 0x15, 0x0C, 0x0A, 0x15, 0x0C, 0x0A, 0x15, 0x0C, 0x0A, 0x15,
    0x0C, 0x0A, 0x15, 0x0C, 0x0A, 0x15, 0x0C, 0x0A, 0x15, 0x0C, 0x0A, 0x15, 0x0C, 0x0A, 0x15, 0x44,
    0x1B, 0x27, 0x22, 0x0F, 0x1A, 0x0C, 0x0A, 0x15, 0x0C, 0x0A, 0x15, 0x0C, 0x0A, 0x15, 0x0C, 0x0A,
    0x15, 0x0C, 0x0A, 0x15, 0x0C, 0x0A, 0x15, 0x0C, 0x0A, 0x15, 0x0C, 0x0A, 0x15, 0x54, 0x21, 0x2F,
    0x53, 0x21, 0x2E, 0x5C, 0x24, 0x32, 0x3C, 0x17, 0x24, 0x0C, 0x0A, 0x15, 0x7F, 0x45, 0x5C, 0x7C,
    0x3D, 0x53, 0x40, 0x19, 0x25, 0x3B, 0x17, 0x23, 0x69, 0x29, 0x39, 0x79, 0x30, 0x41, 0x6A, 0x2A,
    0x39, 0x4B, 0x1D, 0x2A, 0x5F, 0x25, 0x34, 0x6B, 0x2A, 0x3A, 0x4B, 0x1D, 0x2A, 0x5D, 0x25, 0x33,
    0x79, 0x30, 0x41, 0x79, 0x30, 0x41, 0x95, 0x64, 0x6A, 0xCC, 0xB2, 0xB0, 0xE6, 0xE0, 0xD7, 0xFB,
    0xF7, 0xEC, 0xEA, 0xD6, 0xD1, 0xE2, 0xC4, 0xC2, 0xE2, 0xC4, 0xC2, 0xE2, 0xC4, 0xC2, 0xE2, 0xC4,
    0xC2, 0xE2, 0xC4, 0xC2, 0xE5, 0xCC, 0xC8, 0xF5, 0xEC, 0xE3, 0xF3, 0xE7, 0xDF, 0xE5, 0xCA, 0xC7,
    0xF6, 0xEF, 0xE5, 0xFD, 0xFC, 0xF0, 0xEE, 0xDD, 0xD6, 0xF5, 0xEC, 0xE3, 0xF6, 0xEE, 0xE4, 0xFE,
    0xFD, 0xF2, 0xEC, 0xDA, 0xD4, 0xE3, 0xC5, 0xC3, 0xF4, 0xEB, 0xE2, 0xA8, 0x7F, 0x82, 0x79, 0x31,
    0x42, 0x4C, 0x1E, 0x2B, 0xA0, 0xA0, 0x99, 0xFD, 0xFD, 0xF1, 0xFF, 0xFF, 0xF3, 0xFF, 0xFF, 0xF3,
    0xF6, 0xEE, 0xE4, 0xF5, 0xEC, 0xE3, 0xEE, 0xDD, 0xD6, 0xFD, 0xFC, 0xF0, 0xFF, 0xFF, 0xF3, 0xE6,
    0xCD, 0xC9, 0xFB, 0xF8, 0xED, 0xF0, 0xE2, 0xDA, 0xED, 0xDB, 0xD5, 0xFC, 0xF9, 0xEE, 0xF0, 0xE3,
    0xDB, 0xED, 0xDB, 0xD5, 0xED, 0xDB, 0xD5, 0xFB, 0xF7, 0xED, 0xF1, 0xE5, 0xDD, 0xED, 0xDB, 0xD5,
    0xED, 0xDB, 0xD5, 0xE5, 0xCB, 0xC8, 0xE2, 0xC4, 0xC2, 0xE2, 0xC4, 0xC2, 0xE2, 0xC4, 0xC2, 0xE2,
    0xC4, 0xC2, 0xE2, 0xC4, 0xC2, 0xE2, 0xC4, 0xC2, 0xDD, 0xB7, 0xBC, 0xDF, 0xBC, 0xBE, 0xD1, 0xB1,
    0xB0, 0x8D, 0x6E, 0x70, 0x7C, 0x57, 0x5C, 0x92, 0x67, 0x6C, 0x6C, 0x2B, 0x3B, 0x9D, 0x57, 0x74,
    0xA4, 0x65, 0x86, 0x4B, 0x1D, 0x2A, 0x79, 0x30, 0x41, 0x72, 0x2D, 0x3E, 0x53, 0x20, 0x2E, 0x0C,
    0x0A, 0x15, 0x44, 0x1B, 0x27, 0x79, 0x30, 0x41, 0x79, 0x30, 0x41, 0x92, 0x4C, 0x66, 0xB2, 0x6F,
    0x92, 0x0C, 0x0A, 0x15, 0x3B, 0x17, 0x23, 0x79, 0x30, 0x41, 0x72, 0x2D, 0x3D, 0x44, 0x1B, 0x27,
    0x0C, 0x0A, 0x15, 0x1F, 0x0E, 0x19, 0x46, 0x1B, 0x28, 0x0C, 0x0A, 0x15, 0x0C, 0x0A, 0x15, 0x0C,
    0x0A, 0x15, 0x0C, 0x0A, 0x15, 0x0C, 0x0A, 0x15, 0x0C, 0x0A, 0x15, 0x0C, 0x0A, 0x15, 0x0C, 0x0A,
    0x15, 0x0C, 0x0A, 0x15, 0x0C, 0x0A, 0x15, 0x0C, 0x0A, 0x15, 0x0C, 0x0A, 0x15, 0x0C, 0x0A, 0x15,
    0x0C, 0x0A, 0x15, 0x0C, 0x0A, 0x15, 0x0C, 0x0A, 0x15, 0x0C, 0x0A, 0x15, 0x0C, 0x0A, 0x15, 0x0C,
    0x0A, 0x15, 0x0C, 0x0A, 0x15, 0x0C, 0x0A, 0x15, 0x0C, 0x0A, 0x15, 0x0C, 0x0A, 0x15, 0x0C, 0x0A,
    0x15, 0x0C, 0x0A, 0x15, 0x0C, 0x0A, 0x15, 0x0C, 0x0A, 0x15, 0x0C, 0x0A, 0x15, 0x0C, 0x0A, 0x15,
    0x0C, 0x0A, 0x15, 0x0C, 0x0A, 0x15, 0x0C, 0x0A, 0x15, 0x0C, 0x0A, 0x15, 0x0C, 0x0A, 0x15, 0x54,
    0x21, 0x2F, 0x54, 0x21, 0x2E, 0x2C, 0x12, 0x1E, 0x3F, 0x19, 0x25, 0x2E, 0x13, 0x1E, 0x0C, 0x0A,
    0x15, 0x3E, 0x18, 0x25, 0x4C, 0x1E, 0x2B, 0x5A, 0x23, 0x32, 0x62, 0x26, 0x35, 0x56, 0x22, 0x30,
    0x8D, 0x6D, 0x6F, 0xB8, 0x8E, 0x97, 0xAC, 0x80, 0x90, 0xBD, 0xA0, 0xA0, 0xC0, 0xA1, 0xA0, 0xB8,
    0xA0, 0x9E, 0x9F, 0x86, 0x86, 0x5D, 0x25, 0x33, 0x79, 0x30, 0x41, 0xA1, 0x77, 0x7A, 0xE5, 0xCB,
    0xC8, 0xF2, 0xE6, 0xDE, 0xFC, 0xFA, 0xEF, 0xF0, 0xE3, 0xDB, 0xE6, 0xCE, 0xCA, 0xF5, 0xEB, 0xE3,
    0xF5, 0xEB, 0xE3, 0xF1, 0xE5, 0xDD, 0xE6, 0xCC, 0xC8, 0xF7, 0xEF, 0xE5, 0xFF, 0xFF, 0xF3, 0xFE,
    0xFC, 0xF1, 0xF4, 0xEA, 0xE1, 0xED, 0xDC, 0xD6, 0xEE, 0xDE, 0xD7, 0xF4, 0xEA, 0xE1, 0xED, 0xDC,
    0xD6, 0xEE, 0xDF, 0xD8, 0xFE, 0xFD, 0xF1, 0xE3, 0xC5, 0xC3, 0xF5, 0xEB, 0xE2, 0xEB, 0xDA, 0xD4,
    0x4D, 0x20, 0x2C, 0x4C, 0x1E, 0x2B, 0x62, 0x26, 0x35, 0x10, 0x09, 0x15, 0xEA, 0xDA, 0xD3, 0xED,
    0xDC, 0xD6, 0xFE, 0xFE, 0xF2, 0xEE, 0xDE, 0xD8, 0xFE, 0xFD, 0xF1, 0xE5, 0xCA, 0xC7, 0xEC, 0xDA,
    0xD4, 0xFD, 0xFB, 0xF0, 0xE6, 0xCD, 0xC9, 0xEC, 0xD9, 0xD3, 0xE4, 0xC8, 0xC5, 0xE2, 0xC4, 0xC2,
    0xEB, 0xD8, 0xD2, 0xF3, 0xE9, 0xE0, 0xE6, 0xCD, 0xC9, 0xE2, 0xC4, 0xC2, 0xEB, 0xD7, 0xD1, 0xE5,
    0xCA, 0xC7, 0xE2, 0xC4, 0xC2, 0xE2, 0xC4, 0xC2, 0xE2, 0xC4, 0xC2, 0xE2, 0xC4, 0xC2, 0xE2, 0xC4,
    0xC2, 0xE2, 0xC4, 0xC2, 0xE2, 0xC4, 0xC2, 0xE2, 0xC4, 0xC2, 0xD8, 0xAC, 0xB7, 0xDC, 0xB7, 0xBC,
    0xC2, 0x9F, 0xA0, 0xCE, 0xAE, 0xAD, 0x97, 0x83, 0x82, 0x50, 0x1F, 0x2D, 0x79, 0x30, 0x41, 0x79,
    0x30, 0x41, 0xA6, 0x75, 0x7F, 0xB9, 0x8F, 0x98, 0x6B, 0x2A, 0x3A, 0x79, 0x30, 0x41, 0x79, 0x30,
    0x41, 0x66, 0x28, 0x37, 0x5F, 0x39, 0x4E, 0xA8, 0x66, 0x87, 0xB1, 0x69, 0x8A, 0xA5, 0x5E, 0x7C,
    0x83, 0x3C, 0x51, 0x92, 0x4E, 0x68, 0x57, 0x22, 0x30, 0x25, 0x10, 0x1B, 0x4C, 0x1E, 0x2B, 0x45,
    0x1B, 0x28, 0x0C, 0x0A, 0x15, 0x0C, 0x0A, 0x15, 0x0C, 0x0A, 0x15, 0x0C, 0x0A, 0x15, 0x0C, 0x0A,
    0x15, 0x0C, 0x0A, 0x15, 0x0C, 0x0A, 0x15, 0x0C, 0x0A, 0x15, 0x0C, 0x0A, 0x15, 0x0C, 0x0A, 0x15,
    0x0C, 0x0A, 0x15, 0x0C, 0x0A, 0x15, 0x0C, 0x0A, 0x15, 0x0C, 0x0A, 0x15, 0x0C, 0x0A, 0x15, 0x0C,
    0x0A, 0x15, 0x0C, 0x0A, 0x15, 0x0C, 0x0A, 0x15, 0x0B, 0x0A, 0x15, 0x5F, 0x25, 0x34, 0x1A, 0x0D,
    0x18, 0x0C, 0x0A, 0x15, 0x0C, 0x0A, 0x15, 0x0C, 0x0A, 0x15, 0x0C, 0x0A, 0x15, 0x0C, 0x0A, 0x15,
    0x0C, 0x0A, 0x15, 0x0C, 0x0A, 0x15, 0x0C, 0x0A, 0x15, 0x0C, 0x0A, 0x15, 0x0C, 0x0A, 0x15, 0x0C,
    0x0A, 0x15, 0x0C, 0x0A, 0x15, 0x0C, 0x0A, 0x15, 0x0C, 0x0A, 0x15, 0x55, 0x21, 0x2F, 0x34, 0x15,
    0x20, 0x0C, 0x0A, 0x15, 0x42, 0x1A, 0x27, 0x5C, 0x24, 0x32, 0x38, 0x16, 0x22, 0x0C, 0x0A, 0x15,
    0x0C, 0x0A, 0x15, 0x4F, 0x1F, 0x2C, 0x61, 0x26, 0x35, 0x3D, 0x18, 0x25, 0x61, 0x26, 0x35, 0x79,
    0x30, 0x41, 0x6C, 0x2A, 0x3A, 0x9D, 0x6C, 0x7B, 0xD5, 0xA4, 0xB3, 0xDC, 0xB6, 0xBB, 0xE2, 0xC4,
    0xC2, 0xE2, 0xC4, 0xC2, 0xE2, 0xC4, 0xC2, 0xC3, 0xA5, 0xA4, 0x69, 0x29, 0x39, 0x79, 0x30, 0x41,
    0xAA, 0x8C, 0x8C, 0xEF, 0xE1, 0xDA, 0xE5, 0xCB, 0xC8, 0xEE, 0xDD, 0xD6, 0xEB, 0xD7, 0xD2, 0xE5,
    0xCA, 0xC7, 0xEE, 0xDD, 0xD6, 0xEE, 0xDD, 0xD6, 0xEB, 0xD8, 0xD3, 0xE4, 0xC9, 0xC6, 0xEE, 0xDD,
    0xD6, 0xEE, 0xDD, 0xD6, 0xEE, 0xDD, 0xD6, 0xEC, 0xDA, 0xD4, 0xE2, 0xC4, 0xC2, 0xE3, 0xC7, 0xC4,
    0xED, 0xDB, 0xD5, 0xE2, 0xC4, 0xC2, 0xE3, 0xC6, 0xC3, 0xED, 0xDC, 0xD6, 0xE2, 0xC5, 0xC3, 0xEC,
    0xDB, 0xD5, 0x92, 0x7E, 0x7D, 0x11, 0x0C, 0x16, 0x61, 0x26, 0x35, 0x79, 0x30, 0x41, 0x14, 0x0B,
    0x16, 0xA9, 0x82, 0x84, 0xE0, 0xC2, 0xC0, 0xED, 0xDC, 0xD6, 0xE3, 0xC6, 0xC3, 0xED, 0xDB, 0xD5,
    0xE3, 0xC6, 0xC4, 0xE2, 0xC4, 0xC2, 0xEC, 0xDA, 0xD4, 0xE4, 0xC8, 0xC5, 0xE2, 0xC4, 0xC2, 0xE2,
    0xC4, 0xC2, 0xE2, 0xC4, 0xC2, 0xE2, 0xC4, 0xC2, 0xEB, 0xD8, 0xD3, 0xE4, 0xC9, 0xC6, 0xE2, 0xC4,
    0xC2, 0xE2, 0xC4, 0xC2, 0xD7, 0xA8, 0xB5, 0xDE, 0xBB, 0xBE, 0xD7, 0xA9, 0xB5, 0xD3, 0x9D, 0xB0,
    0xD3, 0x9D, 0xB0, 0xDE, 0xB9, 0xBD, 0xD8, 0xAB, 0xB6, 0xDD, 0xB8, 0xBC, 0xD8, 0xAC, 0xB7, 0xCD,
    0x8A, 0xA9, 0xB7, 0x81, 0x92, 0x8F, 0x5C, 0x63, 0x9A, 0x6C, 0x71, 0x72, 0x57, 0x5A, 0x50, 0x1F,
    0x2D, 0x79, 0x30, 0x41, 0x79, 0x30, 0x41, 0xA3, 0x6B, 0x7B, 0xB1, 0x81, 0x92, 0x60, 0x26, 0x34,
    0x8F, 0x49, 0x61, 0xB0, 0x68, 0x89, 0x95, 0x57, 0x74, 0x7F, 0x64, 0x6B, 0xD4, 0xA1, 0xB2, 0xC9,
    0x7D, 0xA4, 0xC3, 0x78, 0x9D, 0x9F, 0x5C, 0x7A, 0x4E, 0x1E, 0x2C, 0x45, 0x1B, 0x28, 0x0C, 0x0A,
    0x15, 0x0C, 0x0A, 0x15, 0x0C, 0x0A, 0x15, 0x0C, 0x0A, 0x15, 0x0C, 0x0A, 0x15, 0x0C, 0x0A, 0x15,
    0x0C, 0x0A, 0x15, 0x0C, 0x0A, 0x15, 0x0C, 0x0A, 0x15, 0x0C, 0x0A, 0x15, 0x0C, 0x0A, 0x15, 0x0C,
    0x0A, 0x15, 0x0C, 0x0A, 0x15, 0x0C, 0x0A, 0x15, 0x0C, 0x0A, 0x15, 0x0C, 0x0A, 0x15, 0x0C, 0x0A,
    0x15, 0x0C, 0x0A, 0x15, 0x0C, 0x0A, 0x15, 0x0C, 0x0A, 0x15, 0x0C, 0x0A, 0x15, 0x0B, 0x0A, 0x15,
    0x4D, 0x1E, 0x2C, 0x16, 0x0C, 0x17, 0x0C, 0x0A, 0x15, 0x0C, 0x0A, 0x15, 0x0C, 0x0A, 0x15, 0x0C,
    0x0A, 0x15, 0x0C, 0x0A, 0x15, 0x0C, 0x0A, 0x15, 0x59, 0x23, 0x31, 0x29, 0x11, 0x1D, 0x0C, 0x0A,
    0x15, 0x57, 0x22, 0x30, 0x2D, 0x12, 0x1E, 0x0C, 0x0A, 0x15, 0x0C, 0x0A, 0x15, 0x0C, 0x0A, 0x15,
    0x45, 0x1B, 0x28, 0x2A, 0x11, 0x1D, 0x0C, 0x0A, 0x15, 0x0C, 0x0A, 0x15, 0x67, 0x28, 0x38, 0x47,
    0x1C, 0x29, 0x0C, 0x0A, 0x15, 0x0C, 0x0A, 0x15, 0x40, 0x19, 0x26, 0x6C, 0x2B, 0x3A, 0x6A, 0x2A,
    0x3A, 0x56, 0x22, 0x30, 0x6B, 0x2A, 0x3A, 0x63, 0x27, 0x36, 0x91, 0x55, 0x71, 0xCD, 0x8B, 0xA9,
    0xD3, 0x9E, 0xB1, 0xD3, 0x9E, 0xB1, 0xD9, 0xAD, 0xB7, 0xE2, 0xC4, 0xC2, 0xC1, 0xA4, 0xA3, 0x5F,
    0x25, 0x34, 0x79, 0x30, 0x41, 0xA7, 0x85, 0x86, 0xEB, 0xD7, 0xD1, 0xE2, 0xC4, 0xC2, 0xE2, 0xC4,
    0xC2, 0xE2, 0xC4, 0xC2, 0xE2, 0xC4, 0xC2, 0xE2, 0xC4, 0xC2, 0xE2, 0xC4, 0xC2, 0xE2, 0xC4, 0xC2,
    0xE2, 0xC4, 0xC2, 0xE2, 0xC4, 0xC2, 0xE2, 0xC4, 0xC2, 0xE2, 0xC4, 0xC2, 0xE2, 0xC4, 0xC2, 0xE2,
    0xC4, 0xC2, 0xE2, 0xC4, 0xC2, 0xE2, 0xC4, 0xC2, 0xE2, 0xC4, 0xC2, 0xE2, 0xC4, 0xC2, 0xE2, 0xC4,
    0xC2, 0xE2, 0xC4, 0xC2, 0xDF, 0xC2, 0xC0, 0x0A, 0x08, 0x14, 0x0E, 0x0A, 0x15, 0x4F, 0x1F, 0x2C,
    0x79, 0x30, 0x41, 0x61, 0x26, 0x35, 0x4E, 0x1D, 0x2B, 0xDF, 0xC1, 0xBF, 0xE2, 0xC4, 0xC2, 0xE2,
    0xC4, 0xC2, 0xE2, 0xC4, 0xC2, 0xE2, 0xC4, 0xC2, 0xE2, 0xC4, 0xC2, 0xE2, 0xC4, 0xC2, 0xE2, 0xC4,
    0xC2, 0xE2, 0xC4, 0xC2, 0xF1, 0xE5, 0xDD, 0xE5, 0xCB, 0xC8, 0xE2, 0xC4, 0xC2, 0xE2, 0xC4, 0xC2,
    0xE2, 0xC4, 0xC2, 0xE2, 0xC4, 0xC2, 0xE2, 0xC4, 0xC2, 0xCF, 0x92, 0xAC, 0xD1, 0x97, 0xAE, 0xD7,
    0xA9, 0xB5, 0xD9, 0xAC, 0xB7, 0xD9, 0xAC, 0xB7, 0xDF, 0xBD, 0xBF, 0xD1, 0x98, 0xAE, 0xB7, 0x83,
    0x92, 0xA4, 0x6B, 0x7C, 0xBB, 0x72, 0x95, 0x9D, 0x57, 0x73, 0x79, 0x30, 0x41, 0x9D, 0x56, 0x72,
    0x74, 0x43, 0x5B, 0x50, 0x1F, 0x2D, 0x79, 0x30, 0x41, 0x9A, 0x6D, 0x72, 0xCB, 0xA4, 0xA9, 0xC7,
    0x97, 0xA6, 0xA6, 0x65, 0x85, 0xB8, 0x6F, 0x92, 0xC9, 0x7D, 0xA4, 0xAA, 0x69, 0x8B, 0x7B, 0x5B,
    0x67, 0xC1, 0x8D, 0xA1, 0x85, 0x51, 0x6C, 0x85, 0x51, 0x6C, 0x74, 0x47, 0x5F, 0x0C, 0x0A, 0x15,
    0x0C, 0x0A, 0x15, 0x0C, 0x0A, 0x15, 0x0C, 0x0A, 0x15, 0x0C, 0x0A, 0x15, 0x0C, 0x0A, 0x15, 0x0C,
    0x0A, 0x15, 0x0C, 0x0A, 0x15, 0x0C, 0x0A, 0x15, 0x0C, 0x0A, 0x15, 0x0C, 0x0A, 0x15, 0x0C, 0x0A,
    0x15, 0x0C, 0x0A, 0x15, 0x0C, 0x0A, 0x15, 0x0C, 0x0A, 0x15, 0x0C, 0x0A, 0x15, 0x0C, 0x0A, 0x15,
    0x0C, 0x0A, 0x15, 0x0C, 0x0A, 0x15, 0x0C, 0x0A, 0x15, 0x0C, 0x0A, 0x15, 0x0C, 0x0A, 0x15, 0x0C,
    0x0A, 0x15, 0x0C, 0x0A, 0x15, 0x0C, 0x0A, 0x15, 0x0C, 0x0A, 0x15, 0x0C, 0x0A, 0x15, 0x0C, 0x0A,
    0x15, 0x0C, 0x0A, 0x15, 0x0C, 0x0A, 0x15, 0x0C, 0x0A, 0x15, 0x0C, 0x0A, 0x15, 0x4A, 0x1D, 0x2A,
    0x22, 0x0F, 0x1A, 0x0C, 0x0A, 0x15, 0x48, 0x1C, 0x29, 0x26, 0x10, 0x1B, 0x0C, 0x0A, 0x15, 0x0C,
    0x0A, 0x15, 0x0C, 0x0A, 0x15, 0x0C, 0x0A, 0x15, 0x0C, 0x0A, 0x15, 0x0C, 0x0A, 0x15, 0x0C, 0x0A,
    0x15, 0x94, 0x57, 0x73, 0x67, 0x3B, 0x50, 0x0C, 0x0A, 0x15, 0x4E, 0x1F, 0x2C, 0x3A, 0x17, 0x23,
    0x62, 0x27, 0x36, 0x79, 0x30, 0x41, 0x6A, 0x2A, 0x39, 0x70, 0x2C, 0x3C, 0x50, 0x1F, 0x2D, 0x86,
    0x52, 0x6E, 0xC9, 0x7D, 0xA4, 0xC9, 0x7D, 0xA4, 0xC9, 0x7D, 0xA4, 0xD2, 0x9B, 0xB0, 0xDD, 0xB8,
    0xBC, 0xB7, 0x86, 0x96, 0x68, 0x29, 0x39, 0x79, 0x30, 0x41, 0x9B, 0x62, 0x71, 0xD8, 0xAA, 0xB6,
    0xE2, 0xC4, 0xC2, 0xDE, 0xBB, 0xBE, 0xD7, 0xA9, 0xB5, 0xE2, 0xC4, 0xC2, 0xE2, 0xC4, 0xC2, 0xE2,
    0xC4, 0xC2, 0xE2, 0xC4, 0xC2, 0xE2, 0xC4, 0xC2, 0xE2, 0xC4, 0xC2, 0xE2, 0xC4, 0xC2, 0xE2, 0xC4,
    0xC2, 0xE2, 0xC4, 0xC2, 0xE2, 0xC4, 0xC2, 0xE2, 0xC4, 0xC2, 0xE2, 0xC4, 0xC2, 0xE2, 0xC4, 0xC2,
    0xE2, 0xC4, 0xC2, 0xE2, 0xC4, 0xC2, 0xE2, 0xC4, 0xC2, 0xDF, 0xC2, 0xC0, 0x0A, 0x08, 0x14, 0x0F,
    0x0B, 0x16, 0x5F, 0x25, 0x34, 0x50, 0x1F, 0x2D, 0x78, 0x30, 0x41, 0x5F, 0x24, 0x33, 0xDF, 0xC1,
    0xBF, 0xE2, 0xC4, 0xC2, 0xE2, 0xC4, 0xC2, 0xE2, 0xC4, 0xC2, 0xE2, 0xC4, 0xC2, 0xE2, 0xC4, 0xC2,
    0xF2, 0xE5, 0xDD, 0xF4, 0xE9, 0xE1, 0xE5, 0xCA, 0xC7, 0xFB, 0xF7, 0xEC, 0xE7, 0xD0, 0xCC, 0xE2,
    0xC4, 0xC2, 0xE2, 0xC4, 0xC2, 0xE2, 0xC4, 0xC2, 0xE2, 0xC4, 0xC2, 0xE2, 0xC4, 0xC2, 0xDB, 0xB2,
    0xB9, 0xD8, 0xAC, 0xB7, 0xD5, 0xA2, 0xB3, 0xD4, 0x9F, 0xB1, 0xDE, 0xBA, 0xBD, 0xC0, 0x9D, 0x9D,
    0xCC, 0xA1, 0xAA, 0xBE, 0x83, 0x99, 0xBA, 0x8D, 0x96, 0xC6, 0x8A, 0xA2, 0xB9, 0x6F, 0x93, 0xAE,
    0x66, 0x87, 0xBF, 0x75, 0x99, 0x86, 0x52, 0x6E, 0x50, 0x1F, 0x2D, 0x79, 0x30, 0x41, 0xA4, 0x6D,
    0x7D, 0xD4, 0x9F, 0xB1, 0xD0, 0x94, 0xAC, 0xBC, 0x72, 0x96, 0x98, 0x57, 0x74, 0x86, 0x52, 0x6E,
    0x71, 0x45, 0x5D, 0x4D, 0x2E, 0x40, 0x73, 0x46, 0x5E, 0x0C, 0x0A, 0x15, 0x0C, 0x0A, 0x15, 0x0C,
    0x0A, 0x15, 0x0C, 0x0A, 0x15, 0x0C, 0x0A, 0x15, 0x0C, 0x0A, 0x15, 0x0C, 0x0A, 0x15, 0x0C, 0x0A,
    0x15, 0x0C, 0x0A, 0x15, 0x0C, 0x0A, 0x15, 0x0C, 0x0A, 0x15, 0x0C, 0x0A, 0x15, 0x0C, 0x0A, 0x15,
    0x0C, 0x0A, 0x15, 0x0C, 0x0A, 0x15, 0x0C, 0x0A, 0x15, 0x0C, 0x0A, 0x15, 0x0C, 0x0A, 0x15, 0x0C,
    0x0A, 0x15, 0x0C, 0x0A, 0x15, 0x0C, 0x0A, 0x15, 0x0C, 0x0A, 0x15, 0x0C, 0x0A, 0x15, 0x0C, 0x0A,
    0x15, 0x0C, 0x0A, 0x15, 0x0C, 0x0A, 0x15, 0x0C, 0x0A, 0x15, 0x0C, 0x0A, 0x15, 0x0C, 0x0A, 0x15,
    0x0C, 0x0A, 0x15, 0x0C, 0x0A, 0x15, 0x0C, 0x0A, 0x15, 0x0C, 0x0A, 0x15, 0x0C, 0x0A, 0x15, 0x0C,
    0x0A, 0x15, 0x0C, 0x0A, 0x15, 0x0C, 0x0A, 0x15, 0x0C, 0x0A, 0x15, 0x0C, 0x0A, 0x15, 0x0C, 0x0A,
    0x15, 0x0C, 0x0A, 0x15, 0x0C, 0x0A, 0x15, 0x0C, 0x0A, 0x15, 0x0C, 0x0A, 0x15, 0x52, 0x20, 0x2E,
    0x33, 0x15, 0x20, 0x0C, 0x0A, 0x15, 0x74, 0x47, 0x5F, 0x6E, 0x38, 0x4D, 0x5E, 0x25, 0x34, 0x71,
    0x2D, 0x3D, 0x69, 0x29, 0x39, 0x70, 0x2C, 0x3C, 0x79, 0x30, 0x41, 0x79, 0x30, 0x41, 0x79, 0x30,
    0x41, 0x6A, 0x2A, 0x3A, 0x7F, 0x41, 0x57, 0xA1, 0x5A, 0x78, 0x98, 0x58, 0x75, 0x88, 0x54, 0x6F,
    0x8F, 0x69, 0x77, 0x9C, 0x78, 0x80, 0x95, 0x4F, 0x69, 0x79, 0x30, 0x41, 0x79, 0x30, 0x41, 0x9D,
    0x69, 0x74, 0xDB, 0xB2, 0xBA, 0xE2, 0xC4, 0xC2, 0xE0, 0xBE, 0xBF, 0xDA, 0xB1, 0xB9, 0xE2, 0xC4,
    0xC2, 0xE2, 0xC4, 0xC2, 0xE2, 0xC4, 0xC2, 0xDF, 0xBE, 0xBF, 0xD7, 0xA7, 0xB5, 0xE2, 0xC4, 0xC2,
    0xE2, 0xC4, 0xC2, 0xE2, 0xC4, 0xC2, 0xE2, 0xC4, 0xC2, 0xE2, 0xC4, 0xC2, 0xE2, 0xC4, 0xC2, 0xE2,
    0xC4, 0xC2, 0xE2, 0xC4, 0xC2, 0xE1, 0xC2, 0xC1, 0xD4, 0xA0, 0xB1, 0xD5, 0xA1, 0xB2, 0xDF, 0xC2,
    0xC0, 0x0F, 0x09, 0x15, 0x5E, 0x25, 0x34, 0x79, 0x30, 0x41, 0x12, 0x0B, 0x16, 0x50, 0x1F, 0x2D,
    0x50, 0x1C, 0x2B, 0xF0, 0xE5, 0xDD, 0xE3, 0xC6, 0xC4, 0xE2, 0xC4, 0xC2, 0xE2, 0xC4, 0xC2, 0xE2,
    0xC4, 0xC2, 0xF2, 0xE5, 0xDD, 0xEF, 0xE0, 0xD9, 0xEF, 0xDF, 0xD8, 0xE4, 0xC8, 0xC5, 0xED, 0xDB,
    0xD5, 0xE4, 0xC9, 0xC6, 0xE2, 0xC4, 0xC2, 0xE2, 0xC4, 0xC2, 0xE2, 0xC4, 0xC2, 0xE2, 0xC4, 0xC2,
    0xD7, 0xA9, 0xB5, 0xD4, 0xA0, 0xB1, 0xDF, 0xBC, 0xBE, 0xD0, 0x94, 0xAD, 0xD4, 0xA0, 0xB1, 0xDF,
    0xBD, 0xBF, 0xA3, 0x79, 0x7C, 0xC8, 0xA7, 0xA7, 0xD2, 0x99, 0xAF, 0xD0, 0x95, 0xAD, 0xD7, 0xA7,
    0xB4, 0xCF, 0x90, 0xAB, 0xB2, 0x69, 0x8B, 0xBB, 0x71, 0x95, 0x96, 0x56, 0x73, 0x6A, 0x2A, 0x3A,
    0x91, 0x4B, 0x64, 0xA9, 0x61, 0x81, 0x98, 0x58, 0x75, 0x88, 0x54, 0x6F, 0x78, 0x46, 0x5F, 0x43,
    0x1A, 0x27, 0x0C, 0x0A, 0x15, 0x0C, 0x0A, 0x15, 0x36, 0x15, 0x21, 0x50, 0x1F, 0x2D, 0x0C, 0x0A,
    0x15, 0x0C, 0x0A, 0x15, 0x0C, 0x0A, 0x15, 0x0C, 0x0A, 0x15, 0x0C, 0x0A, 0x15, 0x0C, 0x0A, 0x15,
    0x0C, 0x0A, 0x15, 0x0C, 0x0A, 0x15, 0x0C, 0x0A, 0x15, 0x0C, 0x0A, 0x15, 0x0C, 0x0A, 0x15, 0x0C,
    0x0A, 0x15, 0x0C, 0x0A, 0x15, 0x0C, 0x0A, 0x15, 0x0C, 0x0A, 0x15, 0x0C, 0x0A, 0x15, 0x0C, 0x0A,
    0x15, 0x0C, 0x0A, 0x15, 0x0C, 0x0A, 0x15, 0x0C, 0x0A, 0x15, 0x0C, 0x0A, 0x15, 0x0C, 0x0A, 0x15,
    0x0C, 0x0A, 0x15, 0x0C, 0x0A, 0x15, 0x0C, 0x0A, 0x15, 0x0C, 0x0A, 0x15, 0x0C, 0x0A, 0x15, 0x0C,
    0x0A, 0x15, 0x0C, 0x0A, 0x15, 0x0C, 0x0A, 0x15, 0x0C, 0x0A, 0x15, 0x0C, 0x0A, 0x15, 0x0C, 0x0A,
    0x15, 0x0C, 0x0A, 0x15, 0x0C, 0x0A, 0x15, 0x0C, 0x0A, 0x15, 0x56, 0x21, 0x2F, 0x29, 0x11, 0x1D,
    0x0C, 0x0A, 0x15, 0x0C, 0x0A, 0x15, 0x53, 0x21, 0x2E, 0x2E, 0x13, 0x1E, 0x0C, 0x0A, 0x15, 0x0C,
    0x0A, 0x15, 0x47, 0x1C, 0x29, 0x2D, 0x12, 0x1E, 0x0C, 0x0A, 0x15, 0x4F, 0x1F, 0x2C, 0x71, 0x2D,
    0x3D, 0x61, 0x26, 0x35, 0x52, 0x20, 0x2E, 0x6D, 0x2B, 0x3B, 0x63, 0x27, 0x36, 0x52, 0x20, 0x2E,
    0x6C, 0x2B, 0x3A, 0x79, 0x30, 0x41, 0x9A, 0x54, 0x6F, 0xB4, 0x7E, 0x8E, 0xBE, 0x9A, 0x9B, 0xB9,
    0x9A, 0x99, 0xB0, 0x98, 0x97, 0xB0, 0x98, 0x97, 0xB5, 0x99, 0x98, 0xB8, 0x8B, 0x94, 0xAC, 0x65,
    0x85, 0x98, 0x56, 0x73, 0x91, 0x73, 0x75, 0xDE, 0xBB, 0xBE, 0xD4, 0xA1, 0xB2, 0xD8, 0xAB, 0xB6,
    0xE2, 0xC4, 0xC2, 0xDF, 0xBD, 0xBE, 0xD7, 0xA9, 0xB5, 0xE2, 0xC4, 0xC2, 0xE0, 0xBF, 0xC0, 0xDA,
    0xAF, 0xB8, 0xE2, 0xC4, 0xC2, 0xE2, 0xC4, 0xC2, 0xE2, 0xC4, 0xC2, 0xE2, 0xC4, 0xC2, 0xE2, 0xC4,
    0xC2, 0xE2, 0xC4, 0xC2, 0xE2, 0xC4, 0xC2, 0xE2, 0xC4, 0xC2, 0xE1, 0xC2, 0xC1, 0xD8, 0xAA, 0xB6,
    0xD8, 0xAB, 0xB6, 0xDF, 0xC2, 0xC0, 0x0E, 0x09, 0x15, 0x52, 0x20, 0x2E, 0x52, 0x20, 0x2E, 0x5D,
    0x24, 0x33, 0x5D, 0x24, 0x33, 0x0D, 0x04, 0x12, 0xEB, 0xDC, 0xD5, 0xF3, 0xE8, 0xDF, 0xE3, 0xC7,
    0xC4, 0xE2, 0xC4, 0xC2, 0xE2, 0xC4, 0xC2, 0xEE, 0xDD, 0xD7, 0xE4, 0xC8, 0xC5, 0xE2, 0xC4, 0xC2,
    0xE2, 0xC4, 0xC2, 0xE2, 0xC4, 0xC2, 0xE2, 0xC4, 0xC2, 0xE2, 0xC4, 0xC2, 0xF0, 0xE1, 0xDA, 0xE6,
    0xCC, 0xC9, 0xE2, 0xC4, 0xC2, 0xDA, 0xB0, 0xB9, 0xD8, 0xAA, 0xB6, 0xDF, 0xBE, 0xBF, 0xDA, 0xB1,
    0xB9, 0xDF, 0xBD, 0xBF, 0xE2, 0xC4, 0xC2, 0xA3, 0x79, 0x7C, 0xC8, 0xA7, 0xA7, 0xD2, 0x99, 0xAF,
    0xD3, 0x9C, 0xB0, 0xDE, 0xBB, 0xBE, 0xD3, 0x9C, 0xB0, 0xB8, 0x6F, 0x92, 0xBE, 0x74, 0x99, 0x92,
    0x55, 0x71, 0x52, 0x20, 0x2E, 0x6D, 0x3C, 0x51, 0x78, 0x46, 0x5E, 0x42, 0x1A, 0x26, 0x0C, 0x0A,
    0x15, 0x0C, 0x0A, 0x15, 0x0C, 0x0A, 0x15, 0x0C, 0x0A, 0x15, 0x0C, 0x0A, 0x15, 0x45, 0x1B, 0x28,
    0x68, 0x29, 0x38, 0x0C, 0x0A, 0x15, 0x0C, 0x0A, 0x15, 0x0C, 0x0A, 0x15, 0x0C, 0x0A, 0x15, 0x0C,
    0x0A, 0x15, 0x0C, 0x0A, 0x15, 0x0C, 0x0A, 0x15, 0x0C, 0x0A, 0x15, 0x0C, 0x0A, 0x15, 0x0C, 0x0A,
    0x15, 0x0C, 0x0A, 0x15, 0x0C, 0x0A, 0x15, 0x0C, 0x0A, 0x15, 0x0C, 0x0A, 0x15, 0x0C, 0x0A, 0x15,
    0x0C, 0x0A, 0x15, 0x0C, 0x0A, 0x15, 0x0C, 0x0A, 0x15, 0x0C, 0x0A, 0x15, 0x0C, 0x0A, 0x15, 0x0C,
    0x0A, 0x15, 0x0C, 0x0A, 0x15, 0x0C, 0x0A, 0x15, 0x0C, 0x0A, 0x15, 0x0C, 0x0A, 0x15, 0x0C, 0x0A,
    0x15, 0x0C, 0x0A, 0x15, 0x0B, 0x0A, 0x15, 0x5A, 0x23, 0x31, 0x1B, 0x0D, 0x18, 0x0B, 0x0A, 0x15,
    0x58, 0x22, 0x31, 0x21, 0x0F, 0x1A, 0x0C, 0x0A, 0x15, 0x0C, 0x0A, 0x15, 0x0C, 0x0A, 0x15, 0x4D,
    0x1E, 0x2B, 0x5B, 0x23, 0x32, 0x2A, 0x11, 0x1D, 0x0C, 0x0A, 0x15, 0x4B, 0x1D, 0x2A, 0x29, 0x11,
    0x1D, 0x0C, 0x0A, 0x15, 0x0C, 0x0A, 0x15, 0x0C, 0x0A, 0x15, 0x0C, 0x0A, 0x15, 0x0C, 0x0A, 0x15,
    0x67, 0x28, 0x38, 0x61, 0x26, 0x35, 0x59, 0x23, 0x31, 0x5C, 0x24, 0x33, 0x70, 0x2C, 0x3C, 0x68,
    0x29, 0x38, 0x5C, 0x24, 0x33, 0x6F, 0x2C, 0x3C, 0x65, 0x28, 0x37, 0x79, 0x46, 0x5E, 0xB6, 0x90,
    0x99, 0xE2, 0xC4, 0xC2, 0xE2, 0xC4, 0xC2, 0xE2, 0xC4, 0xC2, 0xE2, 0xC4, 0xC2, 0xE2, 0xC4, 0xC2,
    0xDF, 0xBC, 0xBE, 0xD7, 0xA9, 0xB5, 0xBC, 0x90, 0x9C, 0x8E, 0x61, 0x6D, 0xD5, 0xA4, 0xB3, 0xD7,
    0xA9, 0xB5, 0xDA, 0xB0, 0xB9, 0xE2, 0xC4, 0xC2, 0xE0, 0xBE, 0xBF, 0xDA, 0xAF, 0xB8, 0xE2, 0xC4,
    0xC2, 0xE2, 0xC4, 0xC2, 0xE2, 0xC4, 0xC2, 0xE2, 0xC4, 0xC2, 0xE2, 0xC4, 0xC2, 0xE2, 0xC4, 0xC2,
    0xE2, 0xC4, 0xC2, 0xE2, 0xC4, 0xC2, 0xE2, 0xC4, 0xC2, 0xE2, 0xC4, 0xC2, 0xE2, 0xC4, 0xC2, 0xE2,
    0xC4, 0xC2, 0xE2, 0xC4, 0xC2, 0xE3, 0xC5, 0xC3, 0xF0, 0xE4, 0xDC, 0x09, 0x07, 0x14, 0x0C, 0x0A,
    0x15, 0x0D, 0x0A, 0x15, 0x53, 0x20, 0x2E, 0x78, 0x30, 0x41, 0x5C, 0x22, 0x31, 0xEF, 0xE3, 0xDB,
    0xFE, 0xFE, 0xF2, 0xF3, 0xE9, 0xE0, 0xF3, 0xE7, 0xDF, 0xF3, 0xE7, 0xDF, 0xF3, 0xE7, 0xDF, 0xF3,
    0xE7, 0xDF, 0xF3, 0xE7, 0xDF, 0xF3, 0xE7, 0xDF, 0xF3, 0xE7, 0xDF, 0xF3, 0xE7, 0xDF, 0xF3, 0xE7,
    0xDF, 0xFD, 0xFB, 0xEF, 0xE8, 0xD2, 0xCD, 0xE2, 0xC4, 0xC2, 0xE2, 0xC4, 0xC2, 0xE2, 0xC4, 0xC2,
    0xE2, 0xC4, 0xC2, 0xE2, 0xC4, 0xC2, 0xE2, 0xC4, 0xC2, 0xE2, 0xC4, 0xC2, 0xA3, 0x79, 0x7C, 0xC8,
    0xA7, 0xA7, 0xDB, 0xB3, 0xBA, 0xDE, 0xBB, 0xBE, 0xDA, 0xAF, 0xB8, 0xB8, 0x7C, 0x92, 0x96, 0x59,
    0x76, 0x8C, 0x56, 0x73, 0x5D, 0x38, 0x4D, 0x0C, 0x0A, 0x15, 0x0C, 0x0A, 0x15, 0x0C, 0x0A, 0x15,
    0x0C, 0x0A, 0x15, 0x0C, 0x0A, 0x15, 0x0C, 0x0A, 0x15, 0x0C, 0x0A, 0x15, 0x0C, 0x0A, 0x15, 0x0C,
    0x0A, 0x15, 0x2F, 0x13, 0x1F, 0x47, 0x1C, 0x29, 0x0C, 0x0A, 0x15, 0x0C, 0x0A, 0x15, 0x0C, 0x0A,
    0x15, 0x0C, 0x0A, 0x15, 0x0C, 0x0A, 0x15, 0x0C, 0x0A, 0x15, 0x0C, 0x0A, 0x15, 0x0C, 0x0A, 0x15,
    0x0C, 0x0A, 0x15, 0x0C, 0x0A, 0x15, 0x0C, 0x0A, 0x15, 0x0C, 0x0A, 0x15, 0x0C, 0x0A, 0x15, 0x0C,
    0x0A, 0x15, 0x0C, 0x0A, 0x15, 0x0C, 0x0A, 0x15, 0x0C, 0x0A, 0x15, 0x0C, 0x0A, 0x15, 0x0C, 0x0A,
    0x15, 0x0C, 0x0A, 0x15, 0x0C, 0x0A, 0x15, 0x0C, 0x0A, 0x15, 0x0C, 0x0A, 0x15, 0x0C, 0x0A, 0x15,
    0x0C, 0x0A, 0x15, 0x0C, 0x0A, 0x15, 0x0C, 0x0A, 0x15, 0x0B, 0x0A, 0x15, 0x53, 0x20, 0x2E, 0x19,
    0x0D, 0x18, 0x0B, 0x0A, 0x15, 0x51, 0x20, 0x2D, 0x1E, 0x0E, 0x19, 0x0C, 0x0A, 0x15, 0x0C, 0x0A,
    0x15, 0x0C, 0x0A, 0x15, 0x0C, 0x0A, 0x15, 0x4D, 0x1E, 0x2C, 0x27, 0x10, 0x1C, 0x0C, 0x0A, 0x15,
    0x0C, 0x0A, 0x15, 0x51, 0x20, 0x2D, 0x5B, 0x24, 0x32, 0x5B, 0x24, 0x32, 0x30, 0x13, 0x1F, 0x0C,
    0x0A, 0x15, 0x0C, 0x0A, 0x15, 0x67, 0x28, 0x38, 0x66, 0x28, 0x37, 0x70, 0x2C, 0x3D, 0x79, 0x30,
    0x41, 0x79, 0x30, 0x41, 0x64, 0x27, 0x36, 0x6D, 0x2B, 0x3B, 0x79, 0x30, 0x41, 0x68, 0x29, 0x39,
    0x3C, 0x18, 0x24, 0x97, 0x83, 0x82, 0xE2, 0xC4, 0xC2, 0xE2, 0xC4, 0xC2, 0xE2, 0xC4, 0xC2, 0xE2,
    0xC4, 0xC2, 0xDE, 0xB9, 0xBD, 0xD5, 0xA3, 0xB3, 0xD9, 0xAE, 0xB8, 0xC4, 0xA7, 0xA6, 0x95, 0x7A,
    0x7F, 0xEB, 0xD7, 0xD6, 0xEE, 0xDE, 0xD7, 0xE2, 0xC4, 0xC2, 0xE2, 0xC4, 0xC2, 0xE2, 0xC4, 0xC2,
    0xE2, 0xC4, 0xC2, 0xE2, 0xC4, 0xC2, 0xE2, 0xC4, 0xC2, 0xE2, 0xC4, 0xC2, 0xE2, 0xC4, 0xC2, 0xE2,
    0xC4, 0xC2, 0xE2, 0xC4, 0xC2, 0xE2, 0xC4, 0xC2, 0xE2, 0xC4, 0xC2, 0xE2, 0xC4, 0xC2, 0xE2, 0xC4,
    0xC2, 0xE2, 0xC4, 0xC2, 0xE2, 0xC4, 0xC2, 0xE2, 0xC4, 0xC2, 0xE3, 0xC7, 0xC4, 0xFD, 0xFC, 0xF1,
    0x97, 0x5D, 0x7B, 0x11, 0x0B, 0x16, 0x5A, 0x23, 0x32, 0x10, 0x0B, 0x16, 0x78, 0x30, 0x40, 0x55,
    0x1F, 0x2E, 0xEC, 0xDE, 0xD7, 0xFE, 0xFE, 0xF2, 0xFF, 0xFF, 0xF3, 0xFF, 0xFF, 0xF3, 0xFF, 0xFF,
    0xF3, 0xF2, 0xE5, 0xDD, 0xFD, 0xFC, 0xF0, 0xFF, 0xFF, 0xF3, 0xFF, 0xFF, 0xF3, 0xF2, 0xE7, 0xDF,
    0xFD, 0xFA, 0xEF, 0xFF, 0xFF, 0xF3, 0xF3, 0xE8, 0xE0, 0xF2, 0xE5, 0xDD, 0xF2, 0xE6, 0xDE, 0xE6,
    0xCC, 0xC9, 0xE2, 0xC4, 0xC2, 0xE2, 0xC4, 0xC2, 0xE2, 0xC4, 0xC2, 0xE2, 0xC4, 0xC2, 0xE2, 0xC4,
    0xC2, 0xBE, 0x8A, 0x99, 0xD2, 0xAC, 0xB1, 0xE2, 0xC4, 0xC2, 0xBB, 0xA2, 0xA0, 0x95, 0x6D, 0x7D,
    0x6F, 0x3C, 0x51, 0x36, 0x15, 0x21, 0x0C, 0x0A, 0x15, 0x0C, 0x0A, 0x15, 0x0C, 0x0A, 0x15, 0x0C,
    0x0A, 0x15, 0x0C, 0x0A, 0x15, 0x0C, 0x0A, 0x15, 0x39, 0x16, 0x22, 0x4A, 0x1D, 0x2A, 0x0C, 0x0A,
    0x15, 0x0C, 0x0A, 0x15, 0x0C, 0x0A, 0x15, 0x0C, 0x0A, 0x15, 0x0C, 0x0A, 0x15, 0x0C, 0x0A, 0x15,
    0x0C, 0x0A, 0x15, 0x0C, 0x0A, 0x15, 0x0C, 0x0A, 0x15, 0x0C, 0x0A, 0x15, 0x0C, 0x0A, 0x15, 0x0C,
    0x0A, 0x15, 0x0C, 0x0A, 0x15, 0x0C, 0x0A, 0x15, 0x0C, 0x0A, 0x15, 0x0C, 0x0A, 0x15, 0x0C, 0x0A,
    0x15, 0x0C, 0x0A, 0x15, 0x0C, 0x0A, 0x15, 0x0C, 0x0A, 0x15, 0x0C, 0x0A, 0x15, 0x0C, 0x0A, 0x15,
    0x0C, 0x0A, 0x15, 0x0C, 0x0A, 0x15, 0x0C, 0x0A, 0x15, 0x0C, 0x0A, 0x15, 0x0C, 0x0A, 0x15, 0x0C,
    0x0A, 0x15, 0x0C, 0x0A, 0x15, 0x0C, 0x0A, 0x15, 0x0C, 0x0A, 0x15, 0x0C, 0x0A, 0x15, 0x0C, 0x0A,
    0x15, 0x0C, 0x0A, 0x15, 0x0C, 0x0A, 0x15, 0x0C, 0x0A, 0x15, 0x0C, 0x0A, 0x15, 0x0C, 0x0A, 0x15,
    0x0C, 0x0A, 0x15, 0x54, 0x21, 0x2F, 0x25, 0x10, 0x1B, 0x0C, 0x0A, 0x15, 0x0C, 0x0A, 0x15, 0x0C,
    0x0A, 0x15, 0x0C, 0x0A, 0x15, 0x0C, 0x0A, 0x15, 0x4D, 0x1E, 0x2B, 0x56, 0x22, 0x30, 0x56, 0x22,
    0x30, 0x2E, 0x13, 0x1E, 0x0C, 0x0A, 0x15, 0x0C, 0x0A, 0x15, 0x67, 0x28, 0x38, 0x79, 0x30, 0x41,
    0x63, 0x27, 0x36, 0x6F, 0x2C, 0x3C, 0x64, 0x27, 0x36, 0x58, 0x23, 0x31, 0x6E, 0x2C, 0x3C, 0x79,
    0x30, 0x41, 0x79, 0x30, 0x41, 0x68, 0x29, 0x38, 0xA4, 0x85, 0x86, 0xE2, 0xC4, 0xC2, 0xE2, 0xC4,
    0xC2, 0xE2, 0xC4, 0xC2, 0xE2, 0xC4, 0xC2, 0xDE, 0xBB, 0xBD, 0xD2, 0x9B, 0xAF, 0xD1, 0x98, 0xAE,
    0xC5, 0xA7, 0xA6, 0xA3, 0x96, 0x91, 0xFF, 0xFF, 0xF3, 0xFC, 0xF8, 0xED, 0xEE, 0xDD, 0xD7, 0xE2,
    0xC4, 0xC2, 0xE2, 0xC4, 0xC2, 0xE2, 0xC4, 0xC2, 0xE2, 0xC4, 0xC2, 0xE2, 0xC4, 0xC2, 0xE2, 0xC4,
    0xC2, 0xE2, 0xC4, 0xC2, 0xE2, 0xC4, 0xC2, 0xE2, 0xC4, 0xC2, 0xE2, 0xC4, 0xC2, 0xE2, 0xC4, 0xC2,
    0xE2, 0xC4, 0xC2, 0xE2, 0xC4, 0xC2, 0xE2, 0xC4, 0xC2, 0xE2, 0xC4, 0xC2, 0xE3, 0xC6, 0xC3, 0xF2,
    0xE6, 0xDE, 0xFE, 0xFD, 0xF2, 0xD5, 0xA5, 0xB3, 0x14, 0x0D, 0x18, 0x78, 0x30, 0x41, 0x12, 0x0B,
    0x16, 0x78, 0x30, 0x40, 0x5A, 0x22, 0x31, 0xDF, 0xC0, 0xBF, 0xFE, 0xFD, 0xF1, 0xF1, 0xE5, 0xDD,
    0xF0, 0xE3, 0xDB, 0xFE, 0xFD, 0xF1, 0xF3, 0xE8, 0xE0, 0xF1, 0xE3, 0xDB, 0xF0, 0xE3, 0xDB, 0xF0,
    0xE3, 0xDB, 0xE4, 0xC9, 0xC6, 0xEE, 0xDE, 0xD7, 0xF0, 0xE3, 0xDB, 0xE5, 0xCA, 0xC7, 0xEE, 0xDD,
    0xD6, 0xFC, 0xF9, 0xEE, 0xE9, 0xD3, 0xCF, 0xE2, 0xC4, 0xC2, 0xE2, 0xC4, 0xC2, 0xE2, 0xC4, 0xC2,
    0xE2, 0xC4, 0xC2, 0xE2, 0xC4, 0xC2, 0xAF, 0x86, 0x93, 0x9D, 0x7F, 0x85, 0xA3, 0x8D, 0x8C, 0x79,
    0x5A, 0x5E, 0x37, 0x16, 0x22, 0x0C, 0x0A, 0x15, 0x0C, 0x0A, 0x15, 0x47, 0x1C, 0x29, 0x3B, 0x17,
    0x23, 0x0C, 0x0A, 0x15, 0x0C, 0x0A, 0x15, 0x0C, 0x0A, 0x15, 0x39, 0x16, 0x23, 0x58, 0x23, 0x31,
    0x46, 0x1B, 0x28, 0x0C, 0x0A, 0x15, 0x0C, 0x0A, 0x15, 0x0C, 0x0A, 0x15, 0x0C, 0x0A, 0x15, 0x0C,
    0x0A, 0x15, 0x31, 0x14, 0x1F, 0x5A, 0x23, 0x31, 0x4F, 0x1F, 0x2C, 0x0C, 0x0A, 0x15, 0x0C, 0x0A,
    0x15, 0x0C, 0x0A, 0x15, 0x0C, 0x0A, 0x15, 0x0C, 0x0A, 0x15, 0x0C, 0x0A, 0x15, 0x0C, 0x0A, 0x15,
    0x0C, 0x0A, 0x15, 0x0C, 0x0A, 0x15, 0x0C, 0x0A, 0x15, 0x0C, 0x0A, 0x15, 0x0C, 0x0A, 0x15, 0x0C,
    0x0A, 0x15, 0x0C, 0x0A, 0x15, 0x0C, 0x0A, 0x15, 0x0C, 0x0A, 0x15, 0x0C, 0x0A, 0x15, 0x0C, 0x0A,
    0x15, 0x0C, 0x0A, 0x15, 0x0C, 0x0A, 0x15, 0x0C, 0x0A, 0x15, 0x0C, 0x0A, 0x15, 0x0C, 0x0A, 0x15,
    0x0C, 0x0A, 0x15, 0x0C, 0x0A, 0x15, 0x0C, 0x0A, 0x15, 0x0C, 0x0A, 0x15, 0x0C, 0x0A, 0x15, 0x0C,
    0x0A, 0x15, 0x0C, 0x0A, 0x15, 0x0C, 0x0A, 0x15, 0x51, 0x20, 0x2D, 0x58, 0x23, 0x31, 0x26, 0x10,
    0x1C, 0x0C, 0x0A, 0x15, 0x50, 0x1F, 0x2D, 0x2A, 0x11, 0x1D, 0x4F, 0x1F, 0x2C, 0x2C, 0x12, 0x1D,
    0x0C, 0x0A, 0x15, 0x0C, 0x0A, 0x15, 0x4D, 0x1E, 0x2B, 0x30, 0x13, 0x1F, 0x0C, 0x0A, 0x15, 0x4A,
    0x1D, 0x2A, 0x70, 0x2C, 0x3C, 0x65, 0x28, 0x37, 0x6F, 0x2C, 0x3C, 0x4B, 0x1D, 0x2A, 0x62, 0x27,
    0x36, 0x79, 0x30, 0x41, 0x66, 0x28, 0x37, 0x6D, 0x2B, 0x3B, 0x79, 0x30, 0x41, 0x96, 0x66, 0x6C,
    0xB0, 0x91, 0x91, 0xA5, 0x8F, 0x8E, 0xA5, 0x8F, 0x8E, 0xAC, 0x90, 0x90, 0xB7, 0x92, 0x93, 0xAC,
    0x83, 0x8B, 0x9F, 0x70, 0x81, 0xA1, 0x7D, 0x7F, 0x7F, 0x6E, 0x6D, 0xBF, 0xBB, 0xB3, 0xDA, 0xD1,
    0xC9, 0xF8, 0xF2, 0xE8, 0xE2, 0xC4, 0xC2, 0xE6, 0xCC, 0xC9, 0xEE, 0xDE, 0xD7, 0xE2, 0xC4, 0xC2,
    0xE5, 0xCB, 0xC8, 0xF1, 0xE4, 0xDD, 0xEF, 0xDF, 0xD8, 0xE5, 0xCA, 0xC7, 0xF1, 0xE4, 0xDD, 0xF1,
    0xE4, 0xDD, 0xF1, 0xE4, 0xDD, 0xF0, 0xE1, 0xDA, 0xE3, 0xC7, 0xC5, 0xF0, 0xE2, 0xDB, 0xE2, 0xC4,
    0xC2, 0xE3, 0xC6, 0xC3, 0xF1, 0xE5, 0xDD, 0xFE, 0xFE, 0xF2, 0xE0, 0xC2, 0xC0, 0x15, 0x0E, 0x18,
    0x78, 0x30, 0x41, 0x59, 0x23, 0x31, 0x57, 0x22, 0x30, 0x57, 0x21, 0x30, 0xB4, 0x8F, 0x90, 0xFC,
    0xFB, 0xEF, 0xF2, 0xE6, 0xDE, 0xF1, 0xE4, 0xDD, 0xF1, 0xE4, 0xDC, 0xF1, 0xE4, 0xDC, 0xE4, 0xC8,
    0xC5, 0xE2, 0xC4, 0xC2, 0xE2, 0xC4, 0xC2, 0xE2, 0xC4, 0xC2, 0xE2, 0xC4, 0xC2, 0xE2, 0xC4, 0xC2,
    0xE2, 0xC4, 0xC2, 0xE2, 0xC4, 0xC2, 0xEE, 0xDD, 0xD7, 0xE6, 0xCC, 0xC8, 0xE2, 0xC4, 0xC2, 0xE2,
    0xC4, 0xC2, 0xE2, 0xC4, 0xC2, 0xB9, 0xA0, 0x9F, 0xA5, 0x8F, 0x8E, 0x60, 0x53, 0x54, 0x0C, 0x0A,
    0x15, 0x0C, 0x0A, 0x15, 0x64, 0x27, 0x36, 0x4B, 0x1D, 0x2B, 0x0C, 0x0A, 0x15, 0x47, 0x1C, 0x28,
    0x58, 0x22, 0x30, 0x39, 0x17, 0x23, 0x0C, 0x0A, 0x15, 0x0C, 0x0A, 0x15, 0x0C, 0x0A, 0x15, 0x37,
    0x16, 0x22, 0x47, 0x1C, 0x28, 0x0C, 0x0A, 0x15, 0x0C, 0x0A, 0x15, 0x0C, 0x0A, 0x15, 0x0C, 0x0A,
    0x15, 0x0C, 0x0A, 0x15, 0x0C, 0x0A, 0x15, 0x2F, 0x13, 0x1F, 0x57, 0x22, 0x30, 0x4C, 0x1E, 0x2B,
    0x0C, 0x0A, 0x15, 0x0C, 0x0A, 0x15, 0x0C, 0x0A, 0x15, 0x0C, 0x0A, 0x15, 0x0C, 0x0A, 0x15, 0x0C,
    0x0A, 0x15, 0x0C, 0x0A, 0x15, 0x0C, 0x0A, 0x15, 0x0C, 0x0A, 0x15, 0x0C, 0x0A, 0x15, 0x0C, 0x0A,
    0x15, 0x0C, 0x0A, 0x15, 0x0C, 0x0A, 0x15, 0x0C, 0x0A, 0x15, 0x0C, 0x0A, 0x15, 0x0C, 0x0A, 0x15,
    0x0C, 0x0A, 0x15, 0x0C, 0x0A, 0x15, 0x0C, 0x0A, 0x15, 0x0C, 0x0A, 0x15, 0x0C, 0x0A, 0x15, 0x0C,
    0x0A, 0x15, 0x0C, 0x0A, 0x15, 0x0C, 0x0A, 0x15, 0x0C, 0x0A, 0x15, 0x0B, 0x0A, 0x15, 0x55, 0x21,
    0x2F, 0x1C, 0x0D, 0x18, 0x0B, 0x0A, 0x15, 0x53, 0x20, 0x2E, 0x21, 0x0F, 0x1A, 0x0C, 0x0A, 0x15,
    0x52, 0x20, 0x2E, 0x26, 0x10, 0x1C, 0x0C, 0x0A, 0x15, 0x6E, 0x2B, 0x3B, 0x39, 0x17, 0x23, 0x4F,
    0x1F, 0x2C, 0x2C, 0x12, 0x1D, 0x0C, 0x0A, 0x15, 0x4C, 0x1E, 0x2B, 0x58, 0x22, 0x31, 0x30, 0x13,
    0x1F, 0x0C, 0x0A, 0x15, 0x4A, 0x1D, 0x2A, 0x70, 0x2C, 0x3C, 0x79, 0x30, 0x41, 0x65, 0x28, 0x37,
    0x58, 0x22, 0x30, 0x6E, 0x2B, 0x3B, 0x66, 0x28, 0x38, 0x39, 0x16, 0x23, 0x60, 0x26, 0x34, 0x79,
    0x30, 0x41, 0x6D, 0x2B, 0x3B, 0x58, 0x22, 0x31, 0x57, 0x22, 0x30, 0x46, 0x1B, 0x28, 0x4B, 0x1D,
    0x2B, 0x79, 0x30, 0x41, 0x65, 0x27, 0x37, 0x47, 0x1C, 0x29, 0x70, 0x2C, 0x3C, 0x4A, 0x1D, 0x2A,
    0x43, 0x1A, 0x27, 0xAB, 0x92, 0x90, 0xF8, 0xF2, 0xE8, 0xE2, 0xC4, 0xC2, 0xE6, 0xCC, 0xC9, 0xEE,
    0xDE, 0xD7, 0xE2, 0xC4, 0xC2, 0xE5, 0xCB, 0xC8, 0xF1, 0xE4, 0xDD, 0xEF, 0xDF, 0xD8, 0xE5, 0xCA,
    0xC7, 0xF1, 0xE4, 0xDD, 0xF1, 0xE4, 0xDD, 0xF1, 0xE4, 0xDD, 0xF0, 0xE1, 0xDA, 0xE3, 0xC7, 0xC5,
    0xF0, 0xE2, 0xDB, 0xE2, 0xC4, 0xC2, 0xE2, 0xC4, 0xC2, 0xE3, 0xC5, 0xC3, 0xF1, 0xE5, 0xDD, 0xEF,
    0xE2, 0xDA, 0x15, 0x0F, 0x18, 0x79, 0x30, 0x41, 0x79, 0x30, 0x41, 0x13, 0x0A, 0x16, 0xB8, 0xB8,
    0xB0, 0xC9, 0xBD, 0xB6, 0xF0, 0xE3, 0xDB, 0xF1, 0xE4, 0xDD, 0xF1, 0xE5, 0xDD, 0xE3, 0xC7, 0xC5,
    0xE2, 0xC4, 0xC2, 0xE2, 0xC4, 0xC2, 0xE2, 0xC4, 0xC2, 0xE2, 0xC4, 0xC2, 0xE2, 0xC4, 0xC2, 0xE2,
    0xC4, 0xC2, 0xE2, 0xC4, 0xC2, 0xE2, 0xC4, 0xC2, 0xE2, 0xC4, 0xC2, 0xE2, 0xC4, 0xC2, 0xE2, 0xC4,
    0xC2, 0xC3, 0xA1, 0xA1, 0xB8, 0x94, 0x95, 0xAC, 0x91, 0x91, 0x5E, 0x50, 0x51, 0x0C, 0x0A, 0x15,
    0x4A, 0x1D, 0x2A, 0x33, 0x14, 0x20, 0x0C, 0x0A, 0x15, 0x64, 0x27, 0x36, 0x4B, 0x1D, 0x2B, 0x0C,
    0x0A, 0x15, 0x47, 0x1C, 0x28, 0x39, 0x17, 0x23, 0x0C, 0x0A, 0x15, 0x3A, 0x17, 0x23, 0x45, 0x1B,
    0x28, 0x0C, 0x0A, 0x15, 0x0C, 0x0A, 0x15, 0x0C, 0x0A, 0x15, 0x0C, 0x0A, 0x15, 0x0C, 0x0A, 0x15,
    0x0C, 0x0A, 0x15, 0x0C, 0x0A, 0x15, 0x32, 0x14, 0x20, 0x4B, 0x1D, 0x2A, 0x0C, 0x0A, 0x15, 0x0C,
    0x0A, 0x15, 0x0C, 0x0A, 0x15, 0x0C, 0x0A, 0x15, 0x0C, 0x0A, 0x15, 0x0C, 0x0A, 0x15, 0x0C, 0x0A,
    0x15, 0x0C, 0x0A, 0x15, 0x0C, 0x0A, 0x15, 0x0C, 0x0A, 0x15, 0x0C, 0x0A, 0x15, 0x0C, 0x0A, 0x15,
    0x0C, 0x0A, 0x15, 0x0C, 0x0A, 0x15, 0x0C, 0x0A, 0x15, 0x0C, 0x0A, 0x15, 0x0C, 0x0A, 0x15, 0x0C,
    0x0A, 0x15, 0x0C, 0x0A, 0x15, 0x0C, 0x0A, 0x15, 0x0C, 0x0A, 0x15, 0x0C, 0x0A, 0x15, 0x0C, 0x0A,
    0x15, 0x0C, 0x0A, 0x15, 0x0C, 0x0A, 0x15, 0x0C, 0x0A, 0x15, 0x0C, 0x0A, 0x15, 0x0C, 0x0A, 0x15,
    0x0B, 0x0A, 0x15, 0x57, 0x22, 0x30, 0x1C, 0x0D, 0x19, 0x0B, 0x0A, 0x15, 0x55, 0x21, 0x2F, 0x22,
    0x0F, 0x1A, 0x0C, 0x0A, 0x15, 0x0C, 0x0A, 0x15, 0x0C, 0x0A, 0x15, 0x0C, 0x0A, 0x15, 0x51, 0x20,
    0x2D, 0x2A, 0x11, 0x1D, 0x0C, 0x0A, 0x15, 0x0C, 0x0A, 0x15, 0x0C, 0x0A, 0x15, 0x4F, 0x1F, 0x2C,
    0x30, 0x13, 0x1F, 0x0C, 0x0A, 0x15, 0x0C, 0x0A, 0x15, 0x4C, 0x1E, 0x2B, 0x5A, 0x23, 0x31, 0x70,
    0x2C, 0x3C, 0x64, 0x27, 0x36, 0x58, 0x23, 0x31, 0x6F, 0x2C, 0x3C, 0x4D, 0x1E, 0x2B, 0x0C, 0x0A,
    0x15, 0x60, 0x26, 0x34, 0x79, 0x30, 0x41, 0x6D, 0x2B, 0x3B, 0x58, 0x22, 0x30, 0x67, 0x29, 0x38,
    0x6E, 0x2B, 0x3B, 0x57, 0x22, 0x30, 0x5A, 0x23, 0x31, 0x59, 0x23, 0x31, 0x63, 0x27, 0x36, 0x79,
    0x30, 0x41, 0x70, 0x2C, 0x3C, 0x61, 0x26, 0x35, 0xA5, 0x84, 0x85, 0xEE, 0xDD, 0xD7, 0xE2, 0xC4,
    0xC2, 0xE2, 0xC4, 0xC2, 0xE2, 0xC4, 0xC2, 0xE2, 0xC4, 0xC2, 0xE2, 0xC4, 0xC2, 0xE2, 0xC4, 0xC2,
    0xE2, 0xC4, 0xC2, 0xE2, 0xC4, 0xC2, 0xE2, 0xC4, 0xC2, 0xE2, 0xC4, 0xC2, 0xE2, 0xC4, 0xC2, 0xE2,
    0xC4, 0xC2, 0xE2, 0xC4, 0xC2, 0xE2, 0xC4, 0xC2, 0xE2, 0xC4, 0xC2, 0xE2, 0xC4, 0xC2, 0xE2, 0xC4,
    0xC2, 0xE2, 0xC5, 0xC3, 0xF0, 0xE3, 0xDC, 0x13, 0x0F, 0x18, 0x5A, 0x23, 0x31, 0x79, 0x30, 0x41,
    0x13, 0x09, 0x15, 0xEF, 0xE3, 0xDB, 0xF2, 0xE5, 0xDD, 0xE3, 0xC6, 0xC3, 0xE2, 0xC4, 0xC2, 0xE2,
    0xC4, 0xC2, 0xE2, 0xC4, 0xC2, 0xE2, 0xC4, 0xC2, 0xE2, 0xC4, 0xC2, 0xE2, 0xC4, 0xC2, 0xE2, 0xC4,
    0xC2, 0xE2, 0xC4, 0xC2, 0xE2, 0xC4, 0xC2, 0xE2, 0xC4, 0xC2, 0xE2, 0xC4, 0xC2, 0xB7, 0x9E, 0x9D,
    0xA9, 0x93, 0x91, 0xA9, 0x93, 0x91, 0x74, 0x51, 0x56, 0x5A, 0x23, 0x31, 0x30, 0x13, 0x1F, 0x0C,
    0x0A, 0x15, 0x0C, 0x0A, 0x15, 0x4C, 0x1E, 0x2B, 0x35, 0x15, 0x21, 0x0C, 0x0A, 0x15, 0x4A, 0x1D,
    0x2A, 0x37, 0x16, 0x22, 0x0C, 0x0A, 0x15, 0x0C, 0x0A, 0x15, 0x0C, 0x0A, 0x15, 0x43, 0x1A, 0x27,
    0x58, 0x22, 0x30, 0x47, 0x1C, 0x29, 0x0C, 0x0A, 0x15, 0x0C, 0x0A, 0x15, 0x0C, 0x0A, 0x15, 0x0C,
    0x0A, 0x15, 0x34, 0x15, 0x21, 0x48, 0x1C, 0x29, 0x0C, 0x0A, 0x15, 0x33, 0x14, 0x20, 0x4D, 0x1E,
    0x2B, 0x2F, 0x13, 0x1F, 0x4B, 0x1D, 0x2A, 0x0C, 0x0A, 0x15, 0x0C, 0x0A, 0x15, 0x0C, 0x0A, 0x15,
    0x0C, 0x0A, 0x15, 0x0C, 0x0A, 0x15, 0x0C, 0x0A, 0x15, 0x0C, 0x0A, 0x15, 0x0C, 0x0A, 0x15, 0x0C,
    0x0A, 0x15, 0x0C, 0x0A, 0x15, 0x0C, 0x0A, 0x15, 0x0C, 0x0A, 0x15, 0x0C, 0x0A, 0x15, 0x0C, 0x0A,
    0x15, 0x0C, 0x0A, 0x15, 0x0C, 0x0A, 0x15, 0x0C, 0x0A, 0x15, 0x0C, 0x0A, 0x15, 0x0C, 0x0A, 0x15,
    0x0C, 0x0A, 0x15, 0x0C, 0x0A, 0x15, 0x0C, 0x0A, 0x15, 0x0C, 0x0A, 0x15, 0x0C, 0x0A, 0x15, 0x0B,
    0x0A, 0x15, 0x53, 0x21, 0x2E, 0x17, 0x0C, 0x17, 0x0C, 0x0A, 0x15, 0x0C, 0x0A, 0x15, 0x0C, 0x0A,
    0x15, 0x0C, 0x0A, 0x15, 0x0C, 0x0A, 0x15, 0x0C, 0x0A, 0x15, 0x0C, 0x0A, 0x15, 0x0C, 0x0A, 0x15,
    0x4D, 0x1E, 0x2C, 0x27, 0x10, 0x1C, 0x0C, 0x0A, 0x15, 0x0C, 0x0A, 0x15, 0x0C, 0x0A, 0x15, 0x4B,
    0x1D, 0x2A, 0x2C, 0x12, 0x1E, 0x0C, 0x0A, 0x15, 0x0C, 0x0A, 0x15, 0x0C, 0x0A, 0x15, 0x0C, 0x0A,
    0x15, 0x47, 0x1C, 0x29, 0x6F, 0x2C, 0x3C, 0x66, 0x28, 0x38, 0x57, 0x22, 0x30, 0x6E, 0x2B, 0x3B,
    0x64, 0x27, 0x37, 0x55, 0x21, 0x2F, 0x6C, 0x2B, 0x3B, 0x79, 0x30, 0x41, 0x6E, 0x2B, 0x3B, 0x59,
    0x23, 0x31, 0x65, 0x28, 0x37, 0x6F, 0x2C, 0x3C, 0x59, 0x23, 0x31, 0x55, 0x21, 0x2F, 0x63, 0x27,
    0x36, 0x79, 0x30, 0x41, 0x79, 0x30, 0x41, 0x8E, 0x59, 0x61, 0xB4, 0x8E, 0x90, 0xBE, 0x96, 0x9B,
    0xDA, 0xB0, 0xB8, 0xE2, 0xC4, 0xC2, 0xE2, 0xC4, 0xC2, 0xE2, 0xC4, 0xC2, 0xE2, 0xC4, 0xC2, 0xE2,
    0xC4, 0xC2, 0xE2, 0xC4, 0xC2, 0xE2, 0xC4, 0xC2, 0xE2, 0xC4, 0xC2, 0xE2, 0xC4, 0xC2, 0xE2, 0xC4,
    0xC2, 0xE2, 0xC4, 0xC2, 0xE2, 0xC4, 0xC2, 0xE2, 0xC4, 0xC2, 0xE2, 0xC4, 0xC2, 0xE2, 0xC4, 0xC2,
    0xE2, 0xC4, 0xC2, 0xE2, 0xC4, 0xC2, 0xE2, 0xC3, 0xC2, 0xD5, 0xA7, 0xB3, 0x10, 0x0C, 0x17, 0x0E,
    0x0A, 0x15, 0x5A, 0x23, 0x32, 0x55, 0x21, 0x2F, 0xD5, 0xA6, 0xB3, 0xD7, 0xA8, 0xB5, 0xD7, 0xA8,
    0xB5, 0xD7, 0xA8, 0xB5, 0xD7, 0xA8, 0xB5, 0xD7, 0xA8, 0xB5, 0xE1, 0xC1, 0xC1, 0xD8, 0xAC, 0xB7,
    0xD7, 0xA8, 0xB5, 0xD7, 0xA8, 0xB5, 0xD7, 0xA8, 0xB5, 0xD7, 0xA8, 0xB5, 0xB5, 0x98, 0x9A, 0xAC,
    0x94, 0x93, 0x53, 0x47, 0x49, 0x0C, 0x0A, 0x15, 0x0C, 0x0A, 0x15, 0x0C, 0x0A, 0x15, 0x0C, 0x0A,
    0x15, 0x49, 0x1D, 0x2A, 0x2F, 0x13, 0x1F, 0x0C, 0x0A, 0x15, 0x0C, 0x0A, 0x15, 0x0C, 0x0A, 0x15,
    0x0C, 0x0A, 0x15, 0x46, 0x1B, 0x28, 0x34, 0x15, 0x21, 0x0C, 0x0A, 0x15, 0x0C, 0x0A, 0x15, 0x43,
    0x1A, 0x27, 0x59, 0x23, 0x31, 0x47, 0x1C, 0x29, 0x0C, 0x0A, 0x15, 0x36, 0x16, 0x22, 0x44, 0x1B,
    0x27, 0x0C, 0x0A, 0x15, 0x0C, 0x0A, 0x15, 0x37, 0x16, 0x22, 0x4C, 0x1D, 0x2B, 0x0C, 0x0A, 0x15,
    0x30, 0x13, 0x1F, 0x48, 0x1C, 0x29, 0x31, 0x14, 0x20, 0x4F, 0x1F, 0x2C, 0x0C, 0x0A, 0x15, 0x0C,
    0x0A, 0x15, 0x0C, 0x0A, 0x15, 0x0C, 0x0A, 0x15, 0x0C, 0x0A, 0x15, 0x0C, 0x0A, 0x15, 0x0C, 0x0A,
    0x15, 0x0C, 0x0A, 0x15, 0x0C, 0x0A, 0x15, 0x0C, 0x0A, 0x15, 0x0C, 0x0A, 0x15, 0x0C, 0x0A, 0x15,
    0x0C, 0x0A, 0x15, 0x0C, 0x0A, 0x15, 0x0C, 0x0A, 0x15, 0x0C, 0x0A, 0x15, 0x0C, 0x0A, 0x15, 0x0C,
    0x0A, 0x15, 0x0C, 0x0A, 0x15, 0x0C, 0x0A, 0x15, 0x0C, 0x0A, 0x15, 0x0C, 0x0A, 0x15, 0x0C, 0x0A,
    0x15, 0x0C, 0x0A, 0x15, 0x0B, 0x0A, 0x15, 0x5A, 0x23, 0x32, 0x19, 0x0D, 0x18, 0x0B, 0x0A, 0x15,
    0x50, 0x1F, 0x2D, 0x1C, 0x0D, 0x19, 0x0C, 0x0A, 0x15, 0x4F, 0x1F, 0x2C, 0x21, 0x0F, 0x1A, 0x0C,
    0x0A, 0x15, 0x0C, 0x0A, 0x15, 0x54, 0x21, 0x2F, 0x2A, 0x11, 0x1D, 0x0C, 0x0A, 0x15, 0x4B, 0x1D,
    0x2A, 0x29, 0x11, 0x1D, 0x51, 0x20, 0x2D, 0x30, 0x13, 0x1F, 0x49, 0x1C, 0x29, 0x2D, 0x13, 0x1E,
    0x0C, 0x0A, 0x15, 0x47, 0x1C, 0x29, 0x6F, 0x2C, 0x3C, 0x79, 0x30, 0x41, 0x49, 0x1D, 0x2A, 0x4B,
    0x1D, 0x2B, 0x6F, 0x2C, 0x3C, 0x79, 0x30, 0x41, 0x79, 0x30, 0x41, 0x79, 0x30, 0x41, 0x79, 0x30,
    0x41, 0x81, 0x43, 0x59, 0x96, 0x59, 0x76, 0xA9, 0x72, 0x82, 0xAB, 0x8B, 0x8C, 0xA0, 0x7B, 0x83,
    0x96, 0x50, 0x6B, 0x79, 0x30, 0x41, 0x79, 0x30, 0x41, 0x79, 0x30, 0x41, 0xA1, 0x77, 0x7A, 0xDF,
    0xBD, 0xBF, 0xD4, 0x9F, 0xB1, 0xCD, 0x8A, 0xA9, 0xD7, 0xA9, 0xB5, 0xD7, 0xA9, 0xB5, 0xDA, 0xAF,
    0xB8, 0xE0, 0xBF, 0xBF, 0xD9, 0xAF, 0xB8, 0xE2, 0xC4, 0xC2, 0xE2, 0xC4, 0xC2, 0xE0, 0xC0, 0xC0,
    0xD9, 0xAD, 0xB7, 0xE2, 0xC4, 0xC2, 0xE2, 0xC4, 0xC2, 0xE2, 0xC4, 0xC2, 0xE2, 0xC4, 0xC2, 0xE2,
    0xC4, 0xC2, 0xE1, 0xC2, 0xC1, 0xD7, 0xA9, 0xB5, 0xD7, 0xA9, 0xB5, 0xD7, 0xA9, 0xB5, 0xD3, 0xA1,
    0xB1, 0x12, 0x0D, 0x17, 0x53, 0x20, 0x2E, 0x0F, 0x0B, 0x16, 0x5B, 0x23, 0x32, 0xD3, 0xA0, 0xB0,
    0xC9, 0x7F, 0xA5, 0xC9, 0x7D, 0xA4, 0xD4, 0xA0, 0xB1, 0xCA, 0x80, 0xA5, 0xC9, 0x7D, 0xA4, 0xD6,
    0xA5, 0xB4, 0xD5, 0xA3, 0xB3, 0xD5, 0xA2, 0xB2, 0xA4, 0x6C, 0x87, 0x9A, 0x5F, 0x7E, 0x9A, 0x5F,
    0x7E, 0x47, 0x2A, 0x3B, 0x0C, 0x0A, 0x15, 0x4B, 0x1D, 0x2B, 0x54, 0x21, 0x2E, 0x2A, 0x11, 0x1D,
    0x0C, 0x0A, 0x15, 0x0C, 0x0A, 0x15, 0x50, 0x1F, 0x2D, 0x56, 0x22, 0x30, 0x2F, 0x13, 0x1F, 0x0C,
    0x0A, 0x15, 0x0C, 0x0A, 0x15, 0x0C, 0x0A, 0x15, 0x4C, 0x1D, 0x2B, 0x39, 0x16, 0x23, 0x0C, 0x0A,
    0x15, 0x0C, 0x0A, 0x15, 0x49, 0x1C, 0x29, 0x3C, 0x18, 0x24, 0x0C, 0x0A, 0x15, 0x0C, 0x0A, 0x15,
    0x3B, 0x17, 0x24, 0x4A, 0x1D, 0x2A, 0x0C, 0x0A, 0x15, 0x0C, 0x0A, 0x15, 0x0C, 0x0A, 0x15, 0x0C,
    0x0A, 0x15, 0x0C, 0x0A, 0x15, 0x34, 0x15, 0x21, 0x4F, 0x1F, 0x2C, 0x0C, 0x0A, 0x15, 0x0C, 0x0A,
    0x15, 0x0C, 0x0A, 0x15, 0x0C, 0x0A, 0x15, 0x0C, 0x0A, 0x15, 0x0C, 0x0A, 0x15, 0x0C, 0x0A, 0x15,
    0x0C, 0x0A, 0x15, 0x0C, 0x0A, 0x15, 0x0C, 0x0A, 0x15, 0x0C, 0x0A, 0x15, 0x0C, 0x0A, 0x15, 0x0C,
    0x0A, 0x15, 0x0C, 0x0A, 0x15, 0x0C, 0x0A, 0x15, 0x0C, 0x0A, 0x15, 0x0C, 0x0A, 0x15, 0x0C, 0x0A,
    0x15, 0x0C, 0x0A, 0x15, 0x0C, 0x0A, 0x15, 0x0C, 0x0A, 0x15, 0x0C, 0x0A, 0x15, 0x0C, 0x0A, 0x15,
    0x0C, 0x0A, 0x15, 0x0C, 0x0A, 0x15, 0x0C, 0x0A, 0x15, 0x0C, 0x0A, 0x15, 0x0C, 0x0A, 0x15, 0x0C,
    0x0A, 0x15, 0x0B, 0x0A, 0x15, 0x5A, 0x23, 0x31, 0x1F, 0x0E, 0x19, 0x0C, 0x0A, 0x15, 0x58, 0x22,
    0x30, 0x25, 0x10, 0x1B, 0x0C, 0x0A, 0x15, 0x0C, 0x0A, 0x15, 0x0C, 0x0A, 0x15, 0x0C, 0x0A, 0x15,
    0x4A, 0x1D, 0x2A, 0x5B, 0x24, 0x32, 0x2E, 0x13, 0x1E, 0x0C, 0x0A, 0x15, 0x0C, 0x0A, 0x15, 0x51,
    0x20, 0x2D, 0x33, 0x14, 0x20, 0x0C, 0x0A, 0x15, 0x67, 0x28, 0x38, 0x67, 0x28, 0x38, 0x71, 0x2D,
    0x3D, 0x62, 0x26, 0x35, 0x52, 0x20, 0x2E, 0x6D, 0x2B, 0x3B, 0x69, 0x29, 0x39, 0x6F, 0x2C, 0x3C,
    0x79, 0x30, 0x41, 0x6A, 0x2A, 0x39, 0x95, 0x56, 0x73, 0xC9, 0x7D, 0xA4, 0xC5, 0x89, 0xA1, 0xBE,
    0x9A, 0x9B, 0xB8, 0x8A, 0x94, 0x9D, 0x57, 0x73, 0x79, 0x30, 0x41, 0x79, 0x30, 0x41, 0x79, 0x30,
    0x41, 0x9D, 0x68, 0x74, 0xD4, 0x9F, 0xB1, 0xC9, 0x7D, 0xA4, 0xC9, 0x7D, 0xA4, 0xCC, 0x87, 0xA7,
    0xD2, 0x9A, 0xAF, 0xCC, 0x88, 0xA8, 0xD7, 0xA8, 0xB5, 0xD5, 0xA3, 0xB3, 0xD8, 0xAA, 0xB6, 0xD9,
    0xAF, 0xB8, 0xE0, 0xBF, 0xC0, 0xD5, 0xA2, 0xB2, 0xD8, 0xAA, 0xB6, 0xD8, 0xAA, 0xB6, 0xD9, 0xAD,
    0xB7, 0xE1, 0xC2, 0xC1, 0xD8, 0xAA, 0xB6, 0xD7, 0xA8, 0xB5, 0xC9, 0x7D, 0xA4, 0xC9, 0x7D, 0xA4,
    0xC9, 0x7F, 0xA5, 0xD6, 0xA9, 0xB4, 0x18, 0x10, 0x1A, 0xA1, 0x5B, 0x78, 0x16, 0x0E, 0x19, 0x0A,
    0x08, 0x14, 0xDF, 0xC2, 0xC0, 0xCA, 0x81, 0xA5, 0xC9, 0x7D, 0xA4, 0xD7, 0xA8, 0xB5, 0xD5, 0xA2,
    0xB2, 0xCA, 0x81, 0xA5, 0xAF, 0x67, 0x88, 0xBC, 0x95, 0x99, 0xB2, 0x98, 0x97, 0x49, 0x3E, 0x40,
    0x0C, 0x0A, 0x15, 0x0C, 0x0A, 0x15, 0x0C, 0x0A, 0x15, 0x0C, 0x0A, 0x15, 0x54, 0x21, 0x2F, 0x5D,
    0x24, 0x33, 0x2F, 0x13, 0x1F, 0x0C, 0x0A, 0x15, 0x0C, 0x0A, 0x15, 0x0C, 0x0A, 0x15, 0x50, 0x1F,
    0x2D, 0x34, 0x15, 0x21, 0x0C, 0x0A, 0x15, 0x0C, 0x0A, 0x15, 0x44, 0x1B, 0x27, 0x32, 0x14, 0x20,
    0x0C, 0x0A, 0x15, 0x42, 0x1A, 0x27, 0x34, 0x15, 0x21, 0x0C, 0x0A, 0x15, 0x0C, 0x0A, 0x15, 0x0C,
    0x0A, 0x15, 0x0C, 0x0A, 0x15, 0x0C, 0x0A, 0x15, 0x34, 0x15, 0x21, 0x43, 0x1A, 0x27, 0x0C, 0x0A,
    0x15, 0x0C, 0x0A, 0x15, 0x0C, 0x0A, 0x15, 0x0C, 0x0A, 0x15, 0x0C, 0x0A, 0x15, 0x0C, 0x0A, 0x15,
    0x0C, 0x0A, 0x15, 0x0C, 0x0A, 0x15, 0x0C, 0x0A, 0x15, 0x0C, 0x0A, 0x15, 0x0C, 0x0A, 0x15, 0x0C,
    0x0A, 0x15, 0x0C, 0x0A, 0x15, 0x0C, 0x0A, 0x15, 0x0C, 0x0A, 0x15, 0x0C, 0x0A, 0x15, 0x0C, 0x0A,
    0x15, 0x0C, 0x0A, 0x15, 0x0C, 0x0A, 0x15, 0x0C, 0x0A, 0x15, 0x0C, 0x0A, 0x15, 0x0C, 0x0A, 0x15,
    0x0C, 0x0A, 0x15, 0x0C, 0x0A, 0x15, 0x0C, 0x0A, 0x15, 0x0C, 0x0A, 0x15, 0x0C, 0x0A, 0x15, 0x0C,
    0x0A, 0x15, 0x0C, 0x0A, 0x15, 0x0C, 0x0A, 0x15, 0x0C, 0x0A, 0x15, 0x0C, 0x0A, 0x15, 0x0C, 0x0A,
    0x15, 0x0C, 0x0A, 0x15, 0x0C, 0x0A, 0x15, 0x0C, 0x0A, 0x15, 0x0C, 0x0A, 0x15, 0x0C, 0x0A, 0x15,
    0x0C, 0x0A, 0x15, 0x0C, 0x0A, 0x15, 0x0C, 0x0A, 0x15, 0x0C, 0x0A, 0x15, 0x0C, 0x0A, 0x15, 0x0C,
    0x0A, 0x15, 0x0C, 0x0A, 0x15, 0x55, 0x21, 0x2F, 0x2D, 0x13, 0x1E, 0x0C, 0x0A, 0x15, 0x48, 0x1C,
    0x29, 0x2A, 0x11, 0x1D, 0x0C, 0x0A, 0x15, 0x0C, 0x0A, 0x15, 0x0C, 0x0A, 0x15, 0x67, 0x28, 0x38,
    0x60, 0x26, 0x34, 0x6E, 0x2B, 0x3B, 0x79, 0x30, 0x41, 0x79, 0x30, 0x41, 0x69, 0x29, 0x39, 0x3C,
    0x17, 0x24, 0x61, 0x26, 0x35, 0x6A, 0x2A, 0x39, 0x57, 0x22, 0x30, 0x81, 0x46, 0x5E, 0xA7, 0x64,
    0x84, 0x91, 0x53, 0x6E, 0x79, 0x30, 0x41, 0x79, 0x30, 0x41, 0x79, 0x30, 0x41, 0x79, 0x30, 0x41,
    0x79, 0x30, 0x41, 0x79, 0x30, 0x41, 0x9B, 0x63, 0x72, 0xD4, 0xA0, 0xB1, 0xD4, 0xA0, 0xB1, 0xD4,
    0xA0, 0xB1, 0xD7, 0xA9, 0xB6, 0xDF, 0xBD, 0xBE, 0xD4, 0xA0, 0xB1, 0xD7, 0xA8, 0xB5, 0xDF, 0xBE,
    0xBF, 0xD4, 0xA0, 0xB1, 0xD6, 0xA7, 0xB4, 0xE2, 0xC4, 0xC2, 0xE0, 0xBF, 0xC0, 0xD4, 0xA0, 0xB1,
    0xD4, 0xA0, 0xB1, 0xD5, 0xA4, 0xB3, 0xE1, 0xC1, 0xC1, 0xD4, 0xA0, 0xB1, 0xD4, 0xA0, 0xB1, 0xD4,
    0xA0, 0xB1, 0xD4, 0xA0, 0xB1, 0xD4, 0xA0, 0xB1, 0xD2, 0x9F, 0xB0, 0x1D, 0x15, 0x1F, 0xD3, 0x9F,
    0xB0, 0x1C, 0x14, 0x1D, 0x50, 0x1F, 0x2C, 0xE0, 0xC2, 0xC0, 0xD5, 0xA1, 0xB2, 0xD4, 0xA0, 0xB1,
    0xD4, 0xA0, 0xB1, 0xD8, 0xAA, 0xB6, 0xB2, 0x6E, 0x8B, 0x80, 0x38, 0x4C, 0x62, 0x26, 0x35, 0x24,
    0x10, 0x1B, 0x4B, 0x1D, 0x2B, 0x51, 0x20, 0x2D, 0x23, 0x0F, 0x1B, 0x0C, 0x0A, 0x15, 0x49, 0x1D,
    0x2A, 0x51, 0x20, 0x2D, 0x27, 0x11, 0x1C, 0x0C, 0x0A, 0x15, 0x0C, 0x0A, 0x15, 0x0C, 0x0A, 0x15,
    0x0C, 0x0A, 0x15, 0x0C, 0x0A, 0x15, 0x0C, 0x0A, 0x15, 0x0C, 0x0A, 0x15, 0x0C, 0x0A, 0x15, 0x4E,
    0x1E, 0x2C, 0x56, 0x22, 0x30, 0x32, 0x14, 0x20, 0x4C, 0x1E, 0x2B, 0x3C, 0x18, 0x24, 0x0C, 0x0A,
    0x15, 0x0C, 0x0A, 0x15, 0x0C, 0x0A, 0x15, 0x35, 0x15, 0x21, 0x51, 0x20, 0x2D, 0x56, 0x22, 0x30,
    0x4C, 0x1E, 0x2B, 0x0C, 0x0A, 0x15, 0x0C, 0x0A, 0x15, 0x0C, 0x0A, 0x15, 0x0C, 0x0A, 0x15, 0x0C,
    0x0A, 0x15, 0x0C, 0x0A, 0x15, 0x0C, 0x0A, 0x15, 0x0C, 0x0A, 0x15, 0x0C, 0x0A, 0x15, 0x29, 0x11,
    0x1D, 0x48, 0x1C, 0x29, 0x0C, 0x0A, 0x15, 0x0C, 0x0A, 0x15, 0x0C, 0x0A, 0x15, 0x0C, 0x0A, 0x15,
    0x0C, 0x0A, 0x15, 0x0C, 0x0A, 0x15, 0x0C, 0x0A, 0x15, 0x0C, 0x0A, 0x15, 0x0C, 0x0A, 0x15, 0x0C,
    0x0A, 0x15, 0x0C, 0x0A, 0x15, 0x0C, 0x0A, 0x15, 0x0C, 0x0A, 0x15, 0x0C, 0x0A, 0x15, 0x0C, 0x0A,
    0x15, 0x0C, 0x0A, 0x15, 0x0C, 0x0A, 0x15, 0x0C, 0x0A, 0x15, 0x0C, 0x0A, 0x15, 0x0C, 0x0A, 0x15,
    0x0C, 0x0A, 0x15, 0x4F, 0x1F, 0x2C, 0x14, 0x0C, 0x17, 0x0C, 0x0A, 0x15, 0x0C, 0x0A, 0x15, 0x0C,
    0x0A, 0x15, 0x0C, 0x0A, 0x15, 0x4C, 0x1E, 0x2B, 0x1E, 0x0E, 0x19, 0x0C, 0x0A, 0x15, 0x4A, 0x1D,
    0x2A, 0x22, 0x0F, 0x1A, 0x0C, 0x0A, 0x15, 0x0C, 0x0A, 0x15, 0x0C, 0x0A, 0x15, 0x0C, 0x0A, 0x15,
    0x0C, 0x0A, 0x15, 0x54, 0x21, 0x2F, 0x31, 0x14, 0x20, 0x0C, 0x0A, 0x15, 0x0C, 0x0A, 0x15, 0x0C,
    0x0A, 0x15, 0x67, 0x28, 0x38, 0x68, 0x29, 0x38, 0x5F, 0x25, 0x34, 0x5F, 0x25, 0x34, 0x71, 0x2D,
    0x3D, 0x61, 0x26, 0x35, 0x50, 0x1F, 0x2D, 0x6B, 0x2A, 0x3A, 0x4F, 0x1F, 0x2C, 0x89, 0x6A, 0x6C,
    0xAE, 0x87, 0x89, 0xA6, 0x85, 0x87, 0xA1, 0x85, 0x85, 0xAE, 0x87, 0x89, 0xAE, 0x87, 0x89, 0x9E,
    0x72, 0x76, 0x88, 0x41, 0x57, 0x95, 0x4F, 0x69, 0x79, 0x30, 0x41, 0xA7, 0x85, 0x86, 0xEE, 0xDF,
    0xD8, 0xEB, 0xD8, 0xD2, 0xE2, 0xC4, 0xC2, 0xE2, 0xC4, 0xC2, 0xE2, 0xC4, 0xC2, 0xE2, 0xC4, 0xC2,
    0xE2, 0xC4, 0xC2, 0xE2, 0xC4, 0xC2, 0xE2, 0xC4, 0xC2, 0xE2, 0xC4, 0xC2, 0xE2, 0xC4, 0xC2, 0xE2,
    0xC4, 0xC2, 0xE2, 0xC4, 0xC2, 0xE2, 0xC4, 0xC2, 0xE2, 0xC4, 0xC2, 0xE2, 0xC4, 0xC2, 0xE2, 0xC4,
    0xC2, 0xE2, 0xC4, 0xC2, 0xE2, 0xC4, 0xC2, 0xE2, 0xC4, 0xC2, 0xE2, 0xC5, 0xC3, 0xEC, 0xDD, 0xD6,
    0x21, 0x1E, 0x23, 0xED, 0xDD, 0xD7, 0x20, 0x1D, 0x22, 0xBD, 0xAD, 0xA7, 0xED, 0xDD, 0xD7, 0xEF,
    0xDF, 0xD8, 0xC3, 0xA2, 0xA1, 0xB4, 0x9B, 0x9A, 0xAF, 0x6C, 0x89, 0x7F, 0x38, 0x4B, 0x79, 0x30,
    0x41, 0x56, 0x22, 0x30, 0x50, 0x1F, 0x2D, 0x5D, 0x24, 0x33, 0x75, 0x2E, 0x3F, 0x35, 0x15, 0x21,
    0x0C, 0x0A, 0x15, 0x56, 0x22, 0x30, 0x74, 0x2E, 0x3F, 0x3B, 0x17, 0x24, 0x0C, 0x0A, 0x15, 0x46,
    0x1B, 0x28, 0x2A, 0x11, 0x1D, 0x0C, 0x0A, 0x15, 0x0C, 0x0A, 0x15, 0x44, 0x1B, 0x27, 0x2E, 0x13,
    0x1E, 0x0C, 0x0A, 0x15, 0x0C, 0x0A, 0x15, 0x64, 0x27, 0x36, 0x4B, 0x1D, 0x2B, 0x0C, 0x0A, 0x15,
    0x0C, 0x0A, 0x15, 0x3F, 0x19, 0x25, 0x34, 0x15, 0x21, 0x0C, 0x0A, 0x15, 0x3E, 0x18, 0x25, 0x6A,
    0x2A, 0x39, 0x61, 0x26, 0x35, 0x0C, 0x0A, 0x15, 0x31, 0x14, 0x1F, 0x42, 0x1A, 0x26, 0x0C, 0x0A,
    0x15, 0x0C, 0x0A, 0x15, 0x0C, 0x0A, 0x15, 0x2C, 0x12, 0x1E, 0x45, 0x1B, 0x28, 0x0C, 0x0A, 0x15,
    0x0C, 0x0A, 0x15, 0x30, 0x13, 0x1F, 0x55, 0x21, 0x2F, 0x0C, 0x0A, 0x15, 0x0C, 0x0A, 0x15, 0x0C,
    0x0A, 0x15, 0x0C, 0x0A, 0x15, 0x0C, 0x0A, 0x15, 0x0C, 0x0A, 0x15, 0x0C, 0x0A, 0x15, 0x0C, 0x0A,
    0x15, 0x0C, 0x0A, 0x15, 0x0C, 0x0A, 0x15, 0x0C, 0x0A, 0x15, 0x0C, 0x0A, 0x15, 0x0C, 0x0A, 0x15,
    0x0C, 0x0A, 0x15, 0x0C, 0x0A, 0x15, 0x0C, 0x0A, 0x15, 0x0C, 0x0A, 0x15, 0x0C, 0x0A, 0x15, 0x0C,
    0x0A, 0x15, 0x0C, 0x0A, 0x15, 0x0B, 0x0A, 0x15, 0x5F, 0x25, 0x34, 0x17, 0x0C, 0x17, 0x0C, 0x0A,
    0x15, 0x0C, 0x0A, 0x15, 0x0C, 0x0A, 0x15, 0x0B, 0x0A, 0x15, 0x5B, 0x24, 0x32, 0x24, 0x10, 0x1B,
    0x0C, 0x0A, 0x15, 0x59, 0x23, 0x31, 0x29, 0x11, 0x1D, 0x0C, 0x0A, 0x15, 0x0C, 0x0A, 0x15, 0x47,
    0x1C, 0x29, 0x26, 0x10, 0x1B, 0x0C, 0x0A, 0x15, 0x0C, 0x0A, 0x15, 0x0C, 0x0A, 0x15, 0x0C, 0x0A,
    0x15, 0x0C, 0x0A, 0x15, 0x0C, 0x0A, 0x15, 0x51, 0x20, 0x2D, 0x38, 0x16, 0x22, 0x0C, 0x0A, 0x15,
    0x0C, 0x0A, 0x15, 0x4E, 0x1F, 0x2C, 0x71, 0x2D, 0x3D, 0x79, 0x30, 0x41, 0x6B, 0x2A, 0x3A, 0x3F,
    0x19, 0x25, 0xAB, 0x88, 0x91, 0xDC, 0xB6, 0xBC, 0xE2, 0xC4, 0xC2, 0xE2, 0xC4, 0xC2, 0xE2, 0xC4,
    0xC2, 0xE2, 0xC4, 0xC2, 0xC2, 0xA3, 0xA3, 0x94, 0x64, 0x72, 0xC5, 0x8D, 0xA1, 0x8F, 0x4D, 0x67,
    0xA5, 0x96, 0x92, 0xFF, 0xFF, 0xF3, 0xF8, 0xF1, 0xE7, 0xE2, 0xC4, 0xC2, 0xE2, 0xC4, 0xC2, 0xE2,
    0xC4, 0xC2, 0xE2, 0xC4, 0xC2, 0xE2, 0xC4, 0xC2, 0xE2, 0xC4, 0xC2, 0xE2, 0xC4, 0xC2, 0xE2, 0xC4,
    0xC2, 0xE2, 0xC4, 0xC2, 0xE2, 0xC4, 0xC2, 0xE2, 0xC4, 0xC2, 0xE2, 0xC4, 0xC2, 0xE2, 0xC4, 0xC2,
    0xE2, 0xC4, 0xC2, 0xE2, 0xC4, 0xC2, 0xE2, 0xC4, 0xC2, 0xE2, 0xC4, 0xC2, 0xE2, 0xC5, 0xC3, 0xEF,
    0xDF, 0xD8, 0xFD, 0xFD, 0xF1, 0x23, 0x23, 0x26, 0xFE, 0xFE, 0xF2, 0x23, 0x22, 0x26, 0xEA, 0xD6,
    0xD7, 0xD8, 0xCE, 0xC6, 0xD7, 0xCE, 0xC6, 0x80, 0x45, 0x4F, 0x20, 0x0F, 0x1A, 0x75, 0x2E, 0x3F,
    0x79, 0x30, 0x41, 0x79, 0x30, 0x41, 0x79, 0x30, 0x41, 0x64, 0x27, 0x36, 0x27, 0x10, 0x1C, 0x70,
    0x2C, 0x3C, 0x35, 0x15, 0x21, 0x0C, 0x0A, 0x15, 0x0C, 0x0A, 0x15, 0x56, 0x22, 0x30, 0x2F, 0x13,
    0x1F, 0x0C, 0x0A, 0x15, 0x55, 0x21, 0x2F, 0x33, 0x14, 0x20, 0x0C, 0x0A, 0x15, 0x0C, 0x0A, 0x15,
    0x52, 0x20, 0x2E, 0x37, 0x16, 0x22, 0x42, 0x1A, 0x26, 0x2F, 0x13, 0x1F, 0x4F, 0x1F, 0x2C, 0x55,
    0x21, 0x2F, 0x4F, 0x1F, 0x2C, 0x4F, 0x1F, 0x2C, 0x6B, 0x2A, 0x3A, 0x50, 0x1F, 0x2D, 0x0C, 0x0A,
    0x15, 0x0C, 0x0A, 0x15, 0x4E, 0x1F, 0x2C, 0x61, 0x26, 0x35, 0x0C, 0x0A, 0x15, 0x3B, 0x17, 0x23,
    0x4F, 0x1F, 0x2C, 0x0C, 0x0A, 0x15, 0x0C, 0x0A, 0x15, 0x0C, 0x0A, 0x15, 0x35, 0x15, 0x21, 0x53,
    0x20, 0x2E, 0x2A, 0x11, 0x1D, 0x45, 0x1B, 0x28, 0x0C, 0x0A, 0x15, 0x0C, 0x0A, 0x15, 0x0C, 0x0A,
    0x15, 0x0C, 0x0A, 0x15, 0x0C, 0x0A, 0x15, 0x0C, 0x0A, 0x15, 0x0C, 0x0A, 0x15, 0x0C, 0x0A, 0x15,
    0x0C, 0x0A, 0x15, 0x0C, 0x0A, 0x15, 0x0C, 0x0A, 0x15, 0x0C, 0x0A, 0x15, 0x0C, 0x0A, 0x15, 0x0C,
    0x0A, 0x15, 0x0C, 0x0A, 0x15, 0x0C, 0x0A, 0x15, 0x0C, 0x0A, 0x15, 0x0C, 0x0A, 0x15, 0x0C, 0x0A,
    0x15, 0x0C, 0x0A, 0x15, 0x0C, 0x0A, 0x15, 0x0C, 0x0A, 0x15, 0x0C, 0x0A, 0x15, 0x0C, 0x0A, 0x15,
    0x0C, 0x0A, 0x15, 0x0C, 0x0A, 0x15, 0x0C, 0x0A, 0x15, 0x0C, 0x0A, 0x15, 0x0C, 0x0A, 0x15, 0x0C,
    0x0A, 0x15, 0x0C, 0x0A, 0x15, 0x0C, 0x0A, 0x15, 0x0C, 0x0A, 0x15, 0x0C, 0x0A, 0x15, 0x0C, 0x0A,
    0x15, 0x0C, 0x0A, 0x15, 0x57, 0x22, 0x30, 0x2F, 0x13, 0x1F, 0x0C, 0x0A, 0x15, 0x0C, 0x0A, 0x15,
    0x0C, 0x0A, 0x15, 0x0C, 0x0A, 0x15, 0x0C, 0x0A, 0x15, 0x42, 0x1A, 0x27, 0x2C, 0x12, 0x1E, 0x0C,
    0x0A, 0x15, 0x0C, 0x0A, 0x15, 0x0C, 0x0A, 0x15, 0x0C, 0x0A, 0x15, 0x62, 0x27, 0x36, 0x79, 0x30,
    0x41, 0x4E, 0x1F, 0x2C, 0x3D, 0x18, 0x24, 0xAC, 0x7D, 0x8D, 0xD9, 0xAE, 0xB8, 0xE2, 0xC4, 0xC2,
    0xE7, 0xCE, 0xCA, 0xE9, 0xD4, 0xCF, 0xE2, 0xC4, 0xC2, 0xBF, 0xA3, 0xA2, 0x96, 0x79, 0x7A, 0xD4,
    0xAD, 0xB2, 0x9A, 0x59, 0x76, 0x9F, 0x96, 0x90, 0xFF, 0xFF, 0xF3, 0xF8, 0xF1, 0xE7, 0xE2, 0xC4,
    0xC2, 0xE2, 0xC4, 0xC2, 0xE2, 0xC4, 0xC2, 0xE2, 0xC4, 0xC2, 0xE2, 0xC4, 0xC2, 0xE2, 0xC4, 0xC2,
    0xE2, 0xC4, 0xC2, 0xE2, 0xC4, 0xC2, 0xE2, 0xC4, 0xC2, 0xE2, 0xC4, 0xC2, 0xE2, 0xC4, 0xC2, 0xE2,
    0xC4, 0xC2, 0xE2, 0xC4, 0xC2, 0xE2, 0xC4, 0xC2, 0xE2, 0xC4, 0xC2, 0xE2, 0xC4, 0xC2, 0xE2, 0xC4,
    0xC2, 0xE3, 0xC6, 0xC3, 0xF5, 0xEB, 0xE2, 0xFD, 0xFD, 0xF1, 0x53, 0x2A, 0x34, 0xEB, 0xD8, 0xD8,
    0x85, 0x53, 0x6D, 0xAF, 0x67, 0x88, 0x7B, 0x33, 0x44, 0x79, 0x30, 0x41, 0x9D, 0x56, 0x72, 0x55,
    0x25, 0x33, 0x9A, 0x55, 0x70, 0x7D, 0x35, 0x47, 0x79, 0x30, 0x41, 0x79, 0x30, 0x41, 0x55, 0x21,
    0x2F, 0x20, 0x0E, 0x1A, 0x70, 0x2C, 0x3C, 0x35, 0x15, 0x21, 0x0C, 0x0A, 0x15, 0x0C, 0x0A, 0x15,
    0x46, 0x1B, 0x28, 0x26, 0x10, 0x1B, 0x0C, 0x0A, 0x15, 0x0C, 0x0A, 0x15, 0x0C, 0x0A, 0x15, 0x0C,
    0x0A, 0x15, 0x0C, 0x0A, 0x15, 0x0C, 0x0A, 0x15, 0x0C, 0x0A, 0x15, 0x51, 0x20, 0x2D, 0x55, 0x21,
    0x2F, 0x4E, 0x1E, 0x2C, 0x6C, 0x2B, 0x3A, 0x6B, 0x2A, 0x3A, 0x61, 0x26, 0x35, 0x61, 0x26, 0x35,
    0x56, 0x22, 0x30, 0x3C, 0x18, 0x24, 0x0C, 0x0A, 0x15, 0x3E, 0x18, 0x25, 0x4E, 0x1E, 0x2C, 0x30,
    0x13, 0x1F, 0x3F, 0x19, 0x25, 0x0C, 0x0A, 0x15, 0x0C, 0x0A, 0x15, 0x0C, 0x0A, 0x15, 0x0C, 0x0A,
    0x15, 0x2B, 0x12, 0x1D, 0x43, 0x1A, 0x27, 0x34, 0x15, 0x20, 0x55, 0x21, 0x2F, 0x0C, 0x0A, 0x15,
    0x0C, 0x0A, 0x15, 0x0C, 0x0A, 0x15, 0x0C, 0x0A, 0x15, 0x0C, 0x0A, 0x15, 0x0C, 0x0A, 0x15, 0x0C,
    0x0A, 0x15, 0x0C, 0x0A, 0x15, 0x0C, 0x0A, 0x15, 0x0C, 0x0A, 0x15, 0x0C, 0x0A, 0x15, 0x0C, 0x0A,
    0x15, 0x0C, 0x0A, 0x15, 0x0C, 0x0A, 0x15, 0x0C, 0x0A, 0x15, 0x0C, 0x0A, 0x15, 0x0C, 0x0A, 0x15,
    0x0C, 0x0A, 0x15, 0x0C, 0x0A, 0x15, 0x0C, 0x0A, 0x15, 0x0C, 0x0A, 0x15, 0x0C, 0x0A, 0x15, 0x0C,
    0x0A, 0x15, 0x0C, 0x0A, 0x15, 0x0C, 0x0A, 0x15, 0x0C, 0x0A, 0x15, 0x0C, 0x0A, 0x15, 0x0C, 0x0A,
    0x15, 0x0C, 0x0A, 0x15, 0x0C, 0x0A, 0x15, 0x0C, 0x0A, 0x15, 0x0C, 0x0A, 0x15, 0x0C, 0x0A, 0x15,
    0x0C, 0x0A, 0x15, 0x0C, 0x0A, 0x15, 0x0C, 0x0A, 0x15, 0x0C, 0x0A, 0x15, 0x0C, 0x0A, 0x15, 0x0C,
    0x0A, 0x15, 0x0C, 0x0A, 0x15, 0x0C, 0x0A, 0x15, 0x0C, 0x0A, 0x15, 0x0C, 0x0A, 0x15, 0x54, 0x21,
    0x2F, 0x38, 0x16, 0x22, 0x0C, 0x0A, 0x15, 0x3F, 0x19, 0x25, 0x2E, 0x13, 0x1E, 0x0C, 0x0A, 0x15,
    0x62, 0x27, 0x36, 0x6B, 0x2A, 0x3A, 0x56, 0x21, 0x2F, 0x6A, 0x2A, 0x39, 0xA2, 0x81, 0x82, 0xCB,
    0xB0, 0xAE, 0xE2, 0xC4, 0xC2, 0xE9, 0xD4, 0xCF, 0xEE, 0xDE, 0xD7, 0xE2, 0xC4, 0xC2, 0xC2, 0xA3,
    0xA3, 0x9C, 0x7B, 0x7D, 0xC8, 0xA7, 0xA7, 0x79, 0x30, 0x41, 0xAA, 0x8D, 0x8C, 0xF5, 0xEB, 0xE3,
    0xF0, 0xE2, 0xDA, 0xE2, 0xC4, 0xC2, 0xE2, 0xC4, 0xC2, 0xE2, 0xC4, 0xC2, 0xE2, 0xC4, 0xC2, 0xE2,
    0xC4, 0xC2, 0xE2, 0xC4, 0xC2, 0xE2, 0xC4, 0xC2, 0xE2, 0xC4, 0xC2, 0xE2, 0xC4, 0xC2, 0xE2, 0xC4,
    0xC2, 0xE2, 0xC4, 0xC2, 0xE2, 0xC4, 0xC2, 0xE2, 0xC4, 0xC2, 0xE2, 0xC4, 0xC2, 0xE2, 0xC4, 0xC2,
    0xE1, 0xC3, 0xC1, 0xD9, 0xAE, 0xB8, 0xD8, 0xAE, 0xB7, 0xC4, 0xA3, 0xA3, 0xD9, 0xD0, 0xC8, 0x9E,
    0x58, 0x74, 0xC9, 0x7D, 0xA4, 0xB1, 0x69, 0x8A, 0x7A, 0x32, 0x43, 0x79, 0x30, 0x41, 0x79, 0x2F,
    0x40, 0xC6, 0x7B, 0xA1, 0x80, 0x38, 0x4C, 0xC5, 0x79, 0x9F, 0x83, 0x3C, 0x51, 0x79, 0x30, 0x41,
    0x79, 0x30, 0x41, 0x79, 0x30, 0x41, 0x31, 0x14, 0x20, 0x70, 0x2C, 0x3C, 0x35, 0x15, 0x21, 0x0C,
    0x0A, 0x15, 0x0C, 0x0A, 0x15, 0x6D, 0x2B, 0x3B, 0x3B, 0x17, 0x24, 0x0C, 0x0A, 0x15, 0x0C, 0x0A,
    0x15, 0x0C, 0x0A, 0x15, 0x0C, 0x0A, 0x15, 0x0C, 0x0A, 0x15, 0x0C, 0x0A, 0x15, 0x0C, 0x0A, 0x15,
    0x0C, 0x0A, 0x15, 0x51, 0x20, 0x2D, 0x72, 0x2D, 0x3D, 0x79, 0x30, 0x41, 0x4D, 0x1E, 0x2B, 0x3D,
    0x18, 0x24, 0x4C, 0x1E, 0x2B, 0x84, 0x46, 0x5E, 0x7B, 0x43, 0x5A, 0x0C, 0x0A, 0x15, 0x31, 0x14,
    0x1F, 0x3D, 0x18, 0x24, 0x4C, 0x1E, 0x2B, 0x63, 0x27, 0x36, 0x2E, 0x13, 0x1E, 0x3F, 0x19, 0x25,
    0x0C, 0x0A, 0x15, 0x0C, 0x0A, 0x15, 0x44, 0x1B, 0x27, 0x69, 0x29, 0x39, 0x0C, 0x0A, 0x15, 0x0C,
    0x0A, 0x15, 0x0C, 0x0A, 0x15, 0x0C, 0x0A, 0x15, 0x0C, 0x0A, 0x15, 0x0C, 0x0A, 0x15, 0x0C, 0x0A,
    0x15, 0x0C, 0x0A, 0x15, 0x0C, 0x0A, 0x15, 0x0C, 0x0A, 0x15, 0x0C, 0x0A, 0x15, 0x0C, 0x0A, 0x15,
    0x0C, 0x0A, 0x15, 0x0C, 0x0A, 0x15, 0x0C, 0x0A, 0x15, 0x0C, 0x0A, 0x15, 0x0C, 0x0A, 0x15, 0x0C,
    0x0A, 0x15, 0x0C, 0x0A, 0x15, 0x0C, 0x0A, 0x15, 0x0C, 0x0A, 0x15, 0x0C, 0x0A, 0x15, 0x0C, 0x0A,
    0x15, 0x0C, 0x0A, 0x15, 0x0C, 0x0A, 0x15, 0x0C, 0x0A, 0x15, 0x0C, 0x0A, 0x15, 0x0C, 0x0A, 0x15,
    0x0C, 0x0A, 0x15, 0x0C, 0x0A, 0x15, 0x0C, 0x0A, 0x15, 0x0C, 0x0A, 0x15, 0x0C, 0x0A, 0x15, 0x0C,
    0x0A, 0x15, 0x0C, 0x0A, 0x15, 0x0C, 0x0A, 0x15, 0x0C, 0x0A, 0x15, 0x0C, 0x0A, 0x15, 0x0C, 0x0A,
    0x15, 0x0C, 0x0A, 0x15, 0x43, 0x1A, 0x27, 0x26, 0x10, 0x1B, 0x0C, 0x0A, 0x15, 0x0C, 0x0A, 0x15,
    0x0C, 0x0A, 0x15, 0x0C, 0x0A, 0x15, 0x0C, 0x0A, 0x15, 0x0C, 0x0A, 0x15, 0x52, 0x20, 0x2E, 0x3C,
    0x17, 0x24, 0x0C, 0x0A, 0x15, 0x62, 0x27, 0x36, 0x60, 0x25, 0x34, 0x6A, 0x2A, 0x39, 0x79, 0x30,
    0x41, 0x7C, 0x43, 0x5A, 0xB0, 0x8D, 0x95, 0xE2, 0xC4, 0xC2, 0xE2, 0xC4, 0xC2, 0xE2, 0xC4, 0xC2,
    0xE2, 0xC4, 0xC2, 0xBF, 0xA3, 0xA2, 0x90, 0x6C, 0x74, 0xC8, 0x9A, 0xA6, 0x8D, 0x4B, 0x64, 0x97,
    0x74, 0x77, 0xE2, 0xC4, 0xC2, 0xE2, 0xC4, 0xC2, 0xE2, 0xC4, 0xC2, 0xE2, 0xC4, 0xC2, 0xE2, 0xC4,
    0xC2, 0xE2, 0xC4, 0xC2, 0xE2, 0xC4, 0xC2, 0xE2, 0xC4, 0xC2, 0xE2, 0xC4, 0xC2, 0xE2, 0xC4, 0xC2,
    0xE2, 0xC4, 0xC2, 0xE2, 0xC4, 0xC2, 0xE2, 0xC4, 0xC2, 0xE2, 0xC4, 0xC2, 0xE1, 0xC2, 0xC1, 0xD8,
    0xAE, 0xB6, 0xC7, 0xA4, 0xA5, 0xD7, 0xAC, 0xB6, 0xB3, 0x6A, 0x8C, 0xC8, 0x7C, 0xA3, 0x9B, 0x54,
    0x70, 0x7B, 0x33, 0x45, 0xC9, 0x7D, 0xA4, 0xC9, 0x7D, 0xA4, 0x65, 0x29, 0x39, 0x79, 0x30, 0x41,
    0x79, 0x30, 0x41, 0x9A, 0x54, 0x70, 0xB1, 0x69, 0x8A, 0x7D, 0x35, 0x48, 0xC5, 0x79, 0x9F, 0x83,
    0x3C, 0x51, 0x79, 0x30, 0x41, 0x79, 0x30, 0x41, 0x66, 0x28, 0x38, 0x28, 0x11, 0x1C, 0x70, 0x2C,
    0x3C, 0x35, 0x15, 0x21, 0x44, 0x1B, 0x27, 0x23, 0x0F, 0x1A, 0x59, 0x23, 0x31, 0x30, 0x13, 0x1F,
    0x0C, 0x0A, 0x15, 0x0C, 0x0A, 0x15, 0x0C, 0x0A, 0x15, 0x0C, 0x0A, 0x15, 0x0C, 0x0A, 0x15, 0x0C,
    0x0A, 0x15, 0x0C, 0x0A, 0x15, 0x0C, 0x0A, 0x15, 0x0C, 0x0A, 0x15, 0x64, 0x27, 0x36, 0x79, 0x30,
    0x41, 0x4D, 0x1E, 0x2B, 0x61, 0x26, 0x35, 0x6C, 0x2B, 0x3B, 0x8F, 0x53, 0x6F, 0x82, 0x50, 0x6B,
    0x0C, 0x0A, 0x15, 0x40, 0x19, 0x25, 0x5B, 0x24, 0x32, 0x5F, 0x25, 0x34, 0x63, 0x27, 0x36, 0x3C,
    0x17, 0x24, 0x52, 0x20, 0x2E, 0x0C, 0x0A, 0x15, 0x0C, 0x0A, 0x15, 0x44, 0x1B, 0x27, 0x69, 0x29,
    0x39, 0x0C, 0x0A, 0x15, 0x27, 0x10, 0x1C, 0x42, 0x1A, 0x26, 0x0C, 0x0A, 0x15, 0x0C, 0x0A, 0x15,
    0x0C, 0x0A, 0x15, 0x0C, 0x0A, 0x15, 0x0C, 0x0A, 0x15, 0x0C, 0x0A, 0x15, 0x0C, 0x0A, 0x15, 0x0C,
    0x0A, 0x15, 0x0C, 0x0A, 0x15, 0x0C, 0x0A, 0x15, 0x0C, 0x0A, 0x15, 0x0C, 0x0A, 0x15, 0x0C, 0x0A,
    0x15, 0x0C, 0x0A, 0x15, 0x0C, 0x0A, 0x15, 0x0C, 0x0A, 0x15, 0x0C, 0x0A, 0x15, 0x0C, 0x0A, 0x15,
    0x0C, 0x0A, 0x15, 0x0C, 0x0A, 0x15, 0x0C, 0x0A, 0x15, 0x0C, 0x0A, 0x15, 0x0C, 0x0A, 0x15, 0x0C,
    0x0A, 0x15, 0x0C, 0x0A, 0x15, 0x0C, 0x0A, 0x15, 0x0C, 0x0A, 0x15, 0x0C, 0x0A, 0x15, 0x0C, 0x0A,
    0x15, 0x0C, 0x0A, 0x15, 0x0C, 0x0A, 0x15, 0x0C, 0x0A, 0x15, 0x0C, 0x0A, 0x15, 0x0C, 0x0A, 0x15,
    0x0C, 0x0A, 0x15, 0x0C, 0x0A, 0x15, 0x0C, 0x0A, 0x15, 0x59, 0x23, 0x31, 0x33, 0x14, 0x20, 0x40,
    0x19, 0x26, 0x27, 0x10, 0x1C, 0x0C, 0x0A, 0x15, 0x0C, 0x0A, 0x15, 0x0C, 0x0A, 0x15, 0x0C, 0x0A,
    0x15, 0x0C, 0x0A, 0x15, 0x0C, 0x0A, 0x15, 0x0C, 0x0A, 0x15, 0x62, 0x27, 0x36, 0x79, 0x30, 0x41,
    0x6D, 0x2B, 0x3B, 0x71, 0x2D, 0x3D, 0xAE, 0x66, 0x87, 0xD0, 0x94, 0xAD, 0xDA, 0xB0, 0xB9, 0xDA,
    0xB0, 0xB9, 0xDA, 0xB0, 0xB9, 0xDA, 0xB0, 0xB9, 0xC0, 0x94, 0x9C, 0x9A, 0x54, 0x6F, 0xC9, 0x7D,
    0xA4, 0xAE, 0x6B, 0x8D, 0x8A, 0x67, 0x6F, 0xDA, 0xB0, 0xB9, 0xDA, 0xB0, 0xB9, 0xDA, 0xB0, 0xB9,
    0xDA, 0xB0, 0xB9, 0xDA, 0xB0, 0xB9, 0xDC, 0xB5, 0xBB, 0xE0, 0xC0, 0xC0, 0xDA, 0xB0, 0xB9, 0xDA,
    0xB0, 0xB9, 0xDA, 0xB0, 0xB9, 0xDA, 0xB0, 0xB9, 0xDA, 0xB0, 0xB9, 0xDA, 0xB0, 0xB9, 0xD8, 0xAF,
    0xB6, 0xC7, 0xA1, 0xA4, 0xC5, 0x7A, 0xA0, 0x9C, 0x56, 0x72, 0xB0, 0x68, 0x89, 0x7E, 0x37, 0x4A,
    0xC9, 0x7D, 0xA4, 0xC7, 0x7C, 0xA2, 0x7B, 0x33, 0x44, 0xC9, 0x7D, 0xA4, 0xB3, 0x6A, 0x8C, 0x18,
    0x0F, 0x1A, 0x78, 0x30, 0x40, 0x79, 0x30, 0x41, 0xB1, 0x69, 0x8A, 0x7D, 0x35, 0x47, 0x79, 0x2F,
    0x40, 0xC5, 0x79, 0x9F, 0x83, 0x3C, 0x51, 0x79, 0x30, 0x41, 0x79, 0x30, 0x41, 0x52, 0x20, 0x2E,
    0x1E, 0x0E, 0x19, 0x70, 0x2C, 0x3C, 0x35, 0x15, 0x21, 0x5B, 0x24, 0x32, 0x2E, 0x13, 0x1E, 0x0C,
    0x0A, 0x15, 0x0C, 0x0A, 0x15, 0x0C, 0x0A, 0x15, 0x0C, 0x0A, 0x15, 0x0C, 0x0A, 0x15, 0x0C, 0x0A,
    0x15, 0x0C, 0x0A, 0x15, 0x0C, 0x0A, 0x15, 0x0C, 0x0A, 0x15, 0x3D, 0x18, 0x24, 0x49, 0x1D, 0x2A,
    0x6B, 0x2A, 0x3A, 0x79, 0x30, 0x41, 0x4D, 0x1E, 0x2B, 0x50, 0x1F, 0x2D, 0x55, 0x21, 0x2F, 0x49,
    0x1D, 0x2A, 0x39, 0x17, 0x23, 0x0C, 0x0A, 0x15, 0x0C, 0x0A, 0x15, 0x3F, 0x19, 0x25, 0x6C, 0x2B,
    0x3B, 0x63, 0x27, 0x36, 0x0C, 0x0A, 0x15, 0x0C, 0x0A, 0x15, 0x0C, 0x0A, 0x15, 0x0C, 0x0A, 0x15,
    0x38, 0x16, 0x22, 0x56, 0x22, 0x30, 0x0C, 0x0A, 0x15, 0x34, 0x15, 0x21, 0x58, 0x23, 0x31, 0x0C,
    0x0A, 0x15, 0x0C, 0x0A, 0x15, 0x0C, 0x0A, 0x15, 0x0C, 0x0A, 0x15, 0x0C, 0x0A, 0x15, 0x0C, 0x0A,
    0x15, 0x0C, 0x0A, 0x15, 0x0C, 0x0A, 0x15, 0x0C, 0x0A, 0x15, 0x0C, 0x0A, 0x15, 0x0C, 0x0A, 0x15,
    0x0C, 0x0A, 0x15, 0x0C, 0x0A, 0x15, 0x0C, 0x0A, 0x15, 0x0C, 0x0A, 0x15, 0x0C, 0x0A, 0x15, 0x0C,
    0x0A, 0x15, 0x0C, 0x0A, 0x15, 0x0C, 0x0A, 0x15, 0x0C, 0x0A, 0x15, 0x0C, 0x0A, 0x15, 0x0C, 0x0A,
    0x15, 0x0C, 0x0A, 0x15, 0x0C, 0x0A, 0x15, 0x0C, 0x0A, 0x15, 0x0C, 0x0A, 0x15, 0x0C, 0x0A, 0x15,
    0x0C, 0x0A, 0x15, 0x0C, 0x0A, 0x15, 0x0C, 0x0A, 0x15, 0x0C, 0x0A, 0x15, 0x0C, 0x0A, 0x15, 0x0C,
    0x0A, 0x15, 0x0C, 0x0A, 0x15, 0x0C, 0x0A, 0x15, 0x0C, 0x0A, 0x15, 0x0C, 0x0A, 0x15, 0x0C, 0x0A,
    0x15, 0x0C, 0x0A, 0x15, 0x59, 0x23, 0x31, 0x36, 0x15, 0x21, 0x0C, 0x0A, 0x15, 0x0C, 0x0A, 0x15,
    0x0C, 0x0A, 0x15, 0x0C, 0x0A, 0x15, 0x0C, 0x0A, 0x15, 0x0C, 0x0A, 0x15, 0x0C, 0x0A, 0x15, 0x62,
    0x27, 0x36, 0x79, 0x30, 0x41, 0x4E, 0x1F, 0x2C, 0x50, 0x1F, 0x2D, 0x9A, 0x57, 0x74, 0xB4, 0x6B,
    0x8D, 0xB0, 0x6A, 0x8C, 0xA9, 0x68, 0x8A, 0xAD, 0x69, 0x8B, 0xB0, 0x6A, 0x8C, 0x96, 0x58, 0x75,
    0x86, 0x47, 0x5F, 0xB4, 0x6B, 0x8D, 0xA1, 0x5D, 0x7B, 0x8C, 0x4D, 0x67, 0xC9, 0x7D, 0xA4, 0xC9,
    0x7D, 0xA4, 0xC9, 0x7D, 0xA4, 0xC9, 0x7D, 0xA4, 0xC9, 0x7D, 0xA4, 0xCD, 0x8A, 0xA9, 0xD7, 0xA8,
    0xB5, 0xC9, 0x7D, 0xA4, 0xC5, 0x7A, 0xA0, 0xBA, 0x75, 0x94, 0xCD, 0x93, 0xAA, 0xB4, 0x6B, 0x8D,
    0xB4, 0x6B, 0x8D, 0xAE, 0x66, 0x87, 0x81, 0x3A, 0x4D, 0xB4, 0x6B, 0x8D, 0xB2, 0x6A, 0x8B, 0x97,
    0x51, 0x6C, 0x7F, 0x37, 0x4A, 0xC9, 0x7D, 0xA4, 0xC8, 0x7C, 0xA3, 0x9A, 0x54, 0x6F, 0xC8, 0x7D,
    0xA3, 0x99, 0x53, 0x6E, 0x16, 0x0D, 0x19, 0x98, 0x52, 0x6D, 0x7A, 0x31, 0x43, 0x98, 0x52, 0x6D,
    0x7B, 0x32, 0x44, 0x79, 0x30, 0x40, 0xB1, 0x68, 0x89, 0x80, 0x39, 0x4C, 0x79, 0x30, 0x41, 0x79,
    0x30, 0x41, 0x79, 0x30, 0x41, 0x31, 0x14, 0x20, 0x70, 0x2C, 0x3C, 0x35, 0x15, 0x21, 0x41, 0x1A,
    0x26, 0x21, 0x0F, 0x1A, 0x0C, 0x0A, 0x15, 0x0C, 0x0A, 0x15, 0x0C, 0x0A, 0x15, 0x0C, 0x0A, 0x15,
    0x3F, 0x19, 0x25, 0x27, 0x10, 0x1C, 0x0C, 0x0A, 0x15, 0x3D, 0x18, 0x24, 0x48, 0x1C, 0x29, 0x5D,
    0x24, 0x33, 0x73, 0x2D, 0x3E, 0x6C, 0x2B, 0x3B, 0x72, 0x2D, 0x3E, 0x5E, 0x25, 0x33, 0x2E, 0x13,
    0x1E, 0x50, 0x1F, 0x2D, 0x71, 0x2D, 0x3D, 0x5F, 0x25, 0x34, 0x0C, 0x0A, 0x15, 0x2E, 0x13, 0x1E,
    0x3A, 0x17, 0x23, 0x3F, 0x19, 0x25, 0x53, 0x20, 0x2E, 0x0C, 0x0A, 0x15, 0x0C, 0x0A, 0x15, 0x2A,
    0x11, 0x1D, 0x3D, 0x18, 0x24, 0x0C, 0x0A, 0x15, 0x0C, 0x0A, 0x15, 0x0C, 0x0A, 0x15, 0x0C, 0x0A,
    0x15, 0x0C, 0x0A, 0x15, 0x0C, 0x0A, 0x15, 0x0C, 0x0A, 0x15, 0x0C, 0x0A, 0x15, 0x0C, 0x0A, 0x15,
    0x0C, 0x0A, 0x15, 0x0C, 0x0A, 0x15, 0x0C, 0x0A, 0x15, 0x0C, 0x0A, 0x15, 0x0C, 0x0A, 0x15, 0x0C,
    0x0A, 0x15, 0x0C, 0x0A, 0x15, 0x0C, 0x0A, 0x15, 0x0C, 0x0A, 0x15, 0x0C, 0x0A, 0x15, 0x0C, 0x0A,
    0x15, 0x0C, 0x0A, 0x15, 0x0C, 0x0A, 0x15, 0x0C, 0x0A, 0x15, 0x0C, 0x0A, 0x15, 0x0C, 0x0A, 0x15,
    0x0C, 0x0A, 0x15, 0x0C, 0x0A, 0x15, 0x0C, 0x0A, 0x15, 0x0C, 0x0A, 0x15, 0x0C, 0x0A, 0x15, 0x0C,
    0x0A, 0x15, 0x0C, 0x0A, 0x15, 0x0C, 0x0A, 0x15, 0x0C, 0x0A, 0x15, 0x0C, 0x0A, 0x15, 0x0C, 0x0A,
    0x15, 0x41, 0x19, 0x26, 0x1E, 0x0E, 0x19, 0x0C, 0x0A, 0x15, 0x0C, 0x0A, 0x15, 0x0C, 0x0A, 0x15,
    0x0C, 0x0A, 0x15, 0x3E, 0x19, 0x25, 0x24, 0x0F, 0x1B, 0x0C, 0x0A, 0x15, 0x0C, 0x0A, 0x15, 0x0C,
    0x0A, 0x15, 0x0C, 0x0A, 0x15, 0x3B, 0x17, 0x24, 0x29, 0x11, 0x1C, 0x0C, 0x0A, 0x15, 0x0C, 0x0A,
    0x15, 0x0C, 0x0A, 0x15, 0x62, 0x27, 0x36, 0x79, 0x30, 0x41, 0x4E, 0x1F, 0x2C, 0x37, 0x16, 0x22,
    0x5B, 0x23, 0x32, 0x66, 0x28, 0x37, 0x51, 0x20, 0x2D, 0x2D, 0x12, 0x1E, 0x5D, 0x24, 0x33, 0x63,
    0x27, 0x36, 0x2B, 0x12, 0x1D, 0x5B, 0x24, 0x32, 0x73, 0x2E, 0x3E, 0x56, 0x22, 0x30, 0x68, 0x3D,
    0x52, 0xB5, 0x6C, 0x8E, 0xBB, 0x71, 0x95, 0xCB, 0x84, 0xA7, 0xCF, 0x92, 0xAC, 0xC9, 0x7D, 0xA4,
    0xC9, 0x7D, 0xA4, 0xC9, 0x7D, 0xA4, 0xCB, 0x83, 0xA6, 0xC5, 0x8C, 0xA1, 0x8B, 0x55, 0x5D, 0xBF,
    0x9C, 0x9D, 0x79, 0x30, 0x41, 0x79, 0x30, 0x41, 0x79, 0x30, 0x41, 0x79, 0x30, 0x41, 0x79, 0x30,
    0x41, 0x7F, 0x37, 0x4B, 0xB2, 0x6A, 0x8B, 0x6B, 0x2E, 0x3F, 0xB5, 0x6C, 0x8F, 0xB5, 0x6C, 0x8E,
    0xB5, 0x6C, 0x8E, 0xB5, 0x6C, 0x8E, 0xB5, 0x6C, 0x8E, 0x49, 0x1E, 0x2C, 0xB4, 0x6B, 0x8D, 0x99,
    0x53, 0x6E, 0xB4, 0x6C, 0x8E, 0x7D, 0x35, 0x47, 0x96, 0x50, 0x6B, 0x7C, 0x34, 0x46, 0x79, 0x30,
    0x41, 0x79, 0x30, 0x41, 0x79, 0x30, 0x41, 0x69, 0x29, 0x39, 0x29, 0x11, 0x1D, 0x5E, 0x25, 0x34,
    0x2D, 0x12, 0x1E, 0x6E, 0x2C, 0x3C, 0x38, 0x16, 0x22, 0x3F, 0x19, 0x25, 0x46, 0x1B, 0x28, 0x46,
    0x1B, 0x28, 0x24, 0x10, 0x1B, 0x59, 0x23, 0x31, 0x37, 0x16, 0x22, 0x0C, 0x0A, 0x15, 0x57, 0x22,
    0x30, 0x66, 0x28, 0x37, 0x3C, 0x18, 0x24, 0x55, 0x21, 0x2F, 0x53, 0x20, 0x2E, 0x6A, 0x2A, 0x3A,
    0x6E, 0x2B, 0x3B, 0x41, 0x1A, 0x26, 0x0C, 0x0A, 0x15, 0x5F, 0x25, 0x34, 0x5F, 0x25, 0x34, 0x0C,
    0x0A, 0x15, 0x42, 0x1A, 0x26, 0x52, 0x20, 0x2E, 0x2C, 0x12, 0x1E, 0x39, 0x17, 0x23, 0x0C, 0x0A,
    0x15, 0x29, 0x11, 0x1D, 0x52, 0x20, 0x2E, 0x57, 0x22, 0x30, 0x0C, 0x0A, 0x15, 0x0C, 0x0A, 0x15,
    0x0C, 0x0A, 0x15, 0x0C, 0x0A, 0x15, 0x0C, 0x0A, 0x15, 0x0C, 0x0A, 0x15, 0x0C, 0x0A, 0x15, 0x0C,
    0x0A, 0x15, 0x0C, 0x0A, 0x15, 0x0C, 0x0A, 0x15, 0x0C, 0x0A, 0x15, 0x0C, 0x0A, 0x15, 0x0C, 0x0A,
    0x15, 0x0C, 0x0A, 0x15, 0x0C, 0x0A, 0x15, 0x0C, 0x0A, 0x15, 0x0C, 0x0A, 0x15, 0x0C, 0x0A, 0x15,
    0x0C, 0x0A, 0x15, 0x0C, 0x0A, 0x15, 0x0C, 0x0A, 0x15, 0x0C, 0x0A, 0x15, 0x0C, 0x0A, 0x15, 0x0C,
    0x0A, 0x15, 0x0C, 0x0A, 0x15, 0x0C, 0x0A, 0x15, 0x0C, 0x0A, 0x15, 0x0C, 0x0A, 0x15, 0x0C, 0x0A,
    0x15, 0x0C, 0x0A, 0x15, 0x0C, 0x0A, 0x15, 0x0C, 0x0A, 0x15, 0x0C, 0x0A, 0x15, 0x0C, 0x0A, 0x15,
    0x0C, 0x0A, 0x15, 0x0C, 0x0A, 0x15, 0x5F, 0x25, 0x34, 0x2C, 0x12, 0x1E, 0x0C, 0x0A, 0x15, 0x0C,
    0x0A, 0x15, 0x0C, 0x0A, 0x15, 0x0C, 0x0A, 0x15, 0x5C, 0x24, 0x32, 0x34, 0x15, 0x21, 0x0C, 0x0A,
    0x15, 0x0C, 0x0A, 0x15, 0x0C, 0x0A, 0x15, 0x3B, 0x17, 0x23, 0x5E, 0x25, 0x34, 0x3C, 0x18, 0x24,
    0x39, 0x17, 0x23, 0x45, 0x1B, 0x28, 0x2A, 0x11, 0x1D, 0x53, 0x21, 0x2E, 0x73, 0x2D, 0x3E, 0x5D,
    0x25, 0x33, 0x68, 0x29, 0x38, 0x5F, 0x25, 0x34, 0x36, 0x15, 0x21, 0x2C, 0x12, 0x1E, 0x5D, 0x24,
    0x33, 0x79, 0x30, 0x41, 0x6A, 0x2A, 0x39, 0x5B, 0x24, 0x32, 0x79, 0x30, 0x41, 0x6C, 0x2A, 0x3A,
    0x45, 0x1B, 0x28, 0x58, 0x22, 0x31, 0x79, 0x30, 0x41, 0x97, 0x5B, 0x6C, 0xD5, 0xA4, 0xB3, 0xDE,
    0xBA, 0xBD, 0xD1, 0x97, 0xAE, 0xD1, 0x97, 0xAE, 0xCA, 0x8F, 0xA7, 0xB0, 0x79, 0x92, 0xB7, 0x9A,
    0x9A, 0x76, 0x2F, 0x40, 0x6A, 0x2A, 0x39, 0x79, 0x30, 0x41, 0x79, 0x30, 0x41, 0x79, 0x30, 0x41,
    0x79, 0x30, 0x41, 0x78, 0x2F, 0x40, 0x68, 0x29, 0x39, 0x77, 0x2F, 0x40, 0x48, 0x1C, 0x29, 0x79,
    0x30, 0x41, 0x79, 0x30, 0x41, 0x7A, 0x31, 0x42, 0x96, 0x50, 0x6B, 0x79, 0x30, 0x41, 0x79, 0x30,
    0x41, 0x79, 0x30, 0x41, 0xB5, 0x6C, 0x8E, 0x7C, 0x34, 0x46, 0x79, 0x30, 0x40, 0xB3, 0x6B, 0x8C,
    0x7F, 0x38, 0x4B, 0x79, 0x30, 0x41, 0x79, 0x30, 0x41, 0x69, 0x29, 0x39, 0x28, 0x11, 0x1C, 0x0C,
    0x0A, 0x15, 0x0C, 0x0A, 0x15, 0x0C, 0x0A, 0x15, 0x5E, 0x25, 0x33, 0x30, 0x13, 0x1F, 0x5D, 0x24,
    0x33, 0x67, 0x29, 0x38, 0x67, 0x29, 0x38, 0x35, 0x15, 0x21, 0x0C, 0x0A, 0x15, 0x0C, 0x0A, 0x15,
    0x0C, 0x0A, 0x15, 0x0C, 0x0A, 0x15, 0x0C, 0x0A, 0x15, 0x0C, 0x0A, 0x15, 0x0C, 0x0A, 0x15, 0x64,
    0x27, 0x36, 0x6E, 0x2B, 0x3B, 0x41, 0x19, 0x26, 0x0C, 0x0A, 0x15, 0x36, 0x16, 0x22, 0x5B, 0x24,
    0x32, 0x51, 0x1F, 0x2D, 0x0C, 0x0A, 0x15, 0x0C, 0x0A, 0x15, 0x0C, 0x0A, 0x15, 0x4C, 0x1E, 0x2B,
    0x63, 0x27, 0x36, 0x0C, 0x0A, 0x15, 0x3D, 0x18, 0x24, 0x57, 0x22, 0x30, 0x0C, 0x0A, 0x15, 0x0C,
    0x0A, 0x15, 0x0C, 0x0A, 0x15, 0x0C, 0x0A, 0x15, 0x0C, 0x0A, 0x15, 0x0C, 0x0A, 0x15, 0x0C, 0x0A,
    0x15, 0x0C, 0x0A, 0x15, 0x0C, 0x0A, 0x15, 0x0C, 0x0A, 0x15, 0x0C, 0x0A, 0x15, 0x0C, 0x0A, 0x15,
    0x0C, 0x0A, 0x15, 0x0C, 0x0A, 0x15, 0x0C, 0x0A, 0x15, 0x0C, 0x0A, 0x15, 0x0C, 0x0A, 0x15, 0x0C,
    0x0A, 0x15, 0x0C, 0x0A, 0x15, 0x0C, 0x0A, 0x15, 0x0C, 0x0A, 0x15, 0x0C, 0x0A, 0x15, 0x0C, 0x0A,
    0x15, 0x0C, 0x0A, 0x15, 0x0C, 0x0A, 0x15, 0x0C, 0x0A, 0x15, 0x0C, 0x0A, 0x15, 0x0C, 0x0A, 0x15,
    0x0C, 0x0A, 0x15, 0x0C, 0x0A, 0x15, 0x0C, 0x0A, 0x15, 0x0C, 0x0A, 0x15, 0x0C, 0x0A, 0x15, 0x0C,
    0x0A, 0x15, 0x0C, 0x0A, 0x15, 0x0C, 0x0A, 0x15, 0x0C, 0x0A, 0x15, 0x0C, 0x0A, 0x15, 0x0C, 0x0A,
    0x15, 0x0C, 0x0A, 0x15, 0x0C, 0x0A, 0x15, 0x0C, 0x0A, 0x15, 0x0C, 0x0A, 0x15, 0x0C, 0x0A, 0x15,
    0x0C, 0x0A, 0x15, 0x0C, 0x0A, 0x15, 0x3A, 0x17, 0x23, 0x25, 0x10, 0x1B, 0x59, 0x23, 0x31, 0x3B,
    0x17, 0x24, 0x0C, 0x0A, 0x15, 0x57, 0x22, 0x30, 0x74, 0x2E, 0x3E, 0x4B, 0x1D, 0x2A, 0x36, 0x16,
    0x21, 0x5C, 0x24, 0x33, 0x68, 0x29, 0x38, 0x73, 0x2D, 0x3E, 0x79, 0x30, 0x41, 0x67, 0x29, 0x38,
    0x5D, 0x24, 0x33, 0x73, 0x2D, 0x3E, 0x68, 0x29, 0x38, 0x6E, 0x2C, 0x3C, 0x79, 0x30, 0x41, 0x79,
    0x30, 0x41, 0x74, 0x2E, 0x3E, 0x68, 0x29, 0x38, 0x6D, 0x2B, 0x3B, 0x75, 0x2E, 0x3F, 0x9A, 0x7B,
    0x7C, 0xE8, 0xD2, 0xCE, 0xE2, 0xC4, 0xC2, 0xDB, 0xBE, 0xBC, 0xC3, 0xA9, 0xA8, 0xB0, 0x99, 0x97,
    0x0C, 0x0A, 0x15, 0x37, 0x16, 0x22, 0x6F, 0x2C, 0x3C, 0x33, 0x15, 0x20, 0x79, 0x30, 0x41, 0x79,
    0x30, 0x41, 0x77, 0x2F, 0x40, 0x68, 0x29, 0x38, 0x64, 0x27, 0x36, 0x1F, 0x0E, 0x19, 0x69, 0x29,
    0x39, 0x79, 0x30, 0x41, 0x79, 0x30, 0x41, 0x79, 0x30, 0x41, 0x7B, 0x32, 0x44, 0xB6, 0x6D, 0x90,
    0x79, 0x31, 0x42, 0x68, 0x29, 0x39, 0x79, 0x30, 0x41, 0x79, 0x30, 0x41, 0x79, 0x30, 0x41, 0x79,
    0x30, 0x41, 0x79, 0x30, 0x41, 0x79, 0x30, 0x41, 0x79, 0x30, 0x41, 0x6A, 0x2A, 0x39, 0x49, 0x1C,
    0x29, 0x1A, 0x0D, 0x18, 0x0C, 0x0A, 0x15, 0x3E, 0x18, 0x25, 0x1E, 0x0E, 0x19, 0x0C, 0x0A, 0x15,
    0x0C, 0x0A, 0x15, 0x0C, 0x0A, 0x15, 0x0C, 0x0A, 0x15, 0x0C, 0x0A, 0x15, 0x0C, 0x0A, 0x15, 0x0C,
    0x0A, 0x15, 0x0C, 0x0A, 0x15, 0x0C, 0x0A, 0x15, 0x0C, 0x0A, 0x15, 0x0C, 0x0A, 0x15, 0x0C, 0x0A,
    0x15, 0x0C, 0x0A, 0x15, 0x64, 0x27, 0x36, 0x4B, 0x1D, 0x2B, 0x0C, 0x0A, 0x15, 0x0C, 0x0A, 0x15,
    0x52, 0x20, 0x2E, 0x44, 0x1B, 0x27, 0x0C, 0x0A, 0x15, 0x2C, 0x12, 0x1D, 0x35, 0x15, 0x21, 0x0C,
    0x0A, 0x15, 0x41, 0x19, 0x26, 0x55, 0x21, 0x2F, 0x0C, 0x0A, 0x15, 0x0C, 0x0A, 0x15, 0x0C, 0x0A,
    0x15, 0x0C, 0x0A, 0x15, 0x0C, 0x0A, 0x15, 0x0C, 0x0A, 0x15, 0x0C, 0x0A, 0x15, 0x0C, 0x0A, 0x15,
    0x0C, 0x0A, 0x15, 0x0C, 0x0A, 0x15, 0x0C, 0x0A, 0x15, 0x0C, 0x0A, 0x15, 0x0C, 0x0A, 0x15, 0x0C,
    0x0A, 0x15, 0x0C, 0x0A, 0x15, 0x0C, 0x0A, 0x15, 0x0C, 0x0A, 0x15, 0x0C, 0x0A, 0x15, 0x0C, 0x0A,
    0x15, 0x0C, 0x0A, 0x15, 0x0C, 0x0A, 0x15, 0x0C, 0x0A, 0x15, 0x0C, 0x0A, 0x15, 0x0C, 0x0A, 0x15,
    0x0C, 0x0A, 0x15, 0x0C, 0x0A, 0x15, 0x0C, 0x0A, 0x15, 0x0C, 0x0A, 0x15, 0x0C, 0x0A, 0x15, 0x0C,
    0x0A, 0x15, 0x0C, 0x0A, 0x15, 0x0C, 0x0A, 0x15, 0x0C, 0x0A, 0x15, 0x0C, 0x0A, 0x15, 0x0C, 0x0A,
    0x15, 0x0C, 0x0A, 0x15, 0x0C, 0x0A, 0x15, 0x0C, 0x0A, 0x15, 0x0C, 0x0A, 0x15, 0x0C, 0x0A, 0x15,
    0x0C, 0x0A, 0x15, 0x0C, 0x0A, 0x15, 0x0C, 0x0A, 0x15, 0x0C, 0x0A, 0x15, 0x0C, 0x0A, 0x15, 0x0C,
    0x0A, 0x15, 0x0C, 0x0A, 0x15, 0x0C, 0x0A, 0x15, 0x0C, 0x0A, 0x15, 0x5B, 0x24, 0x32, 0x39, 0x17,
    0x23, 0x0C, 0x0A, 0x15, 0x37, 0x16, 0x22, 0x41, 0x1A, 0x26, 0x41, 0x1A, 0x26, 0x5E, 0x25, 0x33,
    0x52, 0x20, 0x2E, 0x69, 0x29, 0x39, 0x5B, 0x24, 0x32, 0x41, 0x1A, 0x26, 0x67, 0x29, 0x38, 0x70,
    0x2C, 0x3C, 0x70, 0x2C, 0x3C, 0x79, 0x30, 0x41, 0x68, 0x29, 0x38, 0x35, 0x15, 0x21, 0x4B, 0x1D,
    0x2B, 0x79, 0x30, 0x41, 0x79, 0x30, 0x41, 0x6B, 0x2A, 0x3A, 0x41, 0x1A, 0x26, 0x6E, 0x55, 0x57,
    0xA0, 0x89, 0x87, 0xAA, 0x9F, 0x9A, 0xEC, 0xE2, 0xDA, 0xC5, 0xAB, 0xA9, 0xB0, 0x98, 0x97, 0x0C,
    0x0A, 0x15, 0x0C, 0x0A, 0x15, 0x1F, 0x0E, 0x19, 0x4F, 0x1F, 0x2C, 0x6F, 0x2C, 0x3C, 0x33, 0x15,
    0x20, 0x77, 0x2F, 0x40, 0x6B, 0x2A, 0x3A, 0x74, 0x2E, 0x3F, 0x3E, 0x18, 0x25, 0x0C, 0x0A, 0x15,
    0x0C, 0x0A, 0x15, 0x21, 0x0F, 0x1A, 0x79, 0x30, 0x41, 0x79, 0x30, 0x41, 0x79, 0x30, 0x41, 0x79,
    0x30, 0x41, 0x79, 0x30, 0x41, 0x79, 0x30, 0x41, 0x12, 0x0B, 0x16, 0x78, 0x30, 0x40, 0x69, 0x2A,
    0x39, 0x78, 0x30, 0x41, 0x6A, 0x2A, 0x39, 0x78, 0x30, 0x41, 0x79, 0x30, 0x41, 0x79, 0x30, 0x41,
    0x2A, 0x11, 0x1D, 0x63, 0x27, 0x36, 0x48, 0x1C, 0x29, 0x1B, 0x0D, 0x18, 0x61, 0x26, 0x35, 0x2E,
    0x13, 0x1E, 0x0C, 0x0A, 0x15, 0x0C, 0x0A, 0x15, 0x0C, 0x0A, 0x15, 0x0C, 0x0A, 0x15, 0x0C, 0x0A,
    0x15, 0x0C, 0x0A, 0x15, 0x0C, 0x0A, 0x15, 0x0C, 0x0A, 0x15, 0x0C, 0x0A, 0x15, 0x0C, 0x0A, 0x15,
    0x0C, 0x0A, 0x15, 0x0C, 0x0A, 0x15, 0x0C, 0x0A, 0x15, 0x64, 0x27, 0x36, 0x4B, 0x1D, 0x2B, 0x0C,
    0x0A, 0x15, 0x34, 0x15, 0x21, 0x2A, 0x11, 0x1D, 0x0C, 0x0A, 0x15, 0x2B, 0x12, 0x1D, 0x5D, 0x24,
    0x33, 0x61, 0x26, 0x35, 0x0C, 0x0A, 0x15, 0x0C, 0x0A, 0x15, 0x0C, 0x0A, 0x15, 0x0C, 0x0A, 0x15,
    0x0C, 0x0A, 0x15, 0x0C, 0x0A, 0x15, 0x0C, 0x0A, 0x15, 0x0C, 0x0A, 0x15, 0x0C, 0x0A, 0x15, 0x0C,
    0x0A, 0x15, 0x0C, 0x0A, 0x15, 0x0C, 0x0A, 0x15, 0x0C, 0x0A, 0x15, 0x0C, 0x0A, 0x15, 0x0C, 0x0A,
    0x15, 0x0C, 0x0A, 0x15, 0x0C, 0x0A, 0x15, 0x0C, 0x0A, 0x15, 0x0C, 0x0A, 0x15, 0x0C, 0x0A, 0x15,
    0x0C, 0x0A, 0x15, 0x0C, 0x0A, 0x15, 0x0C, 0x0A, 0x15, 0x0C, 0x0A, 0x15, 0x0C, 0x0A, 0x15, 0x0C,
    0x0A, 0x15, 0x0C, 0x0A, 0x15, 0x0C, 0x0A, 0x15, 0x0C, 0x0A, 0x15, 0x0C, 0x0A, 0x15, 0x0C, 0x0A,
    0x15, 0x0C, 0x0A, 0x15, 0x0C, 0x0A, 0x15, 0x0C, 0x0A, 0x15, 0x0C, 0x0A, 0x15, 0x0C, 0x0A, 0x15,
    0x0C, 0x0A, 0x15, 0x0C, 0x0A, 0x15, 0x0C, 0x0A, 0x15, 0x0C, 0x0A, 0x15, 0x0C, 0x0A, 0x15, 0x0C,
    0x0A, 0x15, 0x0C, 0x0A, 0x15, 0x0C, 0x0A, 0x15, 0x0C, 0x0A, 0x15, 0x0C, 0x0A, 0x15, 0x0C, 0x0A,
    0x15, 0x39, 0x17, 0x23, 0x1F, 0x0E, 0x19, 0x0C, 0x0A, 0x15, 0x0C, 0x0A, 0x15, 0x0C, 0x0A, 0x15,
    0x0C, 0x0A, 0x15, 0x0C, 0x0A, 0x15, 0x0C, 0x0A, 0x15, 0x67, 0x28, 0x38, 0x79, 0x30, 0x41, 0x6F,
    0x2C, 0x3C, 0x51, 0x20, 0x2D, 0x69, 0x29, 0x39, 0x79, 0x30, 0x41, 0x70, 0x2C, 0x3C, 0x73, 0x2E,
    0x3E, 0x79, 0x30, 0x41, 0x79, 0x57, 0x5B, 0x89, 0x6C, 0x6E, 0x9C, 0x70, 0x74, 0x9C, 0x70, 0x74,
    0x91, 0x6D, 0x70, 0x88, 0x6B, 0x6D, 0x8E, 0x5E, 0x65, 0x79, 0x38, 0x4C, 0x96, 0x5A, 0x6B, 0x93,
    0x61, 0x68, 0xA1, 0x87, 0x85, 0xDA, 0xD4, 0xCB, 0xCD, 0xAF, 0xAF, 0xC3, 0xA0, 0xA5, 0x40, 0x19,
    0x25, 0x40, 0x19, 0x25, 0x39, 0x16, 0x23, 0x1F, 0x0E, 0x19, 0x58, 0x29, 0x39, 0x93, 0x4D, 0x66,
    0x8D, 0x4B, 0x64, 0x6E, 0x3F, 0x55, 0x71, 0x2C, 0x3D, 0x29, 0x11, 0x1D, 0x6A, 0x2A, 0x39, 0x67,
    0x28, 0x38, 0x40, 0x19, 0x25, 0x3D, 0x18, 0x24, 0x21, 0x0F, 0x1A, 0x79, 0x30, 0x41, 0x79, 0x30,
    0x41, 0x79, 0x30, 0x41, 0x79, 0x30, 0x41, 0x79, 0x30, 0x41, 0x79, 0x30, 0x41, 0x12, 0x0B, 0x16,
    0x69, 0x29, 0x39, 0x14, 0x0C, 0x17, 0x68, 0x29, 0x39, 0x1A, 0x0D, 0x18, 0x67, 0x28, 0x38, 0x78,
    0x30, 0x40, 0x6C, 0x2A, 0x3A, 0x25, 0x10, 0x1B, 0x3C, 0x18, 0x24, 0x66, 0x28, 0x37, 0x2B, 0x12,
    0x1D, 0x0C, 0x0A, 0x15, 0x0C, 0x0A, 0x15, 0x0C, 0x0A, 0x15, 0x0C, 0x0A, 0x15, 0x0C, 0x0A, 0x15,
    0x0C, 0x0A, 0x15, 0x0C, 0x0A, 0x15, 0x0C, 0x0A, 0x15, 0x0C, 0x0A, 0x15, 0x0C, 0x0A, 0x15, 0x0C,
    0x0A, 0x15, 0x0C, 0x0A, 0x15, 0x0C, 0x0A, 0x15, 0x0C, 0x0A, 0x15, 0x0C, 0x0A, 0x15, 0x57, 0x22,
    0x30, 0x42, 0x1A, 0x26, 0x0C, 0x0A, 0x15, 0x55, 0x21, 0x2F, 0x54, 0x21, 0x2E, 0x2A, 0x11, 0x1D,
    0x46, 0x1B, 0x28, 0x70, 0x2C, 0x3D, 0x61, 0x26, 0x35, 0x28, 0x11, 0x1C, 0x33, 0x15, 0x20, 0x0C,
    0x0A, 0x15, 0x0C, 0x0A, 0x15, 0x0C, 0x0A, 0x15, 0x0C, 0x0A, 0x15, 0x0C, 0x0A, 0x15, 0x0C, 0x0A,
    0x15, 0x0C, 0x0A, 0x15, 0x0C, 0x0A, 0x15, 0x0C, 0x0A, 0x15, 0x0C, 0x0A, 0x15, 0x0C, 0x0A, 0x15,
    0x0C, 0x0A, 0x15, 0x0C, 0x0A, 0x15, 0x0C, 0x0A, 0x15, 0x0C, 0x0A, 0x15, 0x0C, 0x0A, 0x15, 0x0C,
    0x0A, 0x15, 0x0C, 0x0A, 0x15, 0x0C, 0x0A, 0x15, 0x0C, 0x0A, 0x15, 0x0C, 0x0A, 0x15, 0x0C, 0x0A,
    0x15, 0x0C, 0x0A, 0x15, 0x0C, 0x0A, 0x15, 0x0C, 0x0A, 0x15, 0x0C, 0x0A, 0x15, 0x0C, 0x0A, 0x15,
    0x0C, 0x0A, 0x15, 0x0C, 0x0A, 0x15, 0x0C, 0x0A, 0x15, 0x0C, 0x0A, 0x15, 0x0C, 0x0A, 0x15, 0x0C,
    0x0A, 0x15, 0x0C, 0x0A, 0x15, 0x0C, 0x0A, 0x15, 0x0C, 0x0A, 0x15, 0x0C, 0x0A, 0x15, 0x0C, 0x0A,
    0x15, 0x0C, 0x0A, 0x15, 0x0C, 0x0A, 0x15, 0x0C, 0x0A, 0x15, 0x39, 0x17, 0x23, 0x1B, 0x0D, 0x18,
    0x0C, 0x0A, 0x15, 0x0C, 0x0A, 0x15, 0x60, 0x26, 0x35, 0x34, 0x15, 0x20, 0x0C, 0x0A, 0x15, 0x0C,
    0x0A, 0x15, 0x0C, 0x0A, 0x15, 0x0C, 0x0A, 0x15, 0x0C, 0x0A, 0x15, 0x0C, 0x0A, 0x15, 0x67, 0x28,
    0x38, 0x70, 0x2C, 0x3C, 0x50, 0x1F, 0x2D, 0x5F, 0x25, 0x34, 0x74, 0x2E, 0x3F, 0x79, 0x30, 0x41,
    0x4D, 0x1E, 0x2B, 0x61, 0x26, 0x35, 0x71, 0x2D, 0x3D, 0xB9, 0x92, 0x97, 0xDC, 0xB6, 0xBB, 0xDC,
    0xB6, 0xBB, 0xDC, 0xB6, 0xBB, 0xDC, 0xB6, 0xBB, 0xD8, 0xB4, 0xB7, 0xB4, 0x94, 0x97, 0x8B, 0x54,
    0x70, 0xC6, 0x8C, 0xA2, 0xC5, 0x9D, 0xA2, 0x67, 0x29, 0x38, 0x0C, 0x0A, 0x15, 0x6F, 0x44, 0x5B,
    0xB9, 0x6F, 0x93, 0x79, 0x30, 0x41, 0x79, 0x30, 0x41, 0x6F, 0x2C, 0x3C, 0x4F, 0x1F, 0x2C, 0x8D,
    0x47, 0x5F, 0xC9, 0x7D, 0xA4, 0xC5, 0x7B, 0xA1, 0xA9, 0x67, 0x88, 0x66, 0x28, 0x37, 0x3A, 0x17,
    0x23, 0x0C, 0x0A, 0x15, 0x25, 0x10, 0x1B, 0x6B, 0x2A, 0x3A, 0x67, 0x29, 0x38, 0x21, 0x0F, 0x1A,
    0x79, 0x30, 0x41, 0x79, 0x30, 0x41, 0x79, 0x30, 0x41, 0x79, 0x30, 0x41, 0x79, 0x30, 0x41, 0x79,
    0x30, 0x41, 0x12, 0x0B, 0x16, 0x0C, 0x0A, 0x15, 0x3D, 0x18, 0x24, 0x10, 0x0B, 0x16, 0x3C, 0x18,
    0x24, 0x3E, 0x18, 0x25, 0x68, 0x29, 0x39, 0x23, 0x0F, 0x1A, 0x0B, 0x0A, 0x15, 0x65, 0x28, 0x37,
    0x29, 0x11, 0x1D, 0x0C, 0x0A, 0x15, 0x0C, 0x0A, 0x15, 0x0C, 0x0A, 0x15, 0x0C, 0x0A, 0x15, 0x0C,
    0x0A, 0x15, 0x0C, 0x0A, 0x15, 0x0C, 0x0A, 0x15, 0x0C, 0x0A, 0x15, 0x0C, 0x0A, 0x15, 0x0C, 0x0A,
    0x15, 0x0C, 0x0A, 0x15, 0x0C, 0x0A, 0x15, 0x0C, 0x0A, 0x15, 0x0C, 0x0A, 0x15, 0x0C, 0x0A, 0x15,
    0x0C, 0x0A, 0x15, 0x33, 0x14, 0x20, 0x26, 0x10, 0x1C, 0x0C, 0x0A, 0x15, 0x0C, 0x0A, 0x15, 0x55,
    0x21, 0x2F, 0x54, 0x21, 0x2F, 0x30, 0x13, 0x1F, 0x4F, 0x1F, 0x2C, 0x67, 0x28, 0x38, 0x52, 0x20,
    0x2E, 0x57, 0x22, 0x30, 0x0C, 0x0A, 0x15, 0x25, 0x10, 0x1B, 0x3E, 0x18, 0x25, 0x34, 0x15, 0x21,
    0x0C, 0x0A, 0x15, 0x0C, 0x0A, 0x15, 0x0C, 0x0A, 0x15, 0x0C, 0x0A, 0x15, 0x0C, 0x0A, 0x15, 0x0C,
    0x0A, 0x15, 0x0C, 0x0A, 0x15, 0x0C, 0x0A, 0x15, 0x0C, 0x0A, 0x15, 0x0C, 0x0A, 0x15, 0x0C, 0x0A,
    0x15, 0x0C, 0x0A, 0x15, 0x0C, 0x0A, 0x15, 0x0C, 0x0A, 0x15, 0x0C, 0x0A, 0x15, 0x0C, 0x0A, 0x15,
    0x0C, 0x0A, 0x15, 0x0C, 0x0A, 0x15, 0x0C, 0x0A, 0x15, 0x0C, 0x0A, 0x15, 0x0C, 0x0A, 0x15, 0x0C,
    0x0A, 0x15, 0x0C, 0x0A, 0x15, 0x0C, 0x0A, 0x15, 0x0C, 0x0A, 0x15, 0x0C, 0x0A, 0x15, 0x0C, 0x0A,
    0x15, 0x0C, 0x0A, 0x15, 0x0C, 0x0A, 0x15, 0x0C, 0x0A, 0x15, 0x0C, 0x0A, 0x15, 0x0C, 0x0A, 0x15,
    0x0C, 0x0A, 0x15, 0x0C, 0x0A, 0x15, 0x0C, 0x0A, 0x15, 0x0C, 0x0A, 0x15, 0x0C, 0x0A, 0x15, 0x64,
    0x27, 0x36, 0x2E, 0x13, 0x1E, 0x0C, 0x0A, 0x15, 0x0C, 0x0A, 0x15, 0x0C, 0x0A, 0x15, 0x0C, 0x0A,
    0x15, 0x35, 0x15, 0x21, 0x1F, 0x0E, 0x19, 0x0C, 0x0A, 0x15, 0x34, 0x15, 0x21, 0x21, 0x0F, 0x1A,
    0x0C, 0x0A, 0x15, 0x67, 0x28, 0x38, 0x55, 0x21, 0x2F, 0x6A, 0x2A, 0x39, 0x49, 0x1D, 0x2A, 0x58,
    0x22, 0x31, 0x74, 0x2E, 0x3F, 0x59, 0x23, 0x31, 0x67, 0x28, 0x38, 0x5B, 0x23, 0x32, 0x97, 0x5A,
    0x77, 0xBB, 0x71, 0x95, 0xBB, 0x71, 0x95, 0xBB, 0x71, 0x95, 0xBB, 0x71, 0x95, 0xA7, 0x60, 0x7F,
    0x9B, 0x55, 0x70, 0xB3, 0x6B, 0x8D, 0x99, 0x53, 0x6E, 0xB5, 0x6C, 0x8F, 0x6B, 0x2A, 0x3A, 0x34,
    0x15, 0x20, 0x67, 0x3D, 0x53, 0xAB, 0x65, 0x85, 0x76, 0x34, 0x47, 0x89, 0x44, 0x5B, 0x6C, 0x2A,
    0x3A, 0x6F, 0x2C, 0x3C, 0x89, 0x43, 0x59, 0xBE, 0x74, 0x98, 0xB9, 0x73, 0x97, 0x0C, 0x0A, 0x15,
    0x31, 0x14, 0x20, 0x73, 0x2E, 0x3E, 0x39, 0x16, 0x22, 0x0C, 0x0A, 0x15, 0x0C, 0x0A, 0x15, 0x0C,
    0x0A, 0x15, 0x21, 0x0F, 0x1A, 0x79, 0x30, 0x41, 0x79, 0x30, 0x41, 0x79, 0x30, 0x41, 0x79, 0x30,
    0x41, 0x79, 0x30, 0x42, 0x8F, 0x4A, 0x62, 0x14, 0x0C, 0x17, 0x0C, 0x0A, 0x15, 0x6B, 0x2A, 0x3A,
    0x17, 0x0C, 0x17, 0x69, 0x29, 0x39, 0x78, 0x30, 0x41, 0x43, 0x1A, 0x27, 0x15, 0x0C, 0x17, 0x0C,
    0x0A, 0x15, 0x0C, 0x0A, 0x15, 0x0C, 0x0A, 0x15, 0x0C, 0x0A, 0x15, 0x37, 0x16, 0x22, 0x1B, 0x0D,
    0x18, 0x0C, 0x0A, 0x15, 0x0C, 0x0A, 0x15, 0x0C, 0x0A, 0x15, 0x0C, 0x0A, 0x15, 0x0C, 0x0A, 0x15,
    0x0C, 0x0A, 0x15, 0x0C, 0x0A, 0x15, 0x0C, 0x0A, 0x15, 0x0C, 0x0A, 0x15, 0x0C, 0x0A, 0x15, 0x0C,
    0x0A, 0x15, 0x0C, 0x0A, 0x15, 0x0C, 0x0A, 0x15, 0x59, 0x23, 0x31, 0x43, 0x1A, 0x27, 0x0C, 0x0A,
    0x15, 0x30, 0x13, 0x1F, 0x27, 0x10, 0x1C, 0x55, 0x21, 0x2F, 0x54, 0x21, 0x2F, 0x46, 0x1B, 0x28,
    0x6C, 0x2A, 0x3A, 0x5D, 0x25, 0x33, 0x31, 0x14, 0x1F, 0x25, 0x10, 0x1B, 0x50, 0x1F, 0x2D, 0x6C,
    0x2A, 0x3A, 0x60, 0x26, 0x34, 0x33, 0x14, 0x20, 0x0C, 0x0A, 0x15, 0x0C, 0x0A, 0x15, 0x0C, 0x0A,
    0x15, 0x0C, 0x0A, 0x15, 0x0C, 0x0A, 0x15, 0x0C, 0x0A, 0x15, 0x0C, 0x0A, 0x15, 0x0C, 0x0A, 0x15,
    0x0C, 0x0A, 0x15, 0x0C, 0x0A, 0x15, 0x0C, 0x0A, 0x15, 0x0C, 0x0A, 0x15, 0x0C, 0x0A, 0x15, 0x0C,
    0x0A, 0x15, 0x0C, 0x0A, 0x15, 0x0C, 0x0A, 0x15, 0x0C, 0x0A, 0x15, 0x0C, 0x0A, 0x15, 0x0C, 0x0A,
    0x15, 0x0C, 0x0A, 0x15, 0x0C, 0x0A, 0x15, 0x0C, 0x0A, 0x15, 0x0C, 0x0A, 0x15, 0x0C, 0x0A, 0x15,
    0x0C, 0x0A, 0x15, 0x0C, 0x0A, 0x15, 0x0C, 0x0A, 0x15, 0x0C, 0x0A, 0x15, 0x0C, 0x0A, 0x15, 0x0C,
    0x0A, 0x15, 0x0C, 0x0A, 0x15, 0x0C, 0x0A, 0x15, 0x0C, 0x0A, 0x15, 0x0C, 0x0A, 0x15, 0x0C, 0x0A,
    0x15, 0x0C, 0x0A, 0x15, 0x0C, 0x0A, 0x15, 0x0C, 0x0A, 0x15, 0x35, 0x15, 0x21, 0x1B, 0x0D, 0x18,
    0x0C, 0x0A, 0x15, 0x0C, 0x0A, 0x15, 0x61, 0x26, 0x35, 0x37, 0x16, 0x22, 0x0C, 0x0A, 0x15, 0x5F,
    0x25, 0x34, 0x3B, 0x17, 0x24, 0x0C, 0x0A, 0x15, 0x67, 0x28, 0x38, 0x79, 0x30, 0x41, 0x71, 0x2D,
    0x3D, 0x50, 0x1F, 0x2D, 0x3B, 0x17, 0x23, 0x68, 0x29, 0x38, 0x72, 0x2D, 0x3D, 0x74, 0x2E, 0x3F,
    0x79, 0x30, 0x41, 0x79, 0x30, 0x41, 0x79, 0x30, 0x41, 0x79, 0x30, 0x41, 0x79, 0x30, 0x41, 0x79,
    0x30, 0x41, 0x81, 0x3A, 0x4E, 0xA6, 0x5F, 0x7D, 0xB3, 0x6B, 0x8D, 0x93, 0x4D, 0x66, 0xA9, 0x63,
    0x82, 0x70, 0x2C, 0x3D, 0x68, 0x29, 0x38, 0x4E, 0x27, 0x36, 0x7D, 0x3F, 0x55, 0x6A, 0x40, 0x57,
    0xB3, 0x6F, 0x92, 0x0C, 0x0A, 0x15, 0x3A, 0x17, 0x23, 0x7E, 0x36, 0x49, 0x98, 0x52, 0x6D, 0xAD,
    0x69, 0x8A, 0x0C, 0x0A, 0x15, 0x31, 0x14, 0x20, 0x79, 0x30, 0x41, 0x72, 0x2D, 0x3E, 0x0B, 0x0A,
    0x15, 0x0C, 0x0A, 0x15, 0x0C, 0x0A, 0x15, 0x21, 0x0F, 0x1A, 0x7A, 0x32, 0x43, 0x8E, 0x48, 0x60,
    0x7A, 0x31, 0x42, 0x8E, 0x49, 0x61, 0x7A, 0x31, 0x43, 0xBB, 0x71, 0x95, 0x19, 0x0F, 0x1B, 0x0C,
    0x0A, 0x15, 0x0C, 0x0A, 0x15, 0x0C, 0x0A, 0x15, 0x39, 0x16, 0x22, 0x76, 0x2F, 0x40, 0x6E, 0x2B,
    0x3B, 0x23, 0x0F, 0x1B, 0x0C, 0x0A, 0x15, 0x37, 0x16, 0x22, 0x18, 0x0C, 0x17, 0x0C, 0x0A, 0x15,
    0x64, 0x27, 0x37, 0x30, 0x13, 0x1F, 0x0C, 0x0A, 0x15, 0x0C, 0x0A, 0x15, 0x0C, 0x0A, 0x15, 0x0C,
    0x0A, 0x15, 0x0C, 0x0A, 0x15, 0x0C, 0x0A, 0x15, 0x0C, 0x0A, 0x15, 0x0C, 0x0A, 0x15, 0x0C, 0x0A,
    0x15, 0x0C, 0x0A, 0x15, 0x0C, 0x0A, 0x15, 0x0C, 0x0A, 0x15, 0x0C, 0x0A, 0x15, 0x0C, 0x0A, 0x15,
    0x0C, 0x0A, 0x15, 0x0C, 0x0A, 0x15, 0x57, 0x22, 0x30, 0x47, 0x1C, 0x28, 0x0C, 0x0A, 0x15, 0x0C,
    0x0A, 0x15, 0x0C, 0x0A, 0x15, 0x26, 0x10, 0x1B, 0x52, 0x20, 0x2E, 0x58, 0x22, 0x31, 0x43, 0x1A,
    0x27, 0x5A, 0x23, 0x31, 0x0C, 0x0A, 0x15, 0x3F, 0x19, 0x25, 0x5C, 0x24, 0x33, 0x0C, 0x0A, 0x15,
    0x0C, 0x0A, 0x15, 0x0C, 0x0A, 0x15, 0x0C, 0x0A, 0x15, 0x0C, 0x0A, 0x15, 0x0C, 0x0A, 0x15, 0x0C,
    0x0A, 0x15, 0x0C, 0x0A, 0x15, 0x0C, 0x0A, 0x15, 0x0C, 0x0A, 0x15, 0x0C, 0x0A, 0x15, 0x0C, 0x0A,
    0x15, 0x0C, 0x0A, 0x15, 0x0C, 0x0A, 0x15, 0x0C, 0x0A, 0x15, 0x0C, 0x0A, 0x15, 0x0C, 0x0A, 0x15,
    0x0C, 0x0A, 0x15, 0x0C, 0x0A, 0x15, 0x0C, 0x0A, 0x15, 0x0C, 0x0A, 0x15, 0x0C, 0x0A, 0x15, 0x0C,
    0x0A, 0x15, 0x0C, 0x0A, 0x15, 0x0C, 0x0A, 0x15, 0x0C, 0x0A, 0x15, 0x0C, 0x0A, 0x15, 0x0C, 0x0A,
    0x15, 0x0C, 0x0A, 0x15, 0x0C, 0x0A, 0x15, 0x0C, 0x0A, 0x15, 0x0C, 0x0A, 0x15, 0x0C, 0x0A, 0x15,
    0x0C, 0x0A, 0x15, 0x0C, 0x0A, 0x15, 0x0C, 0x0A, 0x15, 0x0C, 0x0A, 0x15, 0x0C, 0x0A, 0x15, 0x64,
    0x27, 0x36, 0x32, 0x14, 0x20, 0x0C, 0x0A, 0x15, 0x0C, 0x0A, 0x15, 0x0C, 0x0A, 0x15, 0x0C, 0x0A,
    0x15, 0x0C, 0x0A, 0x15, 0x0C, 0x0A, 0x15, 0x0C, 0x0A, 0x15, 0x0C, 0x0A, 0x15, 0x5D, 0x24, 0x33,
    0x76, 0x2F, 0x3F, 0x55, 0x21, 0x2F, 0x69, 0x29, 0x39, 0x79, 0x30, 0x41, 0x79, 0x30, 0x41, 0x58,
    0x22, 0x31, 0x5D, 0x25, 0x33, 0x75, 0x2E, 0x3F, 0x86, 0x3F, 0x55, 0x8E, 0x48, 0x60, 0x8E, 0x48,
    0x60, 0x8E, 0x48, 0x60, 0x8E, 0x48, 0x60, 0xA1, 0x5A, 0x77, 0xC1, 0x76, 0x9B, 0xB3, 0x6B, 0x8D,
    0x80, 0x39, 0x4C, 0x78, 0x3C, 0x51, 0x45, 0x1B, 0x28, 0x68, 0x29, 0x38, 0x6F, 0x44, 0x5B, 0xB0,
    0x6D, 0x90, 0x63, 0x3B, 0x50, 0xA8, 0x66, 0x86, 0x0C, 0x0A, 0x15, 0x3A, 0x17, 0x23, 0x8D, 0x47,
    0x5F, 0xBE, 0x73, 0x98, 0x6F, 0x2C, 0x3C, 0x19, 0x0D, 0x18, 0x47, 0x1C, 0x29, 0x78, 0x2F, 0x40,
    0x67, 0x29, 0x38, 0x0B, 0x0A, 0x15, 0x0C, 0x0A, 0x15, 0x0C, 0x0A, 0x15, 0x1E, 0x0E, 0x19, 0x73,
    0x32, 0x44, 0xBB, 0x71, 0x95, 0x7B, 0x33, 0x45, 0xBC, 0x72, 0x96, 0x8D, 0x48, 0x5F, 0x79, 0x30,
    0x41, 0x12, 0x0B, 0x16, 0x0C, 0x0A, 0x15, 0x0C, 0x0A, 0x15, 0x0A, 0x0A, 0x15, 0x76, 0x2F, 0x40,
    0x79, 0x30, 0x41, 0x24, 0x10, 0x1B, 0x36, 0x16, 0x22, 0x15, 0x0C, 0x17, 0x67, 0x29, 0x38, 0x2A,
    0x12, 0x1D, 0x0C, 0x0A, 0x15, 0x0C, 0x0A, 0x15, 0x0C, 0x0A, 0x15, 0x0C, 0x0A, 0x15, 0x0C, 0x0A,
    0x15, 0x0C, 0x0A, 0x15, 0x0C, 0x0A, 0x15, 0x0C, 0x0A, 0x15, 0x0C, 0x0A, 0x15, 0x0C, 0x0A, 0x15,
    0x0C, 0x0A, 0x15, 0x0C, 0x0A, 0x15, 0x0C, 0x0A, 0x15, 0x0C, 0x0A, 0x15, 0x0C, 0x0A, 0x15, 0x0C,
    0x0A, 0x15, 0x0C, 0x0A, 0x15, 0x2E, 0x13, 0x1E, 0x24, 0x10, 0x1B, 0x2D, 0x12, 0x1E, 0x25, 0x10,
    0x1B, 0x2C, 0x12, 0x1E, 0x39, 0x16, 0x23, 0x2D, 0x12, 0x1E, 0x47, 0x1C, 0x28, 0x58, 0x22, 0x31,
    0x0C, 0x0A, 0x15, 0x0C, 0x0A, 0x15, 0x0C, 0x0A, 0x15, 0x0C, 0x0A, 0x15, 0x0C, 0x0A, 0x15, 0x0C,
    0x0A, 0x15, 0x0C, 0x0A, 0x15, 0x0C, 0x0A, 0x15, 0x0C, 0x0A, 0x15, 0x0C, 0x0A, 0x15, 0x0C, 0x0A,
    0x15, 0x0C, 0x0A, 0x15, 0x0C, 0x0A, 0x15, 0x0C, 0x0A, 0x15, 0x0C, 0x0A, 0x15, 0x0C, 0x0A, 0x15,
    0x0C, 0x0A, 0x15, 0x0C, 0x0A, 0x15, 0x0C, 0x0A, 0x15, 0x0C, 0x0A, 0x15, 0x0C, 0x0A, 0x15, 0x0C,
    0x0A, 0x15, 0x0C, 0x0A, 0x15, 0x0C, 0x0A, 0x15, 0x0C, 0x0A, 0x15, 0x0C, 0x0A, 0x15, 0x0C, 0x0A,
    0x15, 0x0C, 0x0A, 0x15, 0x0C, 0x0A, 0x15, 0x0C, 0x0A, 0x15, 0x0C, 0x0A, 0x15, 0x0C, 0x0A, 0x15,
    0x0C, 0x0A, 0x15, 0x0C, 0x0A, 0x15, 0x0C, 0x0A, 0x15, 0x0C, 0x0A, 0x15, 0x0C, 0x0A, 0x15, 0x0C,
    0x0A, 0x15, 0x0C, 0x0A, 0x15, 0x0C, 0x0A, 0x15, 0x0C, 0x0A, 0x15, 0x0C, 0x0A, 0x15, 0x33, 0x14,
    0x20, 0x18, 0x0C, 0x18, 0x0C, 0x0A, 0x15, 0x0C, 0x0A, 0x15, 0x32, 0x14, 0x20, 0x1B, 0x0D, 0x18,
    0x0C, 0x0A, 0x15, 0x0C, 0x0A, 0x15, 0x0C, 0x0A, 0x15, 0x0C, 0x0A, 0x15, 0x0C, 0x0A, 0x15, 0x0C,
    0x0A, 0x15, 0x2F, 0x13, 0x1F, 0x61, 0x26, 0x35, 0x6E, 0x2B, 0x3C, 0x6E, 0x2B, 0x3C, 0x75, 0x2E,
    0x3F, 0x72, 0x2D, 0x3E, 0x75, 0x2E, 0x3F, 0x58, 0x22, 0x31, 0x65, 0x28, 0x37, 0xB1, 0x73, 0x8B,
    0xCE, 0x8E, 0xAA, 0xCE, 0x8E, 0xAA, 0xCC, 0x88, 0xA8, 0xCB, 0x84, 0xA6, 0xB5, 0x77, 0x90, 0x9B,
    0x55, 0x70, 0xB3, 0x6B, 0x8D, 0x9B, 0x5C, 0x71, 0xAF, 0x78, 0x91, 0x3E, 0x18, 0x25, 0x5F, 0x25,
    0x34, 0x65, 0x3D, 0x53, 0xA1, 0x63, 0x83, 0x39, 0x16, 0x23, 0x62, 0x26, 0x35, 0x0C, 0x0A, 0x15,
    0x35, 0x15, 0x21, 0x81, 0x41, 0x57, 0xAD, 0x69, 0x8B, 0x65, 0x28, 0x37, 0x2F, 0x13, 0x1F, 0x6E,
    0x2B, 0x3C, 0x67, 0x29, 0x38, 0x0C, 0x0A, 0x15, 0x0C, 0x0A, 0x15, 0x0C, 0x0A, 0x15, 0x0C, 0x0A,
    0x15, 0x0C, 0x0A, 0x15, 0x1E, 0x0E, 0x19, 0x79, 0x30, 0x41, 0x79, 0x30, 0x41, 0x70, 0x2E, 0x3F,
    0xBD, 0x73, 0x97, 0x6F, 0x2C, 0x3C, 0x11, 0x0B, 0x16, 0x0C, 0x0A, 0x15, 0x0C, 0x0A, 0x15, 0x0A,
    0x0A, 0x15, 0x6C, 0x2A, 0x3A, 0x6E, 0x2C, 0x3C, 0x21, 0x0F, 0x1A, 0x6A, 0x2A, 0x39, 0x26, 0x10,
    0x1C, 0x0C, 0x0A, 0x15, 0x0C, 0x0A, 0x15, 0x0C, 0x0A, 0x15, 0x0C, 0x0A, 0x15, 0x0C, 0x0A, 0x15,
    0x0C, 0x0A, 0x15, 0x0C, 0x0A, 0x15, 0x0C, 0x0A, 0x15, 0x0C, 0x0A, 0x15, 0x0C, 0x0A, 0x15, 0x0C,
    0x0A, 0x15, 0x0C, 0x0A, 0x15, 0x0C, 0x0A, 0x15, 0x0C, 0x0A, 0x15, 0x0C, 0x0A, 0x15, 0x0C, 0x0A,
    0x15, 0x0C, 0x0A, 0x15, 0x0C, 0x0A, 0x15, 0x0C, 0x0A, 0x15, 0x5A, 0x23, 0x31, 0x46, 0x1B, 0x28,
    0x58, 0x22, 0x31, 0x48, 0x1C, 0x29, 0x57, 0x22, 0x30, 0x6E, 0x2B, 0x3C, 0x57, 0x22, 0x30, 0x0C,
    0x0A, 0x15, 0x0C, 0x0A, 0x15, 0x0C, 0x0A, 0x15, 0x0C, 0x0A, 0x15, 0x0C, 0x0A, 0x15, 0x0C, 0x0A,
    0x15, 0x0C, 0x0A, 0x15, 0x0C, 0x0A, 0x15, 0x0C, 0x0A, 0x15, 0x0C, 0x0A, 0x15, 0x0C, 0x0A, 0x15,
    0x0C, 0x0A, 0x15, 0x0C, 0x0A, 0x15, 0x0C, 0x0A, 0x15, 0x0C, 0x0A, 0x15, 0x0C, 0x0A, 0x15, 0x0C,
    0x0A, 0x15, 0x0C, 0x0A, 0x15, 0x0C, 0x0A, 0x15, 0x0C, 0x0A, 0x15, 0x0C, 0x0A, 0x15, 0x0C, 0x0A,
    0x15, 0x0C, 0x0A, 0x15, 0x0C, 0x0A, 0x15, 0x0C, 0x0A, 0x15, 0x0C, 0x0A, 0x15, 0x0C, 0x0A, 0x15,
    0x0C, 0x0A, 0x15, 0x0C, 0x0A, 0x15, 0x0C, 0x0A, 0x15, 0x0C, 0x0A, 0x15, 0x0C, 0x0A, 0x15, 0x0C,
    0x0A, 0x15, 0x0C, 0x0A, 0x15, 0x0C, 0x0A, 0x15, 0x0C, 0x0A, 0x15, 0x0C, 0x0A, 0x15, 0x0C, 0x0A,
    0x15, 0x0C, 0x0A, 0x15, 0x0C, 0x0A, 0x15, 0x0C, 0x0A, 0x15, 0x0C, 0x0A, 0x15, 0x0C, 0x0A, 0x15,
    0x0C, 0x0A, 0x15, 0x67, 0x28, 0x38, 0x30, 0x13, 0x1F, 0x0C, 0x0A, 0x15, 0x0C, 0x0A, 0x15, 0x64,
    0x27, 0x37, 0x36, 0x15, 0x21, 0x0C, 0x0A, 0x15, 0x2F, 0x13, 0x1F, 0x1C, 0x0D, 0x19, 0x0C, 0x0A,
    0x15, 0x0C, 0x0A, 0x15, 0x0C, 0x0A, 0x15, 0x67, 0x28, 0x38, 0x52, 0x20, 0x2E, 0x35, 0x15, 0x21,
    0x20, 0x0E, 0x1A, 0x63, 0x27, 0x36, 0x56, 0x22, 0x30, 0x66, 0x28, 0x37, 0x73, 0x2D, 0x3E, 0x75,
    0x2E, 0x3F, 0xC0, 0x9D, 0x9D, 0xE2, 0xC4, 0xC2, 0xE2, 0xC4, 0xC2, 0xDA, 0xB1, 0xB9, 0xD5, 0xA4,
    0xB3, 0xC8, 0xA5, 0xA7, 0xA6, 0x65, 0x7E, 0xB7, 0x78, 0x91, 0xA4, 0x7B, 0x7E, 0xC0, 0xA6, 0xA5,
    0x0C, 0x0A, 0x15, 0x0C, 0x0A, 0x15, 0x0C, 0x0A, 0x15, 0x0C, 0x0A, 0x15, 0x0C, 0x0A, 0x15, 0x0C,
    0x0A, 0x15, 0x1B, 0x0D, 0x18, 0x30, 0x13, 0x1F, 0x0C, 0x0A, 0x15, 0x0C, 0x0A, 0x15, 0x0C, 0x0A,
    0x15, 0x0C, 0x0A, 0x15, 0x0C, 0x0A, 0x15, 0x0C, 0x0A, 0x15, 0x0C, 0x0A, 0x15, 0x0C, 0x0A, 0x15,
    0x0C, 0x0A, 0x15, 0x0C, 0x0A, 0x15, 0x0C, 0x0A, 0x15, 0x1C, 0x0D, 0x18, 0x6F, 0x2C, 0x3C, 0x6E,
    0x2B, 0x3B, 0x13, 0x0B, 0x16, 0x6E, 0x2C, 0x3C, 0x0F, 0x0A, 0x15, 0x0C, 0x0A, 0x15, 0x0C, 0x0A,
    0x15, 0x0C, 0x0A, 0x15, 0x0C, 0x0A, 0x15, 0x0C, 0x0A, 0x15, 0x0C, 0x0A, 0x15, 0x0C, 0x0A, 0x15,
    0x0C, 0x0A, 0x15, 0x0C, 0x0A, 0x15, 0x0C, 0x0A, 0x15, 0x0C, 0x0A, 0x15, 0x0C, 0x0A, 0x15, 0x0C,
    0x0A, 0x15, 0x0C, 0x0A, 0x15, 0x0C, 0x0A, 0x15, 0x0C, 0x0A, 0x15, 0x0C, 0x0A, 0x15, 0x0C, 0x0A,
    0x15, 0x0C, 0x0A, 0x15, 0x0C, 0x0A, 0x15, 0x0C, 0x0A, 0x15, 0x0C, 0x0A, 0x15, 0x0C, 0x0A, 0x15,
    0x0C, 0x0A, 0x15, 0x0C, 0x0A, 0x15, 0x0C, 0x0A, 0x15, 0x0C, 0x0A, 0x15, 0x0C, 0x0A, 0x15, 0x0C,
    0x0A, 0x15, 0x0C, 0x0A, 0x15, 0x0C, 0x0A, 0x15, 0x0C, 0x0A, 0x15, 0x0C, 0x0A, 0x15, 0x0C, 0x0A,
    0x15, 0x0C, 0x0A, 0x15, 0x0C, 0x0A, 0x15, 0x0C, 0x0A, 0x15, 0x0C, 0x0A, 0x15, 0x0C, 0x0A, 0x15,
    0x0C, 0x0A, 0x15, 0x0C, 0x0A, 0x15, 0x0C, 0x0A, 0x15, 0x1E, 0x0E, 0x19, 0x2D, 0x13, 0x1E, 0x0C,
    0x0A, 0x15, 0x0C, 0x0A, 0x15, 0x0C, 0x0A, 0x15, 0x0C, 0x0A, 0x15, 0x0C, 0x0A, 0x15, 0x0C, 0x0A,
    0x15, 0x0C, 0x0A, 0x15, 0x0C, 0x0A, 0x15, 0x0C, 0x0A, 0x15, 0x0C, 0x0A, 0x15, 0x0C, 0x0A, 0x15,
    0x0C, 0x0A, 0x15, 0x0C, 0x0A, 0x15, 0x0C, 0x0A, 0x15, 0x0C, 0x0A, 0x15, 0x0C, 0x0A, 0x15, 0x0C,
    0x0A, 0x15, 0x0C, 0x0A, 0x15, 0x0C, 0x0A, 0x15, 0x0C, 0x0A, 0x15, 0x0C, 0x0A, 0x15, 0x0C, 0x0A,
    0x15, 0x0C, 0x0A, 0x15, 0x0C, 0x0A, 0x15, 0x0C, 0x0A, 0x15, 0x0C, 0x0A, 0x15, 0x0C, 0x0A, 0x15,
    0x0C, 0x0A, 0x15, 0x0C, 0x0A, 0x15, 0x0C, 0x0A, 0x15, 0x0C, 0x0A, 0x15, 0x0C, 0x0A, 0x15, 0x0C,
    0x0A, 0x15, 0x0C, 0x0A, 0x15, 0x0C, 0x0A, 0x15, 0x0C, 0x0A, 0x15, 0x0C, 0x0A, 0x15, 0x0C, 0x0A,
    0x15, 0x0C, 0x0A, 0x15, 0x0C, 0x0A, 0x15, 0x0C, 0x0A, 0x15, 0x0C, 0x0A, 0x15, 0x63, 0x27, 0x36,
    0x48, 0x1C, 0x29, 0x1C, 0x0D, 0x18, 0x0C, 0x0A, 0x15, 0x0C, 0x0A, 0x15, 0x67, 0x28, 0x38, 0x73,
    0x2D, 0x3E, 0x76, 0x2F, 0x40, 0x53, 0x20, 0x2E, 0x67, 0x28, 0x38, 0x79, 0x30, 0x41, 0x73, 0x2E,
    0x3E, 0x48, 0x1C, 0x29, 0x58, 0x23, 0x31, 0xBE, 0x9D, 0x9D, 0xE2, 0xC4, 0xC2, 0xE2, 0xC4, 0xC2,
    0xE2, 0xC4, 0xC2, 0xE2, 0xC4, 0xC2, 0xD9, 0xAF, 0xB8, 0xD2, 0x9A, 0xAF, 0xC7, 0xA5, 0xA5, 0xA3,
    0x75, 0x7C, 0xBD, 0x9F, 0xA1, 0x0C, 0x0A, 0x15, 0x0C, 0x0A, 0x15, 0x1C, 0x0D, 0x18, 0x2C, 0x12,
    0x1E, 0x0C, 0x0A, 0x15, 0x0C, 0x0A, 0x15, 0x37, 0x16, 0x22, 0x65, 0x28, 0x37, 0x0C, 0x0A, 0x15,
    0x0C, 0x0A, 0x15, 0x0C, 0x0A, 0x15, 0x0C, 0x0A, 0x15, 0x0C, 0x0A, 0x15, 0x0C, 0x0A, 0x15, 0x0C,
    0x0A, 0x15, 0x0C, 0x0A, 0x15, 0x0C, 0x0A, 0x15, 0x0C, 0x0A, 0x15, 0x0C, 0x0A, 0x15, 0x0C, 0x0A,
    0x15, 0x0C, 0x0A, 0x15, 0x0C, 0x0A, 0x15, 0x0C, 0x0A, 0x15, 0x0C, 0x0A, 0x15, 0x0C, 0x0A, 0x15,
    0x0C, 0x0A, 0x15, 0x0C, 0x0A, 0x15, 0x0C, 0x0A, 0x15, 0x0C, 0x0A, 0x15, 0x0C, 0x0A, 0x15, 0x0C,
    0x0A, 0x15, 0x0C, 0x0A, 0x15, 0x0C, 0x0A, 0x15, 0x0C, 0x0A, 0x15, 0x0C, 0x0A, 0x15, 0x0C, 0x0A,
    0x15, 0x0C, 0x0A, 0x15, 0x0C, 0x0A, 0x15, 0x0C, 0x0A, 0x15, 0x0C, 0x0A, 0x15, 0x0C, 0x0A, 0x15,
    0x0C, 0x0A, 0x15, 0x0C, 0x0A, 0x15, 0x0C, 0x0A, 0x15, 0x0C, 0x0A, 0x15, 0x0C, 0x0A, 0x15, 0x0C,
    0x0A, 0x15, 0x0C, 0x0A, 0x15, 0x0C, 0x0A, 0x15, 0x0C, 0x0A, 0x15, 0x0C, 0x0A, 0x15, 0x0C, 0x0A,
    0x15, 0x0C, 0x0A, 0x15, 0x0C, 0x0A, 0x15, 0x0C, 0x0A, 0x15, 0x0C, 0x0A, 0x15, 0x0C, 0x0A, 0x15,
    0x0C, 0x0A, 0x15, 0x0C, 0x0A, 0x15, 0x0C, 0x0A, 0x15, 0x0C, 0x0A, 0x15, 0x0C, 0x0A, 0x15, 0x0C,
    0x0A, 0x15, 0x0C, 0x0A, 0x15, 0x0C, 0x0A, 0x15, 0x0C, 0x0A, 0x15, 0x0C, 0x0A, 0x15, 0x40, 0x19,
    0x26, 0x60, 0x26, 0x34, 0x0C, 0x0A, 0x15, 0x0C, 0x0A, 0x15, 0x0C, 0x0A, 0x15, 0x0C, 0x0A, 0x15,
    0x0C, 0x0A, 0x15, 0x0C, 0x0A, 0x15, 0x0C, 0x0A, 0x15, 0x0C, 0x0A, 0x15, 0x0C, 0x0A, 0x15, 0x0C,
    0x0A, 0x15, 0x0C, 0x0A, 0x15, 0x0C, 0x0A, 0x15, 0x0C, 0x0A, 0x15, 0x0C, 0x0A, 0x15, 0x0C, 0x0A,
    0x15, 0x0C, 0x0A, 0x15, 0x0C, 0x0A, 0x15, 0x0C, 0x0A, 0x15, 0x0C, 0x0A, 0x15, 0x0C, 0x0A, 0x15,
    0x0C, 0x0A, 0x15, 0x0C, 0x0A, 0x15, 0x0C, 0x0A, 0x15, 0x0C, 0x0A, 0x15, 0x0C, 0x0A, 0x15, 0x0C,
    0x0A, 0x15, 0x0C, 0x0A, 0x15, 0x0C, 0x0A, 0x15, 0x0C, 0x0A, 0x15, 0x0C, 0x0A, 0x15, 0x0C, 0x0A,
    0x15, 0x0C, 0x0A, 0x15, 0x0C, 0x0A, 0x15, 0x0C, 0x0A, 0x15, 0x0C, 0x0A, 0x15, 0x2D, 0x12, 0x1E,
    0x16, 0x0C, 0x17, 0x0C, 0x0A, 0x15, 0x0C, 0x0A, 0x15, 0x0C, 0x0A, 0x15, 0x0C, 0x0A, 0x15, 0x0C,
    0x0A, 0x15, 0x0C, 0x0A, 0x15, 0x63, 0x27, 0x36, 0x3C, 0x18, 0x24, 0x0C, 0x0A, 0x15, 0x0C, 0x0A,
    0x15, 0x67, 0x28, 0x38, 0x50, 0x1F, 0x2D, 0x61, 0x26, 0x35, 0x71, 0x2D, 0x3D, 0x71, 0x2D, 0x3D,
    0x76, 0x2F, 0x40, 0x4D, 0x1E, 0x2B, 0x27, 0x10, 0x1C, 0x31, 0x14, 0x1F, 0xA9, 0x91, 0x90, 0xD3,
    0xB7, 0xB5, 0xD3, 0xB7, 0xB5, 0xD3, 0xB7, 0xB5, 0xD3, 0xB7, 0xB5, 0xCB, 0xA3, 0xAC, 0xC4, 0x90,
    0xA4, 0xBB, 0x9B, 0x9B, 0x93, 0x4E, 0x68, 0x9F, 0x62, 0x82, 0x0C, 0x0A, 0x15, 0x0C, 0x0A, 0x15,
    0x3D, 0x18, 0x24, 0x63, 0x27, 0x36, 0x0C, 0x0A, 0x15, 0x0C, 0x0A, 0x15, 0x0C, 0x0A, 0x15, 0x0C,
    0x0A, 0x15, 0x0C, 0x0A, 0x15, 0x0C, 0x0A, 0x15, 0x0C, 0x0A, 0x15, 0x0C, 0x0A, 0x15, 0x0C, 0x0A,
    0x15, 0x0C, 0x0A, 0x15, 0x0C, 0x0A, 0x15, 0x0C, 0x0A, 0x15, 0x0C, 0x0A, 0x15, 0x0C, 0x0A, 0x15,
    0x0C, 0x0A, 0x15, 0x0C, 0x0A, 0x15, 0x0C, 0x0A, 0x15, 0x0C, 0x0A, 0x15, 0x0C, 0x0A, 0x15, 0x0C,
    0x0A, 0x15, 0x0C, 0x0A, 0x15, 0x0C, 0x0A, 0x15, 0x0C, 0x0A, 0x15, 0x0C, 0x0A, 0x15, 0x0C, 0x0A,
    0x15, 0x0C, 0x0A, 0x15, 0x0C, 0x0A, 0x15, 0x0C, 0x0A, 0x15, 0x0C, 0x0A, 0x15, 0x0C, 0x0A, 0x15,
    0x0C, 0x0A, 0x15, 0x0C, 0x0A, 0x15, 0x0C, 0x0A, 0x15, 0x0C, 0x0A, 0x15, 0x0C, 0x0A, 0x15, 0x0C,
    0x0A, 0x15, 0x0C, 0x0A, 0x15, 0x0C, 0x0A, 0x15, 0x0C, 0x0A, 0x15, 0x0C, 0x0A, 0x15, 0x0C, 0x0A,
    0x15, 0x0C, 0x0A, 0x15, 0x0C, 0x0A, 0x15, 0x0C, 0x0A, 0x15, 0x0C, 0x0A, 0x15, 0x0C, 0x0A, 0x15,
    0x0C, 0x0A, 0x15, 0x0C, 0x0A, 0x15, 0x0C, 0x0A, 0x15, 0x0C, 0x0A, 0x15, 0x0C, 0x0A, 0x15, 0x0C,
    0x0A, 0x15, 0x0C, 0x0A, 0x15, 0x0C, 0x0A, 0x15, 0x0C, 0x0A, 0x15, 0x0C, 0x0A, 0x15, 0x0C, 0x0A,
    0x15, 0x0C, 0x0A, 0x15, 0x0C, 0x0A, 0x15, 0x0C, 0x0A, 0x15, 0x0C, 0x0A, 0x15, 0x0C, 0x0A, 0x15,
    0x0C, 0x0A, 0x15, 0x0C, 0x0A, 0x15, 0x0C, 0x0A, 0x15, 0x0C, 0x0A, 0x15, 0x0C, 0x0A, 0x15, 0x0C,
    0x0A, 0x15, 0x0C, 0x0A, 0x15, 0x0C, 0x0A, 0x15, 0x0C, 0x0A, 0x15, 0x0C, 0x0A, 0x15, 0x0C, 0x0A,
    0x15, 0x0C, 0x0A, 0x15, 0x0C, 0x0A, 0x15, 0x0C, 0x0A, 0x15, 0x0C, 0x0A, 0x15, 0x0C, 0x0A, 0x15,
    0x0C, 0x0A, 0x15, 0x0C, 0x0A, 0x15, 0x0C, 0x0A, 0x15, 0x0C, 0x0A, 0x15, 0x0C, 0x0A, 0x15, 0x0C,
    0x0A, 0x15, 0x0C, 0x0A, 0x15, 0x0C, 0x0A, 0x15, 0x0C, 0x0A, 0x15, 0x0C, 0x0A, 0x15, 0x0C, 0x0A,
    0x15, 0x0C, 0x0A, 0x15, 0x0C, 0x0A, 0x15, 0x0C, 0x0A, 0x15, 0x0C, 0x0A, 0x15, 0x0C, 0x0A, 0x15,
    0x0C, 0x0A, 0x15, 0x0C, 0x0A, 0x15, 0x2C, 0x12, 0x1E, 0x13, 0x0B, 0x16, 0x0C, 0x0A, 0x15, 0x0C,
    0x0A, 0x15, 0x69, 0x2A, 0x39, 0x31, 0x14, 0x1F, 0x0C, 0x0A, 0x15, 0x0C, 0x0A, 0x15, 0x2A, 0x11,
    0x1D, 0x17, 0x0C, 0x17, 0x0C, 0x0A, 0x15, 0x0C, 0x0A, 0x15, 0x0C, 0x0A, 0x15, 0x0C, 0x0A, 0x15,
    0x0C, 0x0A, 0x15, 0x0C, 0x0A, 0x15, 0x67, 0x28, 0x38, 0x74, 0x2E, 0x3E, 0x44, 0x1A, 0x27, 0x26,
    0x10, 0x1C, 0x1D, 0x0E, 0x19, 0x5C, 0x24, 0x33, 0x50, 0x1F, 0x2D, 0x5E, 0x25, 0x34, 0x76, 0x2F,
    0x40, 0x57, 0x22, 0x30, 0x2E, 0x12, 0x1E, 0x24, 0x0F, 0x1B, 0x0B, 0x0A, 0x15, 0x0B, 0x0A, 0x15,
    0x0B, 0x0A, 0x15, 0x0C, 0x0A, 0x15, 0x44, 0x1B, 0x27, 0x62, 0x27, 0x36, 0x27, 0x10, 0x1C, 0x0C,
    0x0A, 0x15, 0x0C, 0x0A, 0x15, 0x0C, 0x0A, 0x15, 0x0C, 0x0A, 0x15, 0x0C, 0x0A, 0x15, 0x0C, 0x0A,
    0x15, 0x0C, 0x0A, 0x15, 0x0C, 0x0A, 0x15, 0x0C, 0x0A, 0x15, 0x0C, 0x0A, 0x15, 0x0C, 0x0A, 0x15,
    0x0C, 0x0A, 0x15, 0x0C, 0x0A, 0x15, 0x0C, 0x0A, 0x15, 0x0C, 0x0A, 0x15, 0x0C, 0x0A, 0x15, 0x0C,
    0x0A, 0x15, 0x0C, 0x0A, 0x15, 0x0C, 0x0A, 0x15, 0x0C, 0x0A, 0x15, 0x0C, 0x0A, 0x15, 0x0C, 0x0A,
    0x15, 0x0C, 0x0A, 0x15, 0x0C, 0x0A, 0x15, 0x0C, 0x0A, 0x15, 0x0C, 0x0A, 0x15, 0x0C, 0x0A, 0x15,
    0x0C, 0x0A, 0x15, 0x0C, 0x0A, 0x15, 0x0C, 0x0A, 0x15, 0x0C, 0x0A, 0x15, 0x0C, 0x0A, 0x15, 0x0C,
    0x0A, 0x15, 0x0C, 0x0A, 0x15, 0x0C, 0x0A, 0x15, 0x0C, 0x0A, 0x15, 0x0C, 0x0A, 0x15, 0x0C, 0x0A,
    0x15, 0x0C, 0x0A, 0x15, 0x0C, 0x0A, 0x15, 0x0C, 0x0A, 0x15, 0x0C, 0x0A, 0x15, 0x0C, 0x0A, 0x15,
    0x0C, 0x0A, 0x15, 0x0C, 0x0A, 0x15, 0x0C, 0x0A, 0x15, 0x0C, 0x0A, 0x15, 0x0C, 0x0A, 0x15, 0x0C,
    0x0A, 0x15, 0x0C, 0x0A, 0x15, 0x0C, 0x0A, 0x15, 0x0C, 0x0A, 0x15, 0x0C, 0x0A, 0x15, 0x0C, 0x0A,
    0x15, 0x0C, 0x0A, 0x15, 0x0C, 0x0A, 0x15, 0x0C, 0x0A, 0x15, 0x0C, 0x0A, 0x15, 0x0C, 0x0A, 0x15,
    0x0C, 0x0A, 0x15, 0x0C, 0x0A, 0x15, 0x0C, 0x0A, 0x15, 0x0C, 0x0A, 0x15, 0x0C, 0x0A, 0x15, 0x0C,
    0x0A, 0x15, 0x0C, 0x0A, 0x15, 0x0C, 0x0A, 0x15, 0x0C, 0x0A, 0x15, 0x0C, 0x0A, 0x15, 0x0C, 0x0A,
    0x15, 0x0C, 0x0A, 0x15, 0x0C, 0x0A, 0x15, 0x0C, 0x0A, 0x15, 0x0C, 0x0A, 0x15, 0x0C, 0x0A, 0x15,
    0x0C, 0x0A, 0x15, 0x0C, 0x0A, 0x15, 0x0C, 0x0A, 0x15, 0x0C, 0x0A, 0x15, 0x0C, 0x0A, 0x15, 0x0C,
    0x0A, 0x15, 0x0C, 0x0A, 0x15, 0x0C, 0x0A, 0x15, 0x0C, 0x0A, 0x15, 0x0C, 0x0A, 0x15, 0x0C, 0x0A,
    0x15, 0x0C, 0x0A, 0x15, 0x0C, 0x0A, 0x15, 0x0C, 0x0A, 0x15, 0x0C, 0x0A, 0x15, 0x0C, 0x0A, 0x15,
    0x0C, 0x0A, 0x15, 0x0C, 0x0A, 0x15, 0x0C, 0x0A, 0x15, 0x0C, 0x0A, 0x15, 0x0C, 0x0A, 0x15, 0x0C,
    0x0A, 0x15, 0x0C, 0x0A, 0x15, 0x0C, 0x0A, 0x15, 0x0B, 0x0A, 0x15, 0x6E, 0x2B, 0x3B, 0x29, 0x11,
    0x1D, 0x0C, 0x0A, 0x15, 0x0C, 0x0A, 0x15, 0x0C, 0x0A, 0x15, 0x0C, 0x0A, 0x15, 0x0C, 0x0A, 0x15,
    0x0C, 0x0A, 0x15, 0x68, 0x29, 0x38, 0x38, 0x16, 0x22, 0x0C, 0x0A, 0x15, 0x0C, 0x0A, 0x15, 0x0C,
    0x0A, 0x15, 0x0C, 0x0A, 0x15, 0x0C, 0x0A, 0x15, 0x0C, 0x0A, 0x15, 0x61, 0x26, 0x35, 0x4B, 0x1D,
    0x2A, 0x2B, 0x12, 0x1D, 0x67, 0x28, 0x38, 0x52, 0x20, 0x2D, 0x1B, 0x0D, 0x18, 0x5C, 0x24, 0x33,
    0x4A, 0x1D, 0x2A, 0x5B, 0x23, 0x32, 0x76, 0x2F, 0x40, 0x79, 0x30, 0x41, 0x63, 0x27, 0x36, 0x2B,
    0x12, 0x1D, 0x2B, 0x12, 0x1D, 0x23, 0x0F, 0x1B, 0x0C, 0x0A, 0x15, 0x0C, 0x0A, 0x15, 0x43, 0x1A,
    0x27, 0x61, 0x26, 0x35, 0x0C, 0x0A, 0x15, 0x0C, 0x0A, 0x15, 0x0C, 0x0A, 0x15, 0x0C, 0x0A, 0x15,
    0x0C, 0x0A, 0x15, 0x17, 0x0C, 0x17, 0x27, 0x10, 0x1C, 0x0C, 0x0A, 0x15, 0x0C, 0x0A, 0x15, 0x0C,
    0x0A, 0x15, 0x0C, 0x0A, 0x15, 0x0C, 0x0A, 0x15, 0x0C, 0x0A, 0x15, 0x0C, 0x0A, 0x15, 0x12, 0x0B,
    0x16, 0x29, 0x11, 0x1D, 0x0C, 0x0A, 0x15, 0x0C, 0x0A, 0x15, 0x0C, 0x0A, 0x15, 0x0C, 0x0A, 0x15,
    0x0C, 0x0A, 0x15, 0x0C, 0x0A, 0x15, 0x0C, 0x0A, 0x15, 0x0D, 0x0A, 0x15, 0x2B, 0x12, 0x1D, 0x0D,
    0x0A, 0x15, 0x0C, 0x0A, 0x15, 0x0C, 0x0A, 0x15, 0x0C, 0x0A, 0x15, 0x0C, 0x0A, 0x15, 0x0C, 0x0A,
    0x15, 0x0C, 0x0A, 0x15, 0x0C, 0x0A, 0x15, 0x0C, 0x0A, 0x15, 0x0C, 0x0A, 0x15, 0x0C, 0x0A, 0x15,
    0x0C, 0x0A, 0x15, 0x0C, 0x0A, 0x15, 0x0C, 0x0A, 0x15, 0x0C, 0x0A, 0x15, 0x0C, 0x0A, 0x15, 0x0C,
    0x0A, 0x15, 0x0C, 0x0A, 0x15, 0x0C, 0x0A, 0x15, 0x0C, 0x0A, 0x15, 0x0C, 0x0A, 0x15, 0x0C, 0x0A,
    0x15, 0x0C, 0x0A, 0x15, 0x0C, 0x0A, 0x15, 0x0C, 0x0A, 0x15, 0x0C, 0x0A, 0x15, 0x0C, 0x0A, 0x15,
    0x0C, 0x0A, 0x15, 0x0C, 0x0A, 0x15, 0x0C, 0x0A, 0x15, 0x0C, 0x0A, 0x15, 0x0C, 0x0A, 0x15, 0x0C,
    0x0A, 0x15, 0x0C, 0x0A, 0x15, 0x0C, 0x0A, 0x15, 0x0C, 0x0A, 0x15, 0x0C, 0x0A, 0x15, 0x0C, 0x0A,
    0x15, 0x0C, 0x0A, 0x15, 0x0C, 0x0A, 0x15, 0x0C, 0x0A, 0x15, 0x0C, 0x0A, 0x15, 0x0C, 0x0A, 0x15,
    0x0C, 0x0A, 0x15, 0x0C, 0x0A, 0x15, 0x0C, 0x0A, 0x15, 0x0C, 0x0A, 0x15, 0x0C, 0x0A, 0x15, 0x0C,
    0x0A, 0x15, 0x0C, 0x0A, 0x15, 0x0C, 0x0A, 0x15, 0x0C, 0x0A, 0x15, 0x0C, 0x0A, 0x15, 0x0C, 0x0A,
    0x15, 0x0C, 0x0A, 0x15, 0x0C, 0x0A, 0x15, 0x0C, 0x0A, 0x15, 0x0C, 0x0A, 0x15, 0x0C, 0x0A, 0x15,
    0x0C, 0x0A, 0x15, 0x0C, 0x0A, 0x15, 0x0C, 0x0A, 0x15, 0x0C, 0x0A, 0x15, 0x0C, 0x0A, 0x15, 0x0C,
    0x0A, 0x15, 0x0C, 0x0A, 0x15, 0x0C, 0x0A, 0x15, 0x0C, 0x0A, 0x15, 0x0C, 0x0A, 0x15, 0x0C, 0x0A,
    0x15, 0x0C, 0x0A, 0x15, 0x0C, 0x0A, 0x15, 0x0C, 0x0A, 0x15, 0x0C, 0x0A, 0x15, 0x0C, 0x0A, 0x15,
    0x0B, 0x0A, 0x15, 0x0C, 0x0A, 0x15, 0x0C, 0x0A, 0x15, 0x26, 0x10, 0x1B, 0x13, 0x0B, 0x16, 0x0C,
    0x0A, 0x15, 0x0C, 0x0A, 0x15, 0x0C, 0x0A, 0x15, 0x0B, 0x0A, 0x15, 0x0C, 0x0A, 0x15, 0x0C, 0x0A,
    0x15, 0x0C, 0x0A, 0x15, 0x0C, 0x0A, 0x15, 0x0C, 0x0A, 0x15, 0x23, 0x0F, 0x1B, 0x17, 0x0C, 0x17,
    0x22, 0x0F, 0x1A, 0x63, 0x27, 0x36, 0x77, 0x2F, 0x40, 0x75, 0x2F, 0x3F, 0x74, 0x2E, 0x3E, 0x4E,
    0x1F, 0x2C, 0x28, 0x11, 0x1C, 0x1A, 0x0D, 0x18, 0x0B, 0x0A, 0x15, 0x5F, 0x25, 0x34, 0x77, 0x2F,
    0x40, 0x74, 0x2E, 0x3E, 0x76, 0x2F, 0x3F, 0x79, 0x30, 0x41, 0x65, 0x28, 0x37, 0x28, 0x11, 0x1C,
    0x28, 0x11, 0x1C, 0x22, 0x0F, 0x1A, 0x0B, 0x0A, 0x15, 0x0C, 0x0A, 0x15, 0x0C, 0x0A, 0x15, 0x0C,
    0x0A, 0x15, 0x0C, 0x0A, 0x15, 0x0C, 0x0A, 0x15, 0x3A, 0x17, 0x23, 0x69, 0x29, 0x39, 0x24, 0x10,
    0x1B, 0x0C, 0x0A, 0x15, 0x14, 0x0B, 0x17, 0x25, 0x10, 0x1B, 0x0C, 0x0A, 0x15, 0x0C, 0x0A, 0x15,
    0x0C, 0x0A, 0x15, 0x2B, 0x12, 0x1D, 0x6E, 0x2B, 0x3B, 0x0B, 0x0A, 0x15, 0x0C, 0x0A, 0x15, 0x0C,
    0x0A, 0x15, 0x0C, 0x0A, 0x15, 0x0C, 0x0A, 0x15, 0x0C, 0x0A, 0x15, 0x0C, 0x0A, 0x15, 0x11, 0x0B,
    0x16, 0x73, 0x2E, 0x3E, 0x11, 0x0B, 0x16, 0x0C, 0x0A, 0x15, 0x0C, 0x0A, 0x15, 0x0C, 0x0A, 0x15,
    0x0C, 0x0A, 0x15, 0x0C, 0x0A, 0x15, 0x0C, 0x0A, 0x15, 0x0C, 0x0A, 0x15, 0x0C, 0x0A, 0x15, 0x0C,
    0x0A, 0x15, 0x0C, 0x0A, 0x15, 0x0C, 0x0A, 0x15, 0x0C, 0x0A, 0x15, 0x0C, 0x0A, 0x15, 0x0C, 0x0A,
    0x15, 0x0C, 0x0A, 0x15, 0x0C, 0x0A, 0x15, 0x0C, 0x0A, 0x15, 0x0C, 0x0A, 0x15, 0x0C, 0x0A, 0x15,
    0x0C, 0x0A, 0x15, 0x0C, 0x0A, 0x15, 0x0C, 0x0A, 0x15, 0x0C, 0x0A, 0x15, 0x0C, 0x0A, 0x15, 0x0C,
    0x0A, 0x15, 0x0C, 0x0A, 0x15, 0x0C, 0x0A, 0x15, 0x0C, 0x0A, 0x15, 0x0C, 0x0A, 0x15, 0x0C, 0x0A,
    0x15, 0x0C, 0x0A, 0x15, 0x0C, 0x0A, 0x15, 0x0C, 0x0A, 0x15, 0x0C, 0x0A, 0x15, 0x0C, 0x0A, 0x15,
    0x0C, 0x0A, 0x15, 0x0C, 0x0A, 0x15, 0x0C, 0x0A, 0x15, 0x0C, 0x0A, 0x15, 0x0C, 0x0A, 0x15, 0x0C,
    0x0A, 0x15, 0x0C, 0x0A, 0x15, 0x0C, 0x0A, 0x15, 0x0C, 0x0A, 0x15, 0x0C, 0x0A, 0x15, 0x0C, 0x0A,
    0x15, 0x0C, 0x0A, 0x15, 0x0C, 0x0A, 0x15, 0x0C, 0x0A, 0x15, 0x0C, 0x0A, 0x15, 0x0C, 0x0A, 0x15,
    0x0C, 0x0A, 0x15, 0x0C, 0x0A, 0x15, 0x0C, 0x0A, 0x15, 0x0C, 0x0A, 0x15, 0x0C, 0x0A, 0x15, 0x0C,
    0x0A, 0x15, 0x0C, 0x0A, 0x15, 0x0C, 0x0A, 0x15, 0x0C, 0x0A, 0x15, 0x0C, 0x0A, 0x15, 0x0C, 0x0A,
    0x15, 0x0C, 0x0A, 0x15, 0x0C, 0x0A, 0x15, 0x0C, 0x0A, 0x15, 0x0C, 0x0A, 0x15, 0x0C, 0x0A, 0x15,
    0x0C, 0x0A, 0x15, 0x0C, 0x0A, 0x15, 0x0C, 0x0A, 0x15, 0x0C, 0x0A, 0x15, 0x0C, 0x0A, 0x15, 0x0C,
    0x0A, 0x15, 0x0C, 0x0A, 0x15, 0x0C, 0x0A, 0x15, 0x0C, 0x0A, 0x15, 0x0C, 0x0A, 0x15, 0x6D, 0x2B,
    0x3B, 0x30, 0x14, 0x1F, 0x0C, 0x0A, 0x15, 0x0C, 0x0A, 0x15, 0x22, 0x0F, 0x1A, 0x13, 0x0B, 0x16,
    0x0C, 0x0A, 0x15, 0x0C, 0x0A, 0x15, 0x0C, 0x0A, 0x15, 0x0C, 0x0A, 0x15, 0x0C, 0x0A, 0x15, 0x65,
    0x28, 0x37, 0x41, 0x1A, 0x26, 0x63, 0x27, 0x36, 0x44, 0x1B, 0x27, 0x65, 0x28, 0x37, 0x49, 0x1D,
    0x2A, 0x0A, 0x0A, 0x15, 0x5F, 0x25, 0x34, 0x77, 0x2F, 0x40, 0x4E, 0x1F, 0x2C, 0x1E, 0x0E, 0x19,
    0x5E, 0x25, 0x33, 0x5C, 0x24, 0x32, 0x0A, 0x0A, 0x15, 0x4B, 0x1D, 0x2A, 0x74, 0x2E, 0x3F, 0x75,
    0x2E, 0x3F, 0x75, 0x2E, 0x3F, 0x75, 0x2E, 0x3F, 0x62, 0x26, 0x35, 0x0C, 0x0A, 0x15, 0x0C, 0x0A,
    0x15, 0x0C, 0x0A, 0x15, 0x15, 0x0C, 0x17, 0x21, 0x0F, 0x1A, 0x0C, 0x0A, 0x15, 0x0C, 0x0A, 0x15,
    0x39, 0x16, 0x23, 0x69, 0x29, 0x39, 0x0C, 0x0A, 0x15, 0x35, 0x15, 0x21, 0x6B, 0x2A, 0x3A, 0x0C,
    0x0A, 0x15, 0x0C, 0x0A, 0x15, 0x0C, 0x0A, 0x15, 0x0C, 0x0A, 0x15, 0x0A, 0x0A, 0x15, 0x0C, 0x0A,
    0x15, 0x0C, 0x0A, 0x15, 0x0C, 0x0A, 0x15, 0x0C, 0x0A, 0x15, 0x0C, 0x0A, 0x15, 0x0C, 0x0A, 0x15,
    0x0C, 0x0A, 0x15, 0x0C, 0x0A, 0x15, 0x0A, 0x0A, 0x15, 0x0C, 0x0A, 0x15, 0x0C, 0x0A, 0x15, 0x0C,
    0x0A, 0x15, 0x0C, 0x0A, 0x15, 0x0C, 0x0A, 0x15, 0x0C, 0x0A, 0x15, 0x0C, 0x0A, 0x15, 0x0C, 0x0A,
    0x15, 0x0C, 0x0A, 0x15, 0x0C, 0x0A, 0x15, 0x0C, 0x0A, 0x15, 0x0C, 0x0A, 0x15, 0x0C, 0x0A, 0x15,
    0x0C, 0x0A, 0x15, 0x0C, 0x0A, 0x15, 0x0C, 0x0A, 0x15, 0x0C, 0x0A, 0x15, 0x0C, 0x0A, 0x15, 0x0C,
    0x0A, 0x15, 0x0C, 0x0A, 0x15, 0x0C, 0x0A, 0x15, 0x0C, 0x0A, 0x15, 0x0C, 0x0A, 0x15, 0x0C, 0x0A,
    0x15, 0x0C, 0x0A, 0x15, 0x0C, 0x0A, 0x15, 0x0C, 0x0A, 0x15, 0x0C, 0x0A, 0x15, 0x0C, 0x0A, 0x15,
    0x0C, 0x0A, 0x15, 0x0C, 0x0A, 0x15, 0x0C, 0x0A, 0x15, 0x0C, 0x0A, 0x15, 0x0C, 0x0A, 0x15, 0x0C,
    0x0A, 0x15, 0x0C, 0x0A, 0x15, 0x0C, 0x0A, 0x15, 0x0C, 0x0A, 0x15, 0x0C, 0x0A, 0x15, 0x0C, 0x0A,
    0x15, 0x0C, 0x0A, 0x15, 0x0C, 0x0A, 0x15, 0x0C, 0x0A, 0x15, 0x0C, 0x0A, 0x15, 0x0C, 0x0A, 0x15,
    0x0C, 0x0A, 0x15, 0x0C, 0x0A, 0x15, 0x0C, 0x0A, 0x15, 0x0C, 0x0A, 0x15, 0x0C, 0x0A, 0x15, 0x0C,
    0x0A, 0x15, 0x0C, 0x0A, 0x15, 0x0C, 0x0A, 0x15, 0x0C, 0x0A, 0x15, 0x0C, 0x0A, 0x15, 0x0C, 0x0A,
    0x15, 0x0C, 0x0A, 0x15, 0x0C, 0x0A, 0x15, 0x0C, 0x0A, 0x15, 0x0C, 0x0A, 0x15, 0x0C, 0x0A, 0x15,
    0x0C, 0x0A, 0x15, 0x0C, 0x0A, 0x15, 0x0C, 0x0A, 0x15, 0x0C, 0x0A, 0x15, 0x0C, 0x0A, 0x15, 0x0C,
    0x0A, 0x15, 0x0C, 0x0A, 0x15, 0x0C, 0x0A, 0x15, 0x0C, 0x0A, 0x15, 0x0C, 0x0A, 0x15, 0x0C, 0x0A,
    0x15, 0x0C, 0x0A, 0x15, 0x0C, 0x0A, 0x15, 0x0C, 0x0A, 0x15, 0x0C, 0x0A, 0x15, 0x0C, 0x0A, 0x15,
    0x0C, 0x0A, 0x15, 0x0A, 0x0A, 0x15, 0x0C, 0x0A, 0x15, 0x0C, 0x0A, 0x15, 0x0C, 0x0A, 0x15, 0x6B,
    0x2A, 0x3A, 0x38, 0x16, 0x22, 0x0C, 0x0A, 0x15, 0x1E, 0x0E, 0x19, 0x13, 0x0B, 0x16, 0x0C, 0x0A,
    0x15, 0x0C, 0x0A, 0x15, 0x0A, 0x0A, 0x15, 0x0B, 0x0A, 0x15, 0x0A, 0x0A, 0x15, 0x0B, 0x0A, 0x15,
    0x62, 0x26, 0x35, 0x4B, 0x1D, 0x2B, 0x16, 0x0C, 0x17, 0x0B, 0x0A, 0x15, 0x5E, 0x25, 0x34, 0x4C,
    0x1E, 0x2B, 0x5D, 0x24, 0x33, 0x51, 0x20, 0x2D, 0x21, 0x0F, 0x1A, 0x1B, 0x0D, 0x18, 0x16, 0x0C,
    0x17, 0x21, 0x0F, 0x1A, 0x1B, 0x0D, 0x18, 0x14, 0x0C, 0x17, 0x1B, 0x0D, 0x18, 0x14, 0x0C, 0x17,
    0x1D, 0x0E, 0x19, 0x0C, 0x0A, 0x15, 0x0C, 0x0A, 0x15, 0x40, 0x19, 0x25, 0x67, 0x28, 0x38, 0x13,
    0x0B, 0x16, 0x1E, 0x0E, 0x19, 0x0C, 0x0A, 0x15, 0x0A, 0x0A, 0x15, 0x0C, 0x0A, 0x15, 0x0C, 0x0A,
    0x15, 0x0A, 0x0A, 0x15, 0x0C, 0x0A, 0x15, 0x11, 0x0B, 0x16, 0x20, 0x0E, 0x1A, 0x0C, 0x0A, 0x15,
    0x0C, 0x0A, 0x15, 0x0C, 0x0A, 0x15, 0x0C, 0x0A, 0x15, 0x0C, 0x0A, 0x15, 0x0C, 0x0A, 0x15, 0x0C,
    0x0A, 0x15, 0x0C, 0x0A, 0x15, 0x0C, 0x0A, 0x15, 0x0C, 0x0A, 0x15, 0x0C, 0x0A, 0x15, 0x0C, 0x0A,
    0x15, 0x0C, 0x0A, 0x15, 0x0C, 0x0A, 0x15, 0x0C, 0x0A, 0x15, 0x0C, 0x0A, 0x15, 0x0C, 0x0A, 0x15,
    0x0C, 0x0A, 0x15, 0x0C, 0x0A, 0x15, 0x0C, 0x0A, 0x15, 0x0C, 0x0A, 0x15, 0x0C, 0x0A, 0x15, 0x0C,
    0x0A, 0x15, 0x0C, 0x0A, 0x15, 0x0C, 0x0A, 0x15, 0x0C, 0x0A, 0x15, 0x0C, 0x0A, 0x15, 0x0C, 0x0A,
    0x15, 0x0C, 0x0A, 0x15, 0x0C, 0x0A, 0x15, 0x0C, 0x0A, 0x15, 0x0C, 0x0A, 0x15, 0x0C, 0x0A, 0x15,
    0x0C, 0x0A, 0x15, 0x0C, 0x0A, 0x15, 0x0C, 0x0A, 0x15, 0x0C, 0x0A, 0x15, 0x0C, 0x0A, 0x15, 0x0C,
    0x0A, 0x15, 0x0C, 0x0A, 0x15, 0x0C, 0x0A, 0x15, 0x0C, 0x0A, 0x15, 0x0C, 0x0A, 0x15, 0x0C, 0x0A,
    0x15, 0x0C, 0x0A, 0x15, 0x0C, 0x0A, 0x15, 0x0C, 0x0A, 0x15, 0x0C, 0x0A, 0x15, 0x0C, 0x0A, 0x15,
    0x0C, 0x0A, 0x15, 0x0C, 0x0A, 0x15, 0x0C, 0x0A, 0x15, 0x0C, 0x0A, 0x15, 0x0C, 0x0A, 0x15, 0x0C,
    0x0A, 0x15, 0x0C, 0x0A, 0x15, 0x0C, 0x0A, 0x15, 0x0C, 0x0A, 0x15, 0x0C, 0x0A, 0x15, 0x0C, 0x0A,
    0x15, 0x0C, 0x0A, 0x15, 0x0C, 0x0A, 0x15, 0x0C, 0x0A, 0x15, 0x0C, 0x0A, 0x15, 0x0C, 0x0A, 0x15,
    0x0C, 0x0A, 0x15, 0x0C, 0x0A, 0x15, 0x0C, 0x0A, 0x15, 0x0C, 0x0A, 0x15, 0x0C, 0x0A, 0x15, 0x0C,
    0x0A, 0x15, 0x0C, 0x0A, 0x15, 0x0C, 0x0A, 0x15, 0x0C, 0x0A, 0x15, 0x0C, 0x0A, 0x15, 0x0C, 0x0A,
    0x15, 0x0C, 0x0A, 0x15, 0x0C, 0x0A, 0x15, 0x0C, 0x0A, 0x15, 0x0C, 0x0A, 0x15, 0x0C, 0x0A, 0x15,
    0x0C, 0x0A, 0x15, 0x0C, 0x0A, 0x15, 0x0C, 0x0A, 0x15, 0x0C, 0x0A, 0x15, 0x0C, 0x0A, 0x15, 0x1D,
    0x0E, 0x19, 0x0F, 0x0A, 0x15, 0x0C, 0x0A, 0x15, 0x0C, 0x0A, 0x15, 0x0C, 0x0A, 0x15, 0x0C, 0x0A,
    0x15, 0x0C, 0x0A, 0x15, 0x0A, 0x0A, 0x15, 0x0C, 0x0A, 0x15, 0x0C, 0x0A, 0x15, 0x6A, 0x2A, 0x39,
    0x3C, 0x18, 0x24, 0x0C, 0x0A, 0x15, 0x0C, 0x0A, 0x15, 0x0C, 0x0A, 0x15, 0x0C, 0x0A, 0x15, 0x1A,
    0x0D, 0x18, 0x1E, 0x0E, 0x19, 0x12, 0x0B, 0x16, 0x64, 0x27, 0x36, 0x4E, 0x1E, 0x2C, 0x1E, 0x0E,
    0x19, 0x1E, 0x0E, 0x19, 0x14, 0x0C, 0x17, 0x18, 0x0C, 0x17, 0x5E, 0x25, 0x34, 0x78, 0x2F, 0x40,
    0x62, 0x26, 0x35, 0x4F, 0x1F, 0x2C, 0x77, 0x2F, 0x40, 0x63, 0x27, 0x36, 0x4A, 0x1D, 0x2A, 0x65,
    0x28, 0x37, 0x46, 0x1B, 0x28, 0x65, 0x28, 0x37, 0x1A, 0x0D, 0x18, 0x0C, 0x0A, 0x15, 0x0B, 0x0A,
    0x15, 0x0A, 0x0A, 0x15, 0x3D, 0x18, 0x24, 0x6A, 0x2A, 0x39, 0x1B, 0x0D, 0x18, 0x0C, 0x0A, 0x15,
    0x0C, 0x0A, 0x15, 0x0C, 0x0A, 0x15, 0x0C, 0x0A, 0x15, 0x0C, 0x0A, 0x15, 0x30, 0x13, 0x1F, 0x6F,
    0x2C, 0x3C, 0x0C, 0x0A, 0x15, 0x0C, 0x0A, 0x15, 0x0C, 0x0A, 0x15, 0x0C, 0x0A, 0x15, 0x0C, 0x0A,
    0x15, 0x0C, 0x0A, 0x15, 0x0C, 0x0A, 0x15, 0x0C, 0x0A, 0x15, 0x0C, 0x0A, 0x15, 0x0C, 0x0A, 0x15,
    0x0C, 0x0A, 0x15, 0x0C, 0x0A, 0x15, 0x0C, 0x0A, 0x15, 0x0C, 0x0A, 0x15, 0x0C, 0x0A, 0x15, 0x0C,
    0x0A, 0x15, 0x0C, 0x0A, 0x15, 0x0C, 0x0A, 0x15, 0x0C, 0x0A, 0x15, 0x0C, 0x0A, 0x15, 0x0C, 0x0A,
    0x15, 0x0C, 0x0A, 0x15, 0x0C, 0x0A, 0x15, 0x0C, 0x0A, 0x15, 0x0C, 0x0A, 0x15, 0x0C, 0x0A, 0x15,
    0x0C, 0x0A, 0x15, 0x0C, 0x0A, 0x15, 0x0C, 0x0A, 0x15, 0x0C, 0x0A, 0x15, 0x0C, 0x0A, 0x15, 0x0C,
    0x0A, 0x15, 0x0C, 0x0A, 0x15, 0x0C, 0x0A, 0x15, 0x0C, 0x0A, 0x15, 0x0C, 0x0A, 0x15, 0x0C, 0x0A,
    0x15, 0x0C, 0x0A, 0x15, 0x0C, 0x0A, 0x15, 0x0C, 0x0A, 0x15, 0x0C, 0x0A, 0x15, 0x0C, 0x0A, 0x15,
    0x0C, 0x0A, 0x15, 0x0C, 0x0A, 0x15, 0x0C, 0x0A, 0x15, 0x0C, 0x0A, 0x15, 0x0C, 0x0A, 0x15, 0x0C,
    0x0A, 0x15, 0x0C, 0x0A, 0x15, 0x0C, 0x0A, 0x15, 0x0C, 0x0A, 0x15, 0x0C, 0x0A, 0x15, 0x0C, 0x0A,
    0x15, 0x0C, 0x0A, 0x15, 0x0C, 0x0A, 0x15, 0x0C, 0x0A, 0x15, 0x0C, 0x0A, 0x15, 0x0C, 0x0A, 0x15,
    0x0C, 0x0A, 0x15, 0x0C, 0x0A, 0x15, 0x0C, 0x0A, 0x15, 0x0C, 0x0A, 0x15, 0x0C, 0x0A, 0x15, 0x0C,
    0x0A, 0x15, 0x0C, 0x0A, 0x15, 0x0C, 0x0A, 0x15, 0x0C, 0x0A, 0x15, 0x0C, 0x0A, 0x15, 0x0C, 0x0A,
    0x15, 0x0C, 0x0A, 0x15, 0x0C, 0x0A, 0x15, 0x0C, 0x0A, 0x15, 0x0C, 0x0A, 0x15, 0x0C, 0x0A, 0x15,
    0x0C, 0x0A, 0x15, 0x0C, 0x0A, 0x15, 0x0C, 0x0A, 0x15, 0x0C, 0x0A, 0x15, 0x0C, 0x0A, 0x15, 0x0C,
    0x0A, 0x15, 0x0C, 0x0A, 0x15, 0x0C, 0x0A, 0x15, 0x0C, 0x0A, 0x15, 0x0C, 0x0A, 0x15, 0x0C, 0x0A,
    0x15, 0x0A, 0x0A, 0x15, 0x72, 0x2D, 0x3D, 0x2B, 0x12, 0x1D, 0x0C, 0x0A, 0x15, 0x0C, 0x0A, 0x15,
    0x0C, 0x0A, 0x15, 0x0C, 0x0A, 0x15, 0x0C, 0x0A, 0x15, 0x0C, 0x0A, 0x15, 0x0C, 0x0A, 0x15, 0x0C,
    0x0A, 0x15, 0x0A, 0x0A, 0x15, 0x0B, 0x0A, 0x15, 0x0C, 0x0A, 0x15, 0x0C, 0x0A, 0x15, 0x0C, 0x0A,
    0x15, 0x0C, 0x0A, 0x15, 0x67, 0x28, 0x38, 0x79, 0x30, 0x41, 0x48, 0x1C, 0x29, 0x62, 0x27, 0x36,
    0x78, 0x30, 0x41, 0x78, 0x30, 0x40, 0x77, 0x2F, 0x40, 0x4D, 0x1E, 0x2B, 0x60, 0x26, 0x34, 0x52,
    0x20, 0x2E, 0x50, 0x1F, 0x2D, 0x77, 0x2F, 0x40, 0x5F, 0x25, 0x34, 0x4B, 0x1D, 0x2A, 0x61, 0x26,
    0x35, 0x49, 0x1C, 0x29, 0x64, 0x27, 0x36, 0x16, 0x0C, 0x17, 0x45, 0x1B, 0x28, 0x66, 0x28, 0x37,
    0x0C, 0x0A, 0x15, 0x11, 0x0B, 0x16, 0x18, 0x0C, 0x17, 0x0B, 0x0A, 0x15, 0x3C, 0x17, 0x24, 0x6B,
    0x2A, 0x3A, 0x0C, 0x0A, 0x15, 0x0C, 0x0A, 0x15, 0x0F, 0x0B, 0x16, 0x18, 0x0C, 0x18, 0x0C, 0x0A,
    0x15, 0x0C, 0x0A, 0x15, 0x0A, 0x0A, 0x15, 0x0C, 0x0A, 0x15, 0x0C, 0x0A, 0x15, 0x0E, 0x0A, 0x15,
    0x1A, 0x0D, 0x18, 0x0C, 0x0A, 0x15, 0x0C, 0x0A, 0x15, 0x0C, 0x0A, 0x15, 0x0C, 0x0A, 0x15, 0x0C,
    0x0A, 0x15, 0x0C, 0x0A, 0x15, 0x0C, 0x0A, 0x15, 0x0C, 0x0A, 0x15, 0x0C, 0x0A, 0x15, 0x0C, 0x0A,
    0x15, 0x0C, 0x0A, 0x15, 0x0C, 0x0A, 0x15, 0x0C, 0x0A, 0x15, 0x0C, 0x0A, 0x15, 0x0C, 0x0A, 0x15,
    0x0C, 0x0A, 0x15, 0x0C, 0x0A, 0x15, 0x0C, 0x0A, 0x15, 0x0C, 0x0A, 0x15, 0x0C, 0x0A, 0x15, 0x0C,
    0x0A, 0x15, 0x0C, 0x0A, 0x15, 0x0C, 0x0A, 0x15, 0x0C, 0x0A, 0x15, 0x0C, 0x0A, 0x15, 0x0C, 0x0A,
    0x15, 0x0C, 0x0A, 0x15, 0x0C, 0x0A, 0x15, 0x0C, 0x0A, 0x15, 0x0C, 0x0A, 0x15, 0x0C, 0x0A, 0x15,
    0x0C, 0x0A, 0x15, 0x0C, 0x0A, 0x15, 0x0C, 0x0A, 0x15, 0x0C, 0x0A, 0x15, 0x0C, 0x0A, 0x15, 0x0C,
    0x0A, 0x15, 0x0C, 0x0A, 0x15, 0x0C, 0x0A, 0x15, 0x0C, 0x0A, 0x15, 0x0C, 0x0A, 0x15, 0x0C, 0x0A,
    0x15, 0x0C, 0x0A, 0x15, 0x0C, 0x0A, 0x15, 0x0C, 0x0A, 0x15, 0x0C, 0x0A, 0x15, 0x0C, 0x0A, 0x15,
    0x0C, 0x0A, 0x15, 0x0C, 0x0A, 0x15, 0x0C, 0x0A, 0x15, 0x0C, 0x0A, 0x15, 0x0C, 0x0A, 0x15, 0x0C,
    0x0A, 0x15, 0x0C, 0x0A, 0x15, 0x0C, 0x0A, 0x15, 0x0C, 0x0A, 0x15, 0x0C, 0x0A, 0x15, 0x0C, 0x0A,
    0x15, 0x0C, 0x0A, 0x15, 0x0C, 0x0A, 0x15, 0x0C, 0x0A, 0x15, 0x0C, 0x0A, 0x15, 0x0C, 0x0A, 0x15,
    0x0C, 0x0A, 0x15, 0x0C, 0x0A, 0x15, 0x0C, 0x0A, 0x15, 0x0C, 0x0A, 0x15, 0x0C, 0x0A, 0x15, 0x0C,
    0x0A, 0x15, 0x0C, 0x0A, 0x15, 0x0C, 0x0A, 0x15, 0x0C, 0x0A, 0x15, 0x0C, 0x0A, 0x15, 0x0C, 0x0A,
    0x15, 0x0C, 0x0A, 0x15, 0x0C, 0x0A, 0x15, 0x0C, 0x0A, 0x15, 0x0C, 0x0A, 0x15, 0x0C, 0x0A, 0x15,
    0x0C, 0x0A, 0x15, 0x0C, 0x0A, 0x15, 0x0C, 0x0A, 0x15, 0x0B, 0x0A, 0x15, 0x0C, 0x0A, 0x15, 0x0C,
    0x0A, 0x15, 0x0C, 0x0A, 0x15, 0x0C, 0x0A, 0x15, 0x0C, 0x0A, 0x15, 0x0C, 0x0A, 0x15, 0x0C, 0x0A,
    0x15, 0x0C, 0x0A, 0x15, 0x0C, 0x0A, 0x15, 0x0C, 0x0A, 0x15, 0x0C, 0x0A, 0x15, 0x0C, 0x0A, 0x15,
    0x0C, 0x0A, 0x15, 0x0C, 0x0A, 0x15, 0x20, 0x13, 0x1F, 0x67, 0x2A, 0x39, 0x78, 0x2F, 0x40, 0x49,
    0x1C, 0x2A, 0x0F, 0x0B, 0x16, 0x62, 0x26, 0x35, 0x4B, 0x1D, 0x2A, 0x0A, 0x0A, 0x15, 0x0B, 0x0A,
    0x15, 0x5F, 0x25, 0x34, 0x78, 0x2F, 0x40, 0x5E, 0x25, 0x34, 0x0A, 0x0A, 0x15, 0x10, 0x0B, 0x16,
    0x16, 0x0C, 0x17, 0x13, 0x0B, 0x16, 0x10, 0x0B, 0x16, 0x49, 0x1D, 0x2A, 0x64, 0x27, 0x37, 0x0C,
    0x0A, 0x15, 0x0B, 0x0A, 0x15, 0x0C, 0x0A, 0x15, 0x41, 0x19, 0x26, 0x69, 0x29, 0x39, 0x15, 0x0C,
    0x17, 0x0C, 0x0A, 0x15, 0x0E, 0x0A, 0x15, 0x15, 0x0C, 0x17, 0x0C, 0x0A, 0x15, 0x36, 0x16, 0x22,
    0x6E, 0x2B, 0x3B, 0x0C, 0x0A, 0x15, 0x0C, 0x0A, 0x15, 0x0C, 0x0A, 0x15, 0x0C, 0x0A, 0x15, 0x0C,
    0x0A, 0x15, 0x27, 0x10, 0x1C, 0x74, 0x2E, 0x3E, 0x0A, 0x0A, 0x15, 0x0C, 0x0A, 0x15, 0x0C, 0x0A,
    0x15, 0x0C, 0x0A, 0x15, 0x0C, 0x0A, 0x15, 0x0C, 0x0A, 0x15, 0x0C, 0x0A, 0x15, 0x0C, 0x0A, 0x15,
    0x0C, 0x0A, 0x15, 0x0C, 0x0A, 0x15, 0x0C, 0x0A, 0x15, 0x0C, 0x0A, 0x15, 0x0C, 0x0A, 0x15, 0x0C,
    0x0A, 0x15, 0x0C, 0x0A, 0x15, 0x0C, 0x0A, 0x15, 0x0C, 0x0A, 0x15, 0x0C, 0x0A, 0x15, 0x0C, 0x0A,
    0x15, 0x0C, 0x0A, 0x15, 0x0C, 0x0A, 0x15, 0x0C, 0x0A, 0x15, 0x0C, 0x0A, 0x15, 0x0C, 0x0A, 0x15,
    0x0C, 0x0A, 0x15, 0x0C, 0x0A, 0x15, 0x0C, 0x0A, 0x15, 0x0C, 0x0A, 0x15, 0x0C, 0x0A, 0x15, 0x0C,
    0x0A, 0x15, 0x0C, 0x0A, 0x15, 0x0C, 0x0A, 0x15, 0x0C, 0x0A, 0x15, 0x0C, 0x0A, 0x15, 0x0C, 0x0A,
    0x15, 0x0C, 0x0A, 0x15, 0x0C, 0x0A, 0x15, 0x0C, 0x0A, 0x15, 0x0C, 0x0A, 0x15, 0x0C, 0x0A, 0x15,
    0x0C, 0x0A, 0x15, 0x0C, 0x0A, 0x15, 0x0C, 0x0A, 0x15, 0x0C, 0x0A, 0x15, 0x0C, 0x0A, 0x15, 0x0C,
    0x0A, 0x15, 0x0C, 0x0A, 0x15, 0x0C, 0x0A, 0x15, 0x0C, 0x0A, 0x15, 0x0C, 0x0A, 0x15, 0x0C, 0x0A,
    0x15, 0x0C, 0x0A, 0x15, 0x0C, 0x0A, 0x15, 0x0C, 0x0A, 0x15, 0x0C, 0x0A, 0x15, 0x0C, 0x0A, 0x15,
    0x0C, 0x0A, 0x15, 0x0C, 0x0A, 0x15, 0x0C, 0x0A, 0x15, 0x0C, 0x0A, 0x15, 0x0C, 0x0A, 0x15, 0x0C,
    0x0A, 0x15, 0x0C, 0x0A, 0x15, 0x0C, 0x0A, 0x15, 0x0C, 0x0A, 0x15, 0x0C, 0x0A, 0x15, 0x0C, 0x0A,
    0x15, 0x0C, 0x0A, 0x15, 0x0C, 0x0A, 0x15, 0x0C, 0x0A, 0x15, 0x0C, 0x0A, 0x15, 0x0C, 0x0A, 0x15,
    0x0C, 0x0A, 0x15, 0x0C, 0x0A, 0x15, 0x0C, 0x0A, 0x15, 0x0C, 0x0A, 0x15, 0x0C, 0x0A, 0x15, 0x0C,
    0x0A, 0x15, 0x0C, 0x0A, 0x15, 0x0C, 0x0A, 0x15, 0x0C, 0x0A, 0x15, 0x0C, 0x0A, 0x15, 0x0C, 0x0A,
    0x15, 0x0C, 0x0A, 0x15, 0x0C, 0x0A, 0x15, 0x0C, 0x0A, 0x15, 0x0C, 0x0A, 0x15, 0x0C, 0x0A, 0x15,
    0x0C, 0x0A, 0x15, 0x0C, 0x0A, 0x15, 0x0C, 0x0A, 0x15, 0x0C, 0x0A, 0x15, 0x0C, 0x0A, 0x15, 0x0C,
    0x0A, 0x15, 0x0C, 0x0A, 0x15, 0x0C, 0x0A, 0x15, 0x0C, 0x0A, 0x15, 0xAD, 0x6B, 0x8D, 0x75, 0x47,
    0x60, 0x0C, 0x0A, 0x15, 0x65, 0x28, 0x37, 0x4A, 0x1D, 0x2A, 0x13, 0x0B, 0x16, 0x0F, 0x0A, 0x15,
    0x11, 0x0B, 0x16, 0x13, 0x0B, 0x16, 0x0F, 0x0B, 0x16, 0x10, 0x0B, 0x16, 0x11, 0x0B, 0x16, 0x0C,
    0x0A, 0x15, 0x4E, 0x1E, 0x2C, 0x79, 0x30, 0x41, 0x62, 0x27, 0x36, 0x4B, 0x1D, 0x2B, 0x65, 0x27,
    0x37, 0x0F, 0x0A, 0x15, 0x11, 0x0B, 0x16, 0x0C, 0x0A, 0x15, 0x0C, 0x0A, 0x15, 0x0C, 0x0A, 0x15,
    0x40, 0x19, 0x25, 0x6A, 0x2A, 0x39, 0x0C, 0x0A, 0x15, 0x3B, 0x17, 0x24, 0x6D, 0x2B, 0x3B, 0x0C,
    0x0A, 0x15, 0x0C, 0x0A, 0x15, 0x0C, 0x0A, 0x15, 0x0C, 0x0A, 0x15, 0x0C, 0x0A, 0x15, 0x0C, 0x0A,
    0x15, 0x0C, 0x0A, 0x15, 0x0C, 0x0A, 0x15, 0x0C, 0x0A, 0x15, 0x0C, 0x0A, 0x15, 0x0C, 0x0A, 0x15,
    0x0C, 0x0A, 0x15, 0x0C, 0x0A, 0x15, 0x0C, 0x0A, 0x15, 0x0C, 0x0A, 0x15, 0x0C, 0x0A, 0x15, 0x0C,
    0x0A, 0x15, 0x0C, 0x0A, 0x15, 0x0C, 0x0A, 0x15, 0x0C, 0x0A, 0x15, 0x0C, 0x0A, 0x15, 0x0C, 0x0A,
    0x15, 0x0C, 0x0A, 0x15, 0x0C, 0x0A, 0x15, 0x0C, 0x0A, 0x15, 0x0C, 0x0A, 0x15, 0x0C, 0x0A, 0x15,
    0x0C, 0x0A, 0x15, 0x0C, 0x0A, 0x15, 0x0C, 0x0A, 0x15, 0x0C, 0x0A, 0x15, 0x0C, 0x0A, 0x15, 0x0C,
    0x0A, 0x15, 0x0C, 0x0A, 0x15, 0x0C, 0x0A, 0x15, 0x0C, 0x0A, 0x15, 0x0C, 0x0A, 0x15, 0x0C, 0x0A,
    0x15, 0x0C, 0x0A, 0x15, 0x0C, 0x0A, 0x15, 0x0C, 0x0A, 0x15, 0x0C, 0x0A, 0x15, 0x0C, 0x0A, 0x15,
    0x0C, 0x0A, 0x15, 0x0C, 0x0A, 0x15, 0x0C, 0x0A, 0x15, 0x0C, 0x0A, 0x15, 0x0C, 0x0A, 0x15, 0x0C,
    0x0A, 0x15, 0x0C, 0x0A, 0x15, 0x0C, 0x0A, 0x15, 0x0C, 0x0A, 0x15, 0x0C, 0x0A, 0x15, 0x0C, 0x0A,
    0x15, 0x0C, 0x0A, 0x15, 0x0C, 0x0A, 0x15, 0x0C, 0x0A, 0x15, 0x0C, 0x0A, 0x15, 0x0C, 0x0A, 0x15,
    0x0C, 0x0A, 0x15, 0x0C, 0x0A, 0x15, 0x0C, 0x0A, 0x15, 0x0C, 0x0A, 0x15, 0x0C, 0x0A, 0x15, 0x0C,
    0x0A, 0x15, 0x0C, 0x0A, 0x15, 0x0C, 0x0A, 0x15, 0x0C, 0x0A, 0x15, 0x0C, 0x0A, 0x15, 0x0C, 0x0A,
    0x15, 0x0C, 0x0A, 0x15, 0x0C, 0x0A, 0x15, 0x0C, 0x0A, 0x15, 0x0C, 0x0A, 0x15, 0x0C, 0x0A, 0x15,
    0x0C, 0x0A, 0x15, 0x0C, 0x0A, 0x15, 0x0C, 0x0A, 0x15, 0x0C, 0x0A, 0x15, 0x0C, 0x0A, 0x15, 0x0C,
    0x0A, 0x15, 0x0C, 0x0A, 0x15, 0x0C, 0x0A, 0x15, 0x0C, 0x0A, 0x15, 0x0C, 0x0A, 0x15, 0x0C, 0x0A,
    0x15, 0x0C, 0x0A, 0x15, 0x0C, 0x0A, 0x15, 0x0C, 0x0A, 0x15, 0x0C, 0x0A, 0x15, 0x0C, 0x0A, 0x15,
    0x0C, 0x0A, 0x15, 0x0C, 0x0A, 0x15, 0x0C, 0x0A, 0x15, 0x0C, 0x0A, 0x15, 0x0C, 0x0A, 0x15, 0x0C,
    0x0A, 0x15, 0x0C, 0x0A, 0x15, 0x0C, 0x0A, 0x15, 0x0C, 0x0A, 0x15, 0x0C, 0x0A, 0x15, 0x0C, 0x0A,
    0x15, 0x0C, 0x0A, 0x15, 0x0C, 0x0A, 0x15, 0x0C, 0x0A, 0x15, 0x0C, 0x0A, 0x15, 0x0C, 0x0A, 0x15,
    0xAD, 0x6B, 0x8D, 0x75, 0x47, 0x60, 0x0C, 0x0A, 0x15, 0x65, 0x28, 0x37, 0x79, 0x30, 0x41, 0x79,
    0x30, 0x41, 0x4C, 0x1E, 0x2B, 0x61, 0x26, 0x35, 0x79, 0x30, 0x41, 0x4F, 0x1F, 0x2C, 0x5F, 0x25,
    0x34, 0x5F, 0x25, 0x34, 0x0C, 0x0A, 0x15, 0x4E, 0x1E, 0x2C, 0x62, 0x26, 0x35, 0x4B, 0x1D, 0x2B,
    0x79, 0x30, 0x41, 0x65, 0x27, 0x37, 0x47, 0x1C, 0x29, 0x66, 0x28, 0x37, 0x0C, 0x0A, 0x15, 0x0C,
    0x0A, 0x15, 0x0C, 0x0A, 0x15, 0x0C, 0x0A, 0x15, 0x0D, 0x0A, 0x15, 0x0C, 0x0A, 0x15, 0x3B, 0x17,
    0x24, 0x6D, 0x2B, 0x3B, 0x0C, 0x0A, 0x15, 0x0C, 0x0A, 0x15, 0x0C, 0x0A, 0x15, 0x0C, 0x0A, 0x15,
    0x0C, 0x0A, 0x15, 0x0C, 0x0A, 0x15, 0x0C, 0x0A, 0x15, 0x0C, 0x0A, 0x15, 0x0C, 0x0A, 0x15, 0x0C,
    0x0A, 0x15, 0x0C, 0x0A, 0x15, 0x0C, 0x0A, 0x15, 0x0C, 0x0A, 0x15, 0x0C, 0x0A, 0x15, 0x0C, 0x0A,
    0x15, 0x0C, 0x0A, 0x15, 0x0C, 0x0A, 0x15, 0x0C, 0x0A, 0x15, 0x0C, 0x0A, 0x15, 0x0C, 0x0A, 0x15,
    0x0C, 0x0A, 0x15, 0x0C, 0x0A, 0x15, 0x0C, 0x0A, 0x15, 0x0C, 0x0A, 0x15, 0x0C, 0x0A, 0x15, 0x0C,
    0x0A, 0x15, 0x0C, 0x0A, 0x15, 0x0C, 0x0A, 0x15, 0x0C, 0x0A, 0x15, 0x0C, 0x0A, 0x15, 0x0C, 0x0A,
    0x15, 0x0C, 0x0A, 0x15, 0x0C, 0x0A, 0x15, 0x0C, 0x0A, 0x15, 0x0C, 0x0A, 0x15, 0x0C, 0x0A, 0x15,
    0x0C, 0x0A, 0x15, 0x0C, 0x0A, 0x15, 0x0C, 0x0A, 0x15, 0x0C, 0x0A, 0x15, 0x0C, 0x0A, 0x15, 0x0C,
    0x0A, 0x15, 0x0C, 0x0A, 0x15, 0x0C, 0x0A, 0x15, 0x0C, 0x0A, 0x15, 0x0C, 0x0A, 0x15, 0x0C, 0x0A,
    0x15, 0x0C, 0x0A, 0x15, 0x0C, 0x0A, 0x15, 0x0C, 0x0A, 0x15, 0x0C, 0x0A, 0x15, 0x0C, 0x0A, 0x15,
    0x0C, 0x0A, 0x15, 0x0C, 0x0A, 0x15, 0x0C, 0x0A, 0x15, 0x0C, 0x0A, 0x15, 0x0C, 0x0A, 0x15, 0x0C,
    0x0A, 0x15, 0x0C, 0x0A, 0x15, 0x0C, 0x0A, 0x15, 0x0C, 0x0A, 0x15, 0x0C, 0x0A, 0x15, 0x0C, 0x0A,
    0x15, 0x0C, 0x0A, 0x15, 0x0C, 0x0A, 0x15, 0x0C, 0x0A, 0x15, 0x0C, 0x0A, 0x15, 0x0C, 0x0A, 0x15,
    0x0C, 0x0A, 0x15, 0x0C, 0x0A, 0x15, 0x0C, 0x0A, 0x15, 0x0C, 0x0A, 0x15, 0x0C, 0x0A, 0x15, 0x0C,
    0x0A, 0x15, 0x0C, 0x0A, 0x15, 0x0C, 0x0A, 0x15, 0x0C, 0x0A, 0x15, 0x0C, 0x0A, 0x15, 0x0C, 0x0A,
    0x15, 0x0C, 0x0A, 0x15, 0x0C, 0x0A, 0x15, 0x0C, 0x0A, 0x15, 0x0C, 0x0A, 0x15, 0x0C, 0x0A, 0x15,
};
// clang-format on
